code;image_key;zone;group;part;applies_to;name_in_crm;cost_rub;price_rub
BODY-FRONT-01-G;front-cover;Кузов;Передняя часть;Облицовка передняя (клюв);Yamaha Gear 4T;Облицовка передняя (клюв) — Yamaha Gear 4T;3300;4300
BODY-FRONT-01-J;front-cover;Кузов;Передняя часть;Облицовка передняя (клюв);Yamaha Jog 4T;Облицовка передняя (клюв) — Yamaha Jog 4T;2800;3800
BODY-FRONT-01-A;front-cover;Кузов;Передняя часть;Облицовка передняя (клюв);Yamaha Jog AY01;Облицовка передняя (клюв) — Yamaha Jog AY01;3450;4500
BODY-FRONT-01-D;front-cover;Кузов;Передняя часть;Облицовка передняя (клюв);Honda Dio AF62/68;Облицовка передняя (клюв) — Honda Dio AF62/68;3450;4500
BODY-FRONT-01-T;front-cover;Кузов;Передняя часть;Облицовка передняя (клюв);Tank T150;Облицовка передняя (клюв) — Tank T150;1800;2450
BODY-FRONT-02-G;leg-shield;Кузов;Передняя часть;Щиток передний внутренний (под колени);Yamaha Gear 4T;Щиток передний внутренний (под колени) — Yamaha Gear 4T;2600;3550
BODY-FRONT-02-J;leg-shield;Кузов;Передняя часть;Щиток передний внутренний (под колени);Yamaha Jog 4T;Щиток передний внутренний (под колени) — Yamaha Jog 4T;2200;3000
BODY-FRONT-02-A;leg-shield;Кузов;Передняя часть;Щиток передний внутренний (под колени);Yamaha Jog AY01;Щиток передний внутренний (под колени) — Yamaha Jog AY01;2750;3750
BODY-FRONT-02-D;leg-shield;Кузов;Передняя часть;Щиток передний внутренний (под колени);Honda Dio AF62/68;Щиток передний внутренний (под колени) — Honda Dio AF62/68;2750;3750
BODY-FRONT-02-T;leg-shield;Кузов;Передняя часть;Щиток передний внутренний (под колени);Tank T150;Щиток передний внутренний (под колени) — Tank T150;1450;2000
BODY-FRONT-03-G;front-lower-cover;Кузов;Передняя часть;Подклювник (нижняя облицовка);Yamaha Gear 4T;Подклювник (нижняя облицовка) — Yamaha Gear 4T;2000;2700
BODY-FRONT-03-J;front-lower-cover;Кузов;Передняя часть;Подклювник (нижняя облицовка);Yamaha Jog 4T;Подклювник (нижняя облицовка) — Yamaha Jog 4T;1700;2300
BODY-FRONT-03-A;front-lower-cover;Кузов;Передняя часть;Подклювник (нижняя облицовка);Yamaha Jog AY01;Подклювник (нижняя облицовка) — Yamaha Jog AY01;2100;2850
BODY-FRONT-03-D;front-lower-cover;Кузов;Передняя часть;Подклювник (нижняя облицовка);Honda Dio AF62/68;Подклювник (нижняя облицовка) — Honda Dio AF62/68;2100;2850
BODY-FRONT-03-T;front-lower-cover;Кузов;Передняя часть;Подклювник (нижняя облицовка);Tank T150;Подклювник (нижняя облицовка) — Tank T150;1100;1500
BODY-FRONT-04-G;front-fender;Кузов;Передняя часть;Крыло переднее;Yamaha Gear 4T;Крыло переднее — Yamaha Gear 4T;1800;2450
BODY-FRONT-04-J;front-fender;Кузов;Передняя часть;Крыло переднее;Yamaha Jog 4T;Крыло переднее — Yamaha Jog 4T;1550;2100
BODY-FRONT-04-A;front-fender;Кузов;Передняя часть;Крыло переднее;Yamaha Jog AY01;Крыло переднее — Yamaha Jog AY01;1900;2600
BODY-FRONT-04-D;front-fender;Кузов;Передняя часть;Крыло переднее;Honda Dio AF62/68;Крыло переднее — Honda Dio AF62/68;1900;2600
BODY-FRONT-04-T;front-fender;Кузов;Передняя часть;Крыло переднее;Tank T150;Крыло переднее — Tank T150;1000;1350
BODY-FRONT-05-G;front-emblem;Кузов;Передняя часть;Эмблема на облицовке;Yamaha Gear 4T;Эмблема на облицовке — Yamaha Gear 4T;500;700
BODY-FRONT-05-J;front-emblem;Кузов;Передняя часть;Эмблема на облицовке;Yamaha Jog 4T;Эмблема на облицовке — Yamaha Jog 4T;400;600
BODY-FRONT-05-A;front-emblem;Кузов;Передняя часть;Эмблема на облицовке;Yamaha Jog AY01;Эмблема на облицовке — Yamaha Jog AY01;500;700
BODY-FRONT-05-D;front-emblem;Кузов;Передняя часть;Эмблема на облицовке;Honda Dio AF62/68;Эмблема на облицовке — Honda Dio AF62/68;500;700
BODY-FRONT-05-T;front-emblem;Кузов;Передняя часть;Эмблема на облицовке;Tank T150;Эмблема на облицовке — Tank T150;300;450
BODY-FRONT-06-G;front-grille;Кузов;Передняя часть;Накладка (решётка) передней облицовки;Yamaha Gear 4T;Накладка (решётка) передней облицовки — Yamaha Gear 4T;700;950
BODY-FRONT-06-J;front-grille;Кузов;Передняя часть;Накладка (решётка) передней облицовки;Yamaha Jog 4T;Накладка (решётка) передней облицовки — Yamaha Jog 4T;600;850
BODY-FRONT-06-A;front-grille;Кузов;Передняя часть;Накладка (решётка) передней облицовки;Yamaha Jog AY01;Накладка (решётка) передней облицовки — Yamaha Jog AY01;750;1050
BODY-FRONT-06-D;front-grille;Кузов;Передняя часть;Накладка (решётка) передней облицовки;Honda Dio AF62/68;Накладка (решётка) передней облицовки — Honda Dio AF62/68;750;1050
BODY-FRONT-06-T;front-grille;Кузов;Передняя часть;Накладка (решётка) передней облицовки;Tank T150;Накладка (решётка) передней облицовки — Tank T150;400;600
BODY-FRONT-07-G;front-cover-bracket;Кузов;Передняя часть;Кронштейн передней облицовки;Yamaha Gear 4T;Кронштейн передней облицовки — Yamaha Gear 4T;600;850
BODY-FRONT-07-J;front-cover-bracket;Кузов;Передняя часть;Кронштейн передней облицовки;Yamaha Jog 4T;Кронштейн передней облицовки — Yamaha Jog 4T;500;700
BODY-FRONT-07-A;front-cover-bracket;Кузов;Передняя часть;Кронштейн передней облицовки;Yamaha Jog AY01;Кронштейн передней облицовки — Yamaha Jog AY01;650;900
BODY-FRONT-07-D;front-cover-bracket;Кузов;Передняя часть;Кронштейн передней облицовки;Honda Dio AF62/68;Кронштейн передней облицовки — Honda Dio AF62/68;650;900
BODY-FRONT-07-T;front-cover-bracket;Кузов;Передняя часть;Кронштейн передней облицовки;Tank T150;Кронштейн передней облицовки — Tank T150;350;550
BODY-FRONT-08-U;horn-cover;Кузов;Передняя часть;Накладка звукового сигнала;все модели;Накладка звукового сигнала — все модели;300;450
BODY-HANDLE-01-G;handle-cover-front;Кузов;Руль и приборная панель;Обтекатель руля передний;Yamaha Gear 4T;Обтекатель руля передний — Yamaha Gear 4T;2200;3000
BODY-HANDLE-01-J;handle-cover-front;Кузов;Руль и приборная панель;Обтекатель руля передний;Yamaha Jog 4T;Обтекатель руля передний — Yamaha Jog 4T;1850;2500
BODY-HANDLE-01-A;handle-cover-front;Кузов;Руль и приборная панель;Обтекатель руля передний;Yamaha Jog AY01;Обтекатель руля передний — Yamaha Jog AY01;2300;3150
BODY-HANDLE-01-D;handle-cover-front;Кузов;Руль и приборная панель;Обтекатель руля передний;Honda Dio AF62/68;Обтекатель руля передний — Honda Dio AF62/68;2300;3150
BODY-HANDLE-01-T;handle-cover-front;Кузов;Руль и приборная панель;Обтекатель руля передний;Tank T150;Обтекатель руля передний — Tank T150;1200;1650
BODY-HANDLE-02-G;handle-cover-rear;Кузов;Руль и приборная панель;Обтекатель руля задний (крышка руля);Yamaha Gear 4T;Обтекатель руля задний (крышка руля) — Yamaha Gear 4T;1500;2050
BODY-HANDLE-02-J;handle-cover-rear;Кузов;Руль и приборная панель;Обтекатель руля задний (крышка руля);Yamaha Jog 4T;Обтекатель руля задний (крышка руля) — Yamaha Jog 4T;1300;1800
BODY-HANDLE-02-A;handle-cover-rear;Кузов;Руль и приборная панель;Обтекатель руля задний (крышка руля);Yamaha Jog AY01;Обтекатель руля задний (крышка руля) — Yamaha Jog AY01;1600;2200
BODY-HANDLE-02-D;handle-cover-rear;Кузов;Руль и приборная панель;Обтекатель руля задний (крышка руля);Honda Dio AF62/68;Обтекатель руля задний (крышка руля) — Honda Dio AF62/68;1600;2200
BODY-HANDLE-02-T;handle-cover-rear;Кузов;Руль и приборная панель;Обтекатель руля задний (крышка руля);Tank T150;Обтекатель руля задний (крышка руля) — Tank T150;850;1150
BODY-HANDLE-03-G;meter-frame;Кузов;Руль и приборная панель;Рамка приборной панели;Yamaha Gear 4T;Рамка приборной панели — Yamaha Gear 4T;900;1250
BODY-HANDLE-03-J;meter-frame;Кузов;Руль и приборная панель;Рамка приборной панели;Yamaha Jog 4T;Рамка приборной панели — Yamaha Jog 4T;750;1050
BODY-HANDLE-03-A;meter-frame;Кузов;Руль и приборная панель;Рамка приборной панели;Yamaha Jog AY01;Рамка приборной панели — Yamaha Jog AY01;950;1300
BODY-HANDLE-03-D;meter-frame;Кузов;Руль и приборная панель;Рамка приборной панели;Honda Dio AF62/68;Рамка приборной панели — Honda Dio AF62/68;950;1300
BODY-HANDLE-03-T;meter-frame;Кузов;Руль и приборная панель;Рамка приборной панели;Tank T150;Рамка приборной панели — Tank T150;500;700
BODY-HANDLE-04-G;windscreen;Кузов;Руль и приборная панель;Ветровое стекло (козырёк);Yamaha Gear 4T;Ветровое стекло (козырёк) — Yamaha Gear 4T;1600;2200
BODY-HANDLE-04-T;windscreen;Кузов;Руль и приборная панель;Ветровое стекло (козырёк);Tank T150;Ветровое стекло (козырёк) — Tank T150;1200;1650
BODY-HANDLE-05-U;windscreen-screws;Кузов;Руль и приборная панель;Крепёж ветрового стекла (комплект);все модели;Крепёж ветрового стекла (комплект) — все модели;200;300
BODY-MIDDLE-01-G;floor-board;Кузов;Средняя часть и пол;Пол (подножка водителя);Yamaha Gear 4T;Пол (подножка водителя) — Yamaha Gear 4T;3000;3900
BODY-MIDDLE-01-J;floor-board;Кузов;Средняя часть и пол;Пол (подножка водителя);Yamaha Jog 4T;Пол (подножка водителя) — Yamaha Jog 4T;2550;3450
BODY-MIDDLE-01-A;floor-board;Кузов;Средняя часть и пол;Пол (подножка водителя);Yamaha Jog AY01;Пол (подножка водителя) — Yamaha Jog AY01;3150;4100
BODY-MIDDLE-01-D;floor-board;Кузов;Средняя часть и пол;Пол (подножка водителя);Honda Dio AF62/68;Пол (подножка водителя) — Honda Dio AF62/68;3150;4100
BODY-MIDDLE-01-T;floor-board;Кузов;Средняя часть и пол;Пол (подножка водителя);Tank T150;Пол (подножка водителя) — Tank T150;1650;2250
BODY-MIDDLE-02-G;side-skirts;Кузов;Средняя часть и пол;Лыжи боковые нижние (пара);Yamaha Gear 4T;Лыжи боковые нижние (пара) — Yamaha Gear 4T;2400;3250
BODY-MIDDLE-02-J;side-skirts;Кузов;Средняя часть и пол;Лыжи боковые нижние (пара);Yamaha Jog 4T;Лыжи боковые нижние (пара) — Yamaha Jog 4T;2050;2800
BODY-MIDDLE-02-A;side-skirts;Кузов;Средняя часть и пол;Лыжи боковые нижние (пара);Yamaha Jog AY01;Лыжи боковые нижние (пара) — Yamaha Jog AY01;2500;3400
BODY-MIDDLE-02-D;side-skirts;Кузов;Средняя часть и пол;Лыжи боковые нижние (пара);Honda Dio AF62/68;Лыжи боковые нижние (пара) — Honda Dio AF62/68;2500;3400
BODY-MIDDLE-02-T;side-skirts;Кузов;Средняя часть и пол;Лыжи боковые нижние (пара);Tank T150;Лыжи боковые нижние (пара) — Tank T150;1300;1800
BODY-MIDDLE-03-G;floor-mat;Кузов;Средняя часть и пол;Коврик пола резиновый;Yamaha Gear 4T;Коврик пола резиновый — Yamaha Gear 4T;700;950
BODY-MIDDLE-03-J;floor-mat;Кузов;Средняя часть и пол;Коврик пола резиновый;Yamaha Jog 4T;Коврик пола резиновый — Yamaha Jog 4T;600;850
BODY-MIDDLE-03-A;floor-mat;Кузов;Средняя часть и пол;Коврик пола резиновый;Yamaha Jog AY01;Коврик пола резиновый — Yamaha Jog AY01;750;1050
BODY-MIDDLE-03-D;floor-mat;Кузов;Средняя часть и пол;Коврик пола резиновый;Honda Dio AF62/68;Коврик пола резиновый — Honda Dio AF62/68;750;1050
BODY-MIDDLE-03-T;floor-mat;Кузов;Средняя часть и пол;Коврик пола резиновый;Tank T150;Коврик пола резиновый — Tank T150;400;600
BODY-MIDDLE-04-G;glovebox;Кузов;Средняя часть и пол;Карман (бардачок) внутреннего щитка;Yamaha Gear 4T;Карман (бардачок) внутреннего щитка — Yamaha Gear 4T;4800;6250
BODY-MIDDLE-04-J;glovebox;Кузов;Средняя часть и пол;Карман (бардачок) внутреннего щитка;Yamaha Jog 4T;Карман (бардачок) внутреннего щитка — Yamaha Jog 4T;4100;5350
BODY-MIDDLE-04-A;glovebox;Кузов;Средняя часть и пол;Карман (бардачок) внутреннего щитка;Yamaha Jog AY01;Карман (бардачок) внутреннего щитка — Yamaha Jog AY01;5050;6600
BODY-MIDDLE-04-D;glovebox;Кузов;Средняя часть и пол;Карман (бардачок) внутреннего щитка;Honda Dio AF62/68;Карман (бардачок) внутреннего щитка — Honda Dio AF62/68;5050;6600
BODY-MIDDLE-04-T;glovebox;Кузов;Средняя часть и пол;Карман (бардачок) внутреннего щитка;Tank T150;Карман (бардачок) внутреннего щитка — Tank T150;2650;3600
BODY-MIDDLE-05-G;glovebox-lid;Кузов;Средняя часть и пол;Крышка бардачка;Yamaha Gear 4T;Крышка бардачка — Yamaha Gear 4T;700;950
BODY-MIDDLE-05-J;glovebox-lid;Кузов;Средняя часть и пол;Крышка бардачка;Yamaha Jog 4T;Крышка бардачка — Yamaha Jog 4T;600;850
BODY-MIDDLE-05-A;glovebox-lid;Кузов;Средняя часть и пол;Крышка бардачка;Yamaha Jog AY01;Крышка бардачка — Yamaha Jog AY01;750;1050
BODY-MIDDLE-05-D;glovebox-lid;Кузов;Средняя часть и пол;Крышка бардачка;Honda Dio AF62/68;Крышка бардачка — Honda Dio AF62/68;750;1050
BODY-MIDDLE-05-T;glovebox-lid;Кузов;Средняя часть и пол;Крышка бардачка;Tank T150;Крышка бардачка — Tank T150;400;600
BODY-MIDDLE-06-U;glovebox-lock;Кузов;Средняя часть и пол;Замок бардачка;все модели;Замок бардачка — все модели;450;700
BODY-MIDDLE-07-U;bag-hook;Кузов;Средняя часть и пол;Крючок для сумки;все модели;Крючок для сумки — все модели;250;400
BODY-MIDDLE-08-G;battery-lid;Кузов;Средняя часть и пол;Лючок аккумулятора;Yamaha Gear 4T;Лючок аккумулятора — Yamaha Gear 4T;600;850
BODY-MIDDLE-08-J;battery-lid;Кузов;Средняя часть и пол;Лючок аккумулятора;Yamaha Jog 4T;Лючок аккумулятора — Yamaha Jog 4T;500;700
BODY-MIDDLE-08-A;battery-lid;Кузов;Средняя часть и пол;Лючок аккумулятора;Yamaha Jog AY01;Лючок аккумулятора — Yamaha Jog AY01;650;900
BODY-MIDDLE-08-D;battery-lid;Кузов;Средняя часть и пол;Лючок аккумулятора;Honda Dio AF62/68;Лючок аккумулятора — Honda Dio AF62/68;650;900
BODY-MIDDLE-08-T;battery-lid;Кузов;Средняя часть и пол;Лючок аккумулятора;Tank T150;Лючок аккумулятора — Tank T150;350;550
BODY-MIDDLE-09-G;fuel-lid;Кузов;Средняя часть и пол;Лючок бензобака;Yamaha Gear 4T;Лючок бензобака — Yamaha Gear 4T;500;700
BODY-MIDDLE-09-J;fuel-lid;Кузов;Средняя часть и пол;Лючок бензобака;Yamaha Jog 4T;Лючок бензобака — Yamaha Jog 4T;400;600
BODY-MIDDLE-09-A;fuel-lid;Кузов;Средняя часть и пол;Лючок бензобака;Yamaha Jog AY01;Лючок бензобака — Yamaha Jog AY01;500;700
BODY-MIDDLE-09-D;fuel-lid;Кузов;Средняя часть и пол;Лючок бензобака;Honda Dio AF62/68;Лючок бензобака — Honda Dio AF62/68;500;700
BODY-MIDDLE-09-T;fuel-lid;Кузов;Средняя часть и пол;Лючок бензобака;Tank T150;Лючок бензобака — Tank T150;300;450
BODY-MIDDLE-10-G;center-tunnel;Кузов;Средняя часть и пол;Накладка центрального тоннеля;Yamaha Gear 4T;Накладка центрального тоннеля — Yamaha Gear 4T;1300;1800
BODY-MIDDLE-10-J;center-tunnel;Кузов;Средняя часть и пол;Накладка центрального тоннеля;Yamaha Jog 4T;Накладка центрального тоннеля — Yamaha Jog 4T;1100;1500
BODY-MIDDLE-10-A;center-tunnel;Кузов;Средняя часть и пол;Накладка центрального тоннеля;Yamaha Jog AY01;Накладка центрального тоннеля — Yamaha Jog AY01;1350;1850
BODY-MIDDLE-10-D;center-tunnel;Кузов;Средняя часть и пол;Накладка центрального тоннеля;Honda Dio AF62/68;Накладка центрального тоннеля — Honda Dio AF62/68;1350;1850
BODY-MIDDLE-10-T;center-tunnel;Кузов;Средняя часть и пол;Накладка центрального тоннеля;Tank T150;Накладка центрального тоннеля — Tank T150;700;950
BODY-REAR-01-G;side-cover-left;Кузов;Задняя часть;Боковина левая;Yamaha Gear 4T;Боковина левая — Yamaha Gear 4T;2600;3550
BODY-REAR-01-J;side-cover-left;Кузов;Задняя часть;Боковина левая;Yamaha Jog 4T;Боковина левая — Yamaha Jog 4T;2200;3000
BODY-REAR-01-A;side-cover-left;Кузов;Задняя часть;Боковина левая;Yamaha Jog AY01;Боковина левая — Yamaha Jog AY01;2750;3750
BODY-REAR-01-D;side-cover-left;Кузов;Задняя часть;Боковина левая;Honda Dio AF62/68;Боковина левая — Honda Dio AF62/68;2750;3750
BODY-REAR-01-T;side-cover-left;Кузов;Задняя часть;Боковина левая;Tank T150;Боковина левая — Tank T150;1450;2000
BODY-REAR-02-G;side-cover-right;Кузов;Задняя часть;Боковина правая;Yamaha Gear 4T;Боковина правая — Yamaha Gear 4T;2600;3550
BODY-REAR-02-J;side-cover-right;Кузов;Задняя часть;Боковина правая;Yamaha Jog 4T;Боковина правая — Yamaha Jog 4T;2200;3000
BODY-REAR-02-A;side-cover-right;Кузов;Задняя часть;Боковина правая;Yamaha Jog AY01;Боковина правая — Yamaha Jog AY01;2750;3750
BODY-REAR-02-D;side-cover-right;Кузов;Задняя часть;Боковина правая;Honda Dio AF62/68;Боковина правая — Honda Dio AF62/68;2750;3750
BODY-REAR-02-T;side-cover-right;Кузов;Задняя часть;Боковина правая;Tank T150;Боковина правая — Tank T150;1450;2000
BODY-REAR-03-G;tail-cover;Кузов;Задняя часть;Задний обтекатель (хвост);Yamaha Gear 4T;Задний обтекатель (хвост) — Yamaha Gear 4T;2200;3000
BODY-REAR-03-J;tail-cover;Кузов;Задняя часть;Задний обтекатель (хвост);Yamaha Jog 4T;Задний обтекатель (хвост) — Yamaha Jog 4T;1850;2500
BODY-REAR-03-A;tail-cover;Кузов;Задняя часть;Задний обтекатель (хвост);Yamaha Jog AY01;Задний обтекатель (хвост) — Yamaha Jog AY01;2300;3150
BODY-REAR-03-D;tail-cover;Кузов;Задняя часть;Задний обтекатель (хвост);Honda Dio AF62/68;Задний обтекатель (хвост) — Honda Dio AF62/68;2300;3150
BODY-REAR-03-T;tail-cover;Кузов;Задняя часть;Задний обтекатель (хвост);Tank T150;Задний обтекатель (хвост) — Tank T150;1200;1650
BODY-REAR-04-G;seat-under-trim;Кузов;Задняя часть;Накладка под сиденьем;Yamaha Gear 4T;Накладка под сиденьем — Yamaha Gear 4T;1100;1500
BODY-REAR-04-J;seat-under-trim;Кузов;Задняя часть;Накладка под сиденьем;Yamaha Jog 4T;Накладка под сиденьем — Yamaha Jog 4T;950;1300
BODY-REAR-04-A;seat-under-trim;Кузов;Задняя часть;Накладка под сиденьем;Yamaha Jog AY01;Накладка под сиденьем — Yamaha Jog AY01;1150;1600
BODY-REAR-04-D;seat-under-trim;Кузов;Задняя часть;Накладка под сиденьем;Honda Dio AF62/68;Накладка под сиденьем — Honda Dio AF62/68;1150;1600
BODY-REAR-04-T;seat-under-trim;Кузов;Задняя часть;Накладка под сиденьем;Tank T150;Накладка под сиденьем — Tank T150;600;850
BODY-REAR-05-G;rear-fender;Кузов;Задняя часть;Крыло заднее;Yamaha Gear 4T;Крыло заднее — Yamaha Gear 4T;1200;1650
BODY-REAR-05-J;rear-fender;Кузов;Задняя часть;Крыло заднее;Yamaha Jog 4T;Крыло заднее — Yamaha Jog 4T;1000;1350
BODY-REAR-05-A;rear-fender;Кузов;Задняя часть;Крыло заднее;Yamaha Jog AY01;Крыло заднее — Yamaha Jog AY01;1250;1700
BODY-REAR-05-D;rear-fender;Кузов;Задняя часть;Крыло заднее;Honda Dio AF62/68;Крыло заднее — Honda Dio AF62/68;1250;1700
BODY-REAR-05-T;rear-fender;Кузов;Задняя часть;Крыло заднее;Tank T150;Крыло заднее — Tank T150;650;900
BODY-REAR-06-U;mud-flap;Кузов;Задняя часть;Брызговик задний;все модели;Брызговик задний — все модели;500;700
BODY-REAR-07-G;plate-holder;Кузов;Задняя часть;Кронштейн номерного знака;Yamaha Gear 4T;Кронштейн номерного знака — Yamaha Gear 4T;700;950
BODY-REAR-07-J;plate-holder;Кузов;Задняя часть;Кронштейн номерного знака;Yamaha Jog 4T;Кронштейн номерного знака — Yamaha Jog 4T;600;850
BODY-REAR-07-A;plate-holder;Кузов;Задняя часть;Кронштейн номерного знака;Yamaha Jog AY01;Кронштейн номерного знака — Yamaha Jog AY01;750;1050
BODY-REAR-07-D;plate-holder;Кузов;Задняя часть;Кронштейн номерного знака;Honda Dio AF62/68;Кронштейн номерного знака — Honda Dio AF62/68;750;1050
BODY-REAR-07-T;plate-holder;Кузов;Задняя часть;Кронштейн номерного знака;Tank T150;Кронштейн номерного знака — Tank T150;400;600
BODY-REAR-08-U;reflector;Кузов;Задняя часть;Катафот (отражатель);все модели;Катафот (отражатель) — все модели;150;250
BODY-REAR-09-G;grab-handle;Кузов;Задняя часть;Ручка пассажира;Yamaha Gear 4T;Ручка пассажира — Yamaha Gear 4T;1100;1500
BODY-REAR-09-J;grab-handle;Кузов;Задняя часть;Ручка пассажира;Yamaha Jog 4T;Ручка пассажира — Yamaha Jog 4T;950;1300
BODY-REAR-09-A;grab-handle;Кузов;Задняя часть;Ручка пассажира;Yamaha Jog AY01;Ручка пассажира — Yamaha Jog AY01;1150;1600
BODY-REAR-09-D;grab-handle;Кузов;Задняя часть;Ручка пассажира;Honda Dio AF62/68;Ручка пассажира — Honda Dio AF62/68;1150;1600
BODY-REAR-09-T;grab-handle;Кузов;Задняя часть;Ручка пассажира;Tank T150;Ручка пассажира — Tank T150;600;850
BODY-REAR-10-G;rear-carrier;Кузов;Задняя часть;Багажник задний;Yamaha Gear 4T;Багажник задний — Yamaha Gear 4T;1800;2450
BODY-REAR-10-J;rear-carrier;Кузов;Задняя часть;Багажник задний;Yamaha Jog 4T;Багажник задний — Yamaha Jog 4T;1550;2100
BODY-REAR-10-A;rear-carrier;Кузов;Задняя часть;Багажник задний;Yamaha Jog AY01;Багажник задний — Yamaha Jog AY01;1900;2600
BODY-REAR-10-D;rear-carrier;Кузов;Задняя часть;Багажник задний;Honda Dio AF62/68;Багажник задний — Honda Dio AF62/68;1900;2600
BODY-REAR-10-T;rear-carrier;Кузов;Задняя часть;Багажник задний;Tank T150;Багажник задний — Tank T150;1000;1350
BODY-REAR-11-U;top-box-plate;Кузов;Задняя часть;Площадка под кофр;все модели;Площадка под кофр — все модели;800;1100
BODY-REAR-12-G;front-basket;Кузов;Задняя часть;Корзина передняя;Yamaha Gear 4T;Корзина передняя — Yamaha Gear 4T;1500;2050
BODY-REAR-13-G;basket-bracket;Кузов;Задняя часть;Кронштейн передней корзины;Yamaha Gear 4T;Кронштейн передней корзины — Yamaha Gear 4T;700;950
BODY-REAR-14-T;pillion-pegs;Кузов;Задняя часть;Подножки пассажира (пара);Tank T150;Подножки пассажира (пара) — Tank T150;900;1250
BODY-SEAT-01-G;seat;Кузов;Сиденье и багажный отсек;Сиденье в сборе;Yamaha Gear 4T;Сиденье в сборе — Yamaha Gear 4T;2400;3250
BODY-SEAT-01-J;seat;Кузов;Сиденье и багажный отсек;Сиденье в сборе;Yamaha Jog 4T;Сиденье в сборе — Yamaha Jog 4T;2050;2800
BODY-SEAT-01-A;seat;Кузов;Сиденье и багажный отсек;Сиденье в сборе;Yamaha Jog AY01;Сиденье в сборе — Yamaha Jog AY01;2500;3400
BODY-SEAT-01-D;seat;Кузов;Сиденье и багажный отсек;Сиденье в сборе;Honda Dio AF62/68;Сиденье в сборе — Honda Dio AF62/68;2500;3400
BODY-SEAT-01-T;seat;Кузов;Сиденье и багажный отсек;Сиденье в сборе;Tank T150;Сиденье в сборе — Tank T150;1300;1800
BODY-SEAT-02-U;seat-cover;Кузов;Сиденье и багажный отсек;Чехол сиденья (под перетяжку);все модели;Чехол сиденья (под перетяжку) — все модели;700;950
BODY-SEAT-03-G;seat-hinge;Кузов;Сиденье и багажный отсек;Петля сиденья;Yamaha Gear 4T;Петля сиденья — Yamaha Gear 4T;450;700
BODY-SEAT-03-J;seat-hinge;Кузов;Сиденье и багажный отсек;Петля сиденья;Yamaha Jog 4T;Петля сиденья — Yamaha Jog 4T;400;600
BODY-SEAT-03-A;seat-hinge;Кузов;Сиденье и багажный отсек;Петля сиденья;Yamaha Jog AY01;Петля сиденья — Yamaha Jog AY01;450;700
BODY-SEAT-03-D;seat-hinge;Кузов;Сиденье и багажный отсек;Петля сиденья;Honda Dio AF62/68;Петля сиденья — Honda Dio AF62/68;450;700
BODY-SEAT-03-T;seat-hinge;Кузов;Сиденье и багажный отсек;Петля сиденья;Tank T150;Петля сиденья — Tank T150;250;400
BODY-SEAT-04-G;seat-lock;Кузов;Сиденье и багажный отсек;Замок сиденья;Yamaha Gear 4T;Замок сиденья — Yamaha Gear 4T;600;850
BODY-SEAT-04-J;seat-lock;Кузов;Сиденье и багажный отсек;Замок сиденья;Yamaha Jog 4T;Замок сиденья — Yamaha Jog 4T;500;700
BODY-SEAT-04-A;seat-lock;Кузов;Сиденье и багажный отсек;Замок сиденья;Yamaha Jog AY01;Замок сиденья — Yamaha Jog AY01;650;900
BODY-SEAT-04-D;seat-lock;Кузов;Сиденье и багажный отсек;Замок сиденья;Honda Dio AF62/68;Замок сиденья — Honda Dio AF62/68;650;900
BODY-SEAT-04-T;seat-lock;Кузов;Сиденье и багажный отсек;Замок сиденья;Tank T150;Замок сиденья — Tank T150;350;550
BODY-SEAT-05-U;seat-lock-cable;Кузов;Сиденье и багажный отсек;Трос замка сиденья;все модели;Трос замка сиденья — все модели;250;400
BODY-SEAT-06-U;seat-bumper;Кузов;Сиденье и багажный отсек;Резиновый упор сиденья;все модели;Резиновый упор сиденья — все модели;80;150
BODY-SEAT-07-A;seat-strut;Кузов;Сиденье и багажный отсек;Газовый упор сиденья;Yamaha Jog AY01;Газовый упор сиденья — Yamaha Jog AY01;700;950
BODY-SEAT-07-T;seat-strut;Кузов;Сиденье и багажный отсек;Газовый упор сиденья;Tank T150;Газовый упор сиденья — Tank T150;600;850
BODY-SEAT-08-G;storage-box;Кузов;Сиденье и багажный отсек;Подсидельный бокс (багажник под сиденьем);Yamaha Gear 4T;Подсидельный бокс (багажник под сиденьем) — Yamaha Gear 4T;1900;2600
BODY-SEAT-08-J;storage-box;Кузов;Сиденье и багажный отсек;Подсидельный бокс (багажник под сиденьем);Yamaha Jog 4T;Подсидельный бокс (багажник под сиденьем) — Yamaha Jog 4T;1600;2200
BODY-SEAT-08-A;storage-box;Кузов;Сиденье и багажный отсек;Подсидельный бокс (багажник под сиденьем);Yamaha Jog AY01;Подсидельный бокс (багажник под сиденьем) — Yamaha Jog AY01;2000;2700
BODY-SEAT-08-D;storage-box;Кузов;Сиденье и багажный отсек;Подсидельный бокс (багажник под сиденьем);Honda Dio AF62/68;Подсидельный бокс (багажник под сиденьем) — Honda Dio AF62/68;2000;2700
BODY-SEAT-08-T;storage-box;Кузов;Сиденье и багажный отсек;Подсидельный бокс (багажник под сиденьем);Tank T150;Подсидельный бокс (багажник под сиденьем) — Tank T150;1050;1450
BODY-SEAT-09-U;helmet-hook;Кузов;Сиденье и багажный отсек;Крючок для шлема;все модели;Крючок для шлема — все модели;200;300
BODY-FRAME-01-G;frame;Кузов;Рама и крепёж кузова;Рама (контрактная);Yamaha Gear 4T;Рама (контрактная) — Yamaha Gear 4T;9000;11700
BODY-FRAME-01-J;frame;Кузов;Рама и крепёж кузова;Рама (контрактная);Yamaha Jog 4T;Рама (контрактная) — Yamaha Jog 4T;8000;10400
BODY-FRAME-01-A;frame;Кузов;Рама и крепёж кузова;Рама (контрактная);Yamaha Jog AY01;Рама (контрактная) — Yamaha Jog AY01;10000;12000
BODY-FRAME-01-D;frame;Кузов;Рама и крепёж кузова;Рама (контрактная);Honda Dio AF62/68;Рама (контрактная) — Honda Dio AF62/68;9500;12350
BODY-FRAME-01-T;frame;Кузов;Рама и крепёж кузова;Рама (контрактная);Tank T150;Рама (контрактная) — Tank T150;7000;9100
BODY-FRAME-02-U;plastic-clips;Кузов;Рама и крепёж кузова;Клипсы (пистоны) пластика, 10 шт;все модели;Клипсы (пистоны) пластика, 10 шт — все модели;200;300
BODY-FRAME-03-U;body-screws;Кузов;Рама и крепёж кузова;Саморезы облицовки, 10 шт;все модели;Саморезы облицовки, 10 шт — все модели;120;200
BODY-FRAME-04-U;body-bolts;Кузов;Рама и крепёж кузова;Болты облицовки M6 с шайбами, 10 шт;все модели;Болты облицовки M6 с шайбами, 10 шт — все модели;250;400
BODY-FRAME-05-U;clip-nuts;Кузов;Рама и крепёж кузова;Гайки-скобы закладные, 10 шт;все модели;Гайки-скобы закладные, 10 шт — все модели;150;250
BODY-FRAME-06-U;rubber-grommets;Кузов;Рама и крепёж кузова;Резиновые втулки крепления пластика, 10 шт;все модели;Резиновые втулки крепления пластика, 10 шт — все модели;200;300
BODY-FRAME-07-G;decals;Кузов;Рама и крепёж кузова;Наклейки (комплект);Yamaha Gear 4T;Наклейки (комплект) — Yamaha Gear 4T;700;950
BODY-FRAME-07-J;decals;Кузов;Рама и крепёж кузова;Наклейки (комплект);Yamaha Jog 4T;Наклейки (комплект) — Yamaha Jog 4T;600;850
BODY-FRAME-07-A;decals;Кузов;Рама и крепёж кузова;Наклейки (комплект);Yamaha Jog AY01;Наклейки (комплект) — Yamaha Jog AY01;750;1050
BODY-FRAME-07-D;decals;Кузов;Рама и крепёж кузова;Наклейки (комплект);Honda Dio AF62/68;Наклейки (комплект) — Honda Dio AF62/68;750;1050
BODY-FRAME-07-T;decals;Кузов;Рама и крепёж кузова;Наклейки (комплект);Tank T150;Наклейки (комплект) — Tank T150;400;600
BODY-FRAME-08-G;body-kit;Кузов;Рама и крепёж кузова;Комплект пластика целиком (все окрашенные детали);Yamaha Gear 4T;Комплект пластика целиком (все окрашенные детали) — Yamaha Gear 4T;22000;26400
BODY-FRAME-08-J;body-kit;Кузов;Рама и крепёж кузова;Комплект пластика целиком (все окрашенные детали);Yamaha Jog 4T;Комплект пластика целиком (все окрашенные детали) — Yamaha Jog 4T;18700;22450
BODY-FRAME-08-A;body-kit;Кузов;Рама и крепёж кузова;Комплект пластика целиком (все окрашенные детали);Yamaha Jog AY01;Комплект пластика целиком (все окрашенные детали) — Yamaha Jog AY01;23100;27750
BODY-FRAME-08-D;body-kit;Кузов;Рама и крепёж кузова;Комплект пластика целиком (все окрашенные детали);Honda Dio AF62/68;Комплект пластика целиком (все окрашенные детали) — Honda Dio AF62/68;23100;27750
BODY-FRAME-08-T;body-kit;Кузов;Рама и крепёж кузова;Комплект пластика целиком (все окрашенные детали);Tank T150;Комплект пластика целиком (все окрашенные детали) — Tank T150;12100;14550
BODY-FRAME-09-U;touch-up-paint;Кузов;Рама и крепёж кузова;Краска в цвет (баллон);все модели;Краска в цвет (баллон) — все модели;600;850
CTRL-BAR-01-G;handlebar;Управление;Руль и рычаги;Руль (труба);Yamaha Gear 4T;Руль (труба) — Yamaha Gear 4T;1900;2600
CTRL-BAR-01-J;handlebar;Управление;Руль и рычаги;Руль (труба);Yamaha Jog 4T;Руль (труба) — Yamaha Jog 4T;1600;2200
CTRL-BAR-01-A;handlebar;Управление;Руль и рычаги;Руль (труба);Yamaha Jog AY01;Руль (труба) — Yamaha Jog AY01;1800;2450
CTRL-BAR-01-D;handlebar;Управление;Руль и рычаги;Руль (труба);Honda Dio AF62/68;Руль (труба) — Honda Dio AF62/68;1700;2300
CTRL-BAR-01-T;handlebar;Управление;Руль и рычаги;Руль (труба);Tank T150;Руль (труба) — Tank T150;1500;2050
CTRL-BAR-02-U;grips;Управление;Руль и рычаги;Грипсы (пара);все модели;Грипсы (пара) — все модели;350;550
CTRL-BAR-03-U;throttle-tube;Управление;Руль и рычаги;Ручка газа (втулка с грипсой);все модели;Ручка газа (втулка с грипсой) — все модели;450;700
CTRL-BAR-04-U;bar-ends;Управление;Руль и рычаги;Грузики руля (пара);все модели;Грузики руля (пара) — все модели;400;600
CTRL-BAR-05-U;lever-left;Управление;Руль и рычаги;Рычаг тормоза левый;все модели;Рычаг тормоза левый — все модели;400;600
CTRL-BAR-06-U;lever-right;Управление;Руль и рычаги;Рычаг тормоза правый;все модели;Рычаг тормоза правый — все модели;400;600
CTRL-BAR-07-U;levers-disc;Управление;Руль и рычаги;Рычаги под дисковый тормоз (пара);все модели;Рычаги под дисковый тормоз (пара) — все модели;900;1250
CTRL-BAR-08-U;lever-bracket;Управление;Руль и рычаги;Кронштейн рычага тормоза;все модели;Кронштейн рычага тормоза — все модели;450;700
CTRL-BAR-09-U;lever-pivot;Управление;Руль и рычаги;Ось (болт) рычага тормоза;все модели;Ось (болт) рычага тормоза — все модели;80;150
CTRL-BAR-10-U;handlebar-bolt;Управление;Руль и рычаги;Болт крепления руля с гайкой;все модели;Болт крепления руля с гайкой — все модели;200;300
CTRL-BAR-11-U;mirrors;Управление;Руль и рычаги;Зеркала (пара);все модели;Зеркала (пара) — все модели;700;950
CTRL-BAR-11-V2;mirrors;Управление;Руль и рычаги;Зеркала (пара);Yamaha Gear, Jog, Vino — оригинальной формы;Зеркала (пара) — Yamaha Gear, Jog, Vino — оригинальной формы;1100;1500
CTRL-BAR-11-V3;mirrors;Управление;Руль и рычаги;Зеркала (пара);Honda Dio, Jog AY01 — оригинальной формы;Зеркала (пара) — Honda Dio, Jog AY01 — оригинальной формы;1200;1650
CTRL-BAR-12-U;mirror-adapter;Управление;Руль и рычаги;Переходник зеркала М8/М10;все модели;Переходник зеркала М8/М10 — все модели;150;250
CTRL-SWITCH-01-G;speedometer;Управление;Приборы и переключатели;Спидометр (приборная панель);Yamaha Gear 4T;Спидометр (приборная панель) — Yamaha Gear 4T;3200;4200
CTRL-SWITCH-01-J;speedometer;Управление;Приборы и переключатели;Спидометр (приборная панель);Yamaha Jog 4T;Спидометр (приборная панель) — Yamaha Jog 4T;2800;3800
CTRL-SWITCH-01-A;speedometer;Управление;Приборы и переключатели;Спидометр (приборная панель);Yamaha Jog AY01;Спидометр (приборная панель) — Yamaha Jog AY01;3500;4550
CTRL-SWITCH-01-D;speedometer;Управление;Приборы и переключатели;Спидометр (приборная панель);Honda Dio AF62/68;Спидометр (приборная панель) — Honda Dio AF62/68;3000;3900
CTRL-SWITCH-01-T;speedometer;Управление;Приборы и переключатели;Спидометр (приборная панель);Tank T150;Спидометр (приборная панель) — Tank T150;1800;2450
CTRL-SWITCH-02-G;meter-lens;Управление;Приборы и переключатели;Стекло приборной панели;Yamaha Gear 4T;Стекло приборной панели — Yamaha Gear 4T;600;850
CTRL-SWITCH-02-J;meter-lens;Управление;Приборы и переключатели;Стекло приборной панели;Yamaha Jog 4T;Стекло приборной панели — Yamaha Jog 4T;550;750
CTRL-SWITCH-02-A;meter-lens;Управление;Приборы и переключатели;Стекло приборной панели;Yamaha Jog AY01;Стекло приборной панели — Yamaha Jog AY01;650;900
CTRL-SWITCH-02-D;meter-lens;Управление;Приборы и переключатели;Стекло приборной панели;Honda Dio AF62/68;Стекло приборной панели — Honda Dio AF62/68;600;850
CTRL-SWITCH-02-T;meter-lens;Управление;Приборы и переключатели;Стекло приборной панели;Tank T150;Стекло приборной панели — Tank T150;400;600
CTRL-SWITCH-03-U;meter-bulb;Управление;Приборы и переключатели;Лампа подсветки приборов 12V 1,7W;все модели;Лампа подсветки приборов 12V 1,7W — все модели;60;100
CTRL-SWITCH-04-G;switch-left;Управление;Приборы и переключатели;Блок кнопок на руле левый;Yamaha Gear 4T;Блок кнопок на руле левый — Yamaha Gear 4T;900;1250
CTRL-SWITCH-04-J;switch-left;Управление;Приборы и переключатели;Блок кнопок на руле левый;Yamaha Jog 4T;Блок кнопок на руле левый — Yamaha Jog 4T;900;1250
CTRL-SWITCH-04-A;switch-left;Управление;Приборы и переключатели;Блок кнопок на руле левый;Yamaha Jog AY01;Блок кнопок на руле левый — Yamaha Jog AY01;1000;1350
CTRL-SWITCH-04-D;switch-left;Управление;Приборы и переключатели;Блок кнопок на руле левый;Honda Dio AF62/68;Блок кнопок на руле левый — Honda Dio AF62/68;1000;1350
CTRL-SWITCH-04-T;switch-left;Управление;Приборы и переключатели;Блок кнопок на руле левый;Tank T150;Блок кнопок на руле левый — Tank T150;700;950
CTRL-SWITCH-05-G;switch-right;Управление;Приборы и переключатели;Блок кнопок на руле правый;Yamaha Gear 4T;Блок кнопок на руле правый — Yamaha Gear 4T;900;1250
CTRL-SWITCH-05-J;switch-right;Управление;Приборы и переключатели;Блок кнопок на руле правый;Yamaha Jog 4T;Блок кнопок на руле правый — Yamaha Jog 4T;900;1250
CTRL-SWITCH-05-A;switch-right;Управление;Приборы и переключатели;Блок кнопок на руле правый;Yamaha Jog AY01;Блок кнопок на руле правый — Yamaha Jog AY01;1000;1350
CTRL-SWITCH-05-D;switch-right;Управление;Приборы и переключатели;Блок кнопок на руле правый;Honda Dio AF62/68;Блок кнопок на руле правый — Honda Dio AF62/68;1000;1350
CTRL-SWITCH-05-T;switch-right;Управление;Приборы и переключатели;Блок кнопок на руле правый;Tank T150;Блок кнопок на руле правый — Tank T150;700;950
CTRL-SWITCH-06-U;starter-button;Управление;Приборы и переключатели;Кнопка стартера;все модели;Кнопка стартера — все модели;250;400
CTRL-SWITCH-07-G;ignition-switch;Управление;Приборы и переключатели;Замок зажигания (комплект с ключами);Yamaha Gear 4T;Замок зажигания (комплект с ключами) — Yamaha Gear 4T;1900;2600
CTRL-SWITCH-07-J;ignition-switch;Управление;Приборы и переключатели;Замок зажигания (комплект с ключами);Yamaha Jog 4T;Замок зажигания (комплект с ключами) — Yamaha Jog 4T;1900;2600
CTRL-SWITCH-07-A;ignition-switch;Управление;Приборы и переключатели;Замок зажигания (комплект с ключами);Yamaha Jog AY01;Замок зажигания (комплект с ключами) — Yamaha Jog AY01;2200;3000
CTRL-SWITCH-07-D;ignition-switch;Управление;Приборы и переключатели;Замок зажигания (комплект с ключами);Honda Dio AF62/68;Замок зажигания (комплект с ключами) — Honda Dio AF62/68;2200;3000
CTRL-SWITCH-07-T;ignition-switch;Управление;Приборы и переключатели;Замок зажигания (комплект с ключами);Tank T150;Замок зажигания (комплект с ключами) — Tank T150;1200;1650
CTRL-SWITCH-08-U;key-blank;Управление;Приборы и переключатели;Ключ-заготовка;все модели;Ключ-заготовка — все модели;200;300
CTRL-SWITCH-09-A;key-shutter;Управление;Приборы и переключатели;Шторка замка зажигания (магнитная);Yamaha Jog AY01;Шторка замка зажигания (магнитная) — Yamaha Jog AY01;1500;2050
CTRL-SWITCH-09-D;key-shutter;Управление;Приборы и переключатели;Шторка замка зажигания (магнитная);Honda Dio AF62/68;Шторка замка зажигания (магнитная) — Honda Dio AF62/68;1400;1900
CTRL-CABLE-01-G;throttle-cable;Управление;Тросы и привод спидометра;Трос газа;Yamaha Gear 4T;Трос газа — Yamaha Gear 4T;450;700
CTRL-CABLE-01-J;throttle-cable;Управление;Тросы и привод спидометра;Трос газа;Yamaha Jog 4T;Трос газа — Yamaha Jog 4T;350;550
CTRL-CABLE-01-A;throttle-cable;Управление;Тросы и привод спидометра;Трос газа;Yamaha Jog AY01;Трос газа — Yamaha Jog AY01;450;700
CTRL-CABLE-01-D;throttle-cable;Управление;Тросы и привод спидометра;Трос газа;Honda Dio AF62/68;Трос газа — Honda Dio AF62/68;400;600
CTRL-CABLE-01-T;throttle-cable;Управление;Тросы и привод спидометра;Трос газа;Tank T150;Трос газа — Tank T150;300;450
CTRL-CABLE-02-G;front-brake-cable;Управление;Тросы и привод спидометра;Трос переднего тормоза;Yamaha Gear 4T;Трос переднего тормоза — Yamaha Gear 4T;260;400
CTRL-CABLE-02-J;front-brake-cable;Управление;Тросы и привод спидометра;Трос переднего тормоза;Yamaha Jog 4T;Трос переднего тормоза — Yamaha Jog 4T;250;400
CTRL-CABLE-02-A;front-brake-cable;Управление;Тросы и привод спидометра;Трос переднего тормоза;Yamaha Jog AY01;Трос переднего тормоза — Yamaha Jog AY01;350;550
CTRL-CABLE-02-D;front-brake-cable;Управление;Тросы и привод спидометра;Трос переднего тормоза;Honda Dio AF62/68;Трос переднего тормоза — Honda Dio AF62/68;300;450
CTRL-CABLE-02-T;front-brake-cable;Управление;Тросы и привод спидометра;Трос переднего тормоза;Tank T150;Трос переднего тормоза — Tank T150;280;450
CTRL-CABLE-03-G;rear-brake-cable;Управление;Тросы и привод спидометра;Трос заднего тормоза;Yamaha Gear 4T;Трос заднего тормоза — Yamaha Gear 4T;350;550
CTRL-CABLE-03-J;rear-brake-cable;Управление;Тросы и привод спидометра;Трос заднего тормоза;Yamaha Jog 4T;Трос заднего тормоза — Yamaha Jog 4T;330;500
CTRL-CABLE-03-A;rear-brake-cable;Управление;Тросы и привод спидометра;Трос заднего тормоза;Yamaha Jog AY01;Трос заднего тормоза — Yamaha Jog AY01;400;600
CTRL-CABLE-03-D;rear-brake-cable;Управление;Тросы и привод спидометра;Трос заднего тормоза;Honda Dio AF62/68;Трос заднего тормоза — Honda Dio AF62/68;380;600
CTRL-CABLE-03-T;rear-brake-cable;Управление;Тросы и привод спидометра;Трос заднего тормоза;Tank T150;Трос заднего тормоза — Tank T150;350;550
CTRL-CABLE-04-G;speedo-cable;Управление;Тросы и привод спидометра;Трос спидометра;Yamaha Gear 4T;Трос спидометра — Yamaha Gear 4T;430;650
CTRL-CABLE-04-J;speedo-cable;Управление;Тросы и привод спидометра;Трос спидометра;Yamaha Jog 4T;Трос спидометра — Yamaha Jog 4T;430;650
CTRL-CABLE-04-A;speedo-cable;Управление;Тросы и привод спидометра;Трос спидометра;Yamaha Jog AY01;Трос спидометра — Yamaha Jog AY01;480;700
CTRL-CABLE-04-D;speedo-cable;Управление;Тросы и привод спидометра;Трос спидометра;Honda Dio AF62/68;Трос спидометра — Honda Dio AF62/68;450;700
CTRL-CABLE-04-T;speedo-cable;Управление;Тросы и привод спидометра;Трос спидометра;Tank T150;Трос спидометра — Tank T150;350;550
CTRL-CABLE-05-Y;speedo-drive;Управление;Тросы и привод спидометра;Привод спидометра (червяк);Yamaha 4T (Jog, Vino, Gear);Привод спидометра (червяк) — Yamaha 4T (Jog, Vino, Gear);450;700
CTRL-CABLE-05-H;speedo-drive;Управление;Тросы и привод спидометра;Привод спидометра (червяк);Honda 4T (Dio, Jog AY01);Привод спидометра (червяк) — Honda 4T (Dio, Jog AY01);500;700
CTRL-CABLE-05-C;speedo-drive;Управление;Тросы и привод спидометра;Привод спидометра (червяк);GY6 150 (Tank T150);Привод спидометра (червяк) — GY6 150 (Tank T150);350;550
CTRL-CABLE-06-C;choke-cable;Управление;Тросы и привод спидометра;Трос подсоса;GY6 150 (Tank T150);Трос подсоса — GY6 150 (Tank T150);300;450
LIGHT-LAMP-01-G;headlight;Освещение и сигналы;Фары и фонари;Фара в сборе;Yamaha Gear 4T;Фара в сборе — Yamaha Gear 4T;2400;3250
LIGHT-LAMP-01-J;headlight;Освещение и сигналы;Фары и фонари;Фара в сборе;Yamaha Jog 4T;Фара в сборе — Yamaha Jog 4T;1600;2200
LIGHT-LAMP-01-A;headlight;Освещение и сигналы;Фары и фонари;Фара в сборе;Yamaha Jog AY01;Фара в сборе — Yamaha Jog AY01;2600;3550
LIGHT-LAMP-01-D;headlight;Освещение и сигналы;Фары и фонари;Фара в сборе;Honda Dio AF62/68;Фара в сборе — Honda Dio AF62/68;2200;3000
LIGHT-LAMP-01-T;headlight;Освещение и сигналы;Фары и фонари;Фара в сборе;Tank T150;Фара в сборе — Tank T150;1500;2050
LIGHT-LAMP-02-G;headlight-lens;Освещение и сигналы;Фары и фонари;Стекло фары;Yamaha Gear 4T;Стекло фары — Yamaha Gear 4T;900;1250
LIGHT-LAMP-02-J;headlight-lens;Освещение и сигналы;Фары и фонари;Стекло фары;Yamaha Jog 4T;Стекло фары — Yamaha Jog 4T;700;950
LIGHT-LAMP-02-A;headlight-lens;Освещение и сигналы;Фары и фонари;Стекло фары;Yamaha Jog AY01;Стекло фары — Yamaha Jog AY01;1000;1350
LIGHT-LAMP-02-D;headlight-lens;Освещение и сигналы;Фары и фонари;Стекло фары;Honda Dio AF62/68;Стекло фары — Honda Dio AF62/68;900;1250
LIGHT-LAMP-02-T;headlight-lens;Освещение и сигналы;Фары и фонари;Стекло фары;Tank T150;Стекло фары — Tank T150;600;850
LIGHT-LAMP-03-G;headlight-reflector;Освещение и сигналы;Фары и фонари;Отражатель фары;Yamaha Gear 4T;Отражатель фары — Yamaha Gear 4T;1200;1650
LIGHT-LAMP-03-J;headlight-reflector;Освещение и сигналы;Фары и фонари;Отражатель фары;Yamaha Jog 4T;Отражатель фары — Yamaha Jog 4T;900;1250
LIGHT-LAMP-03-A;headlight-reflector;Освещение и сигналы;Фары и фонари;Отражатель фары;Yamaha Jog AY01;Отражатель фары — Yamaha Jog AY01;1300;1800
LIGHT-LAMP-03-D;headlight-reflector;Освещение и сигналы;Фары и фонари;Отражатель фары;Honda Dio AF62/68;Отражатель фары — Honda Dio AF62/68;1100;1500
LIGHT-LAMP-03-T;headlight-reflector;Освещение и сигналы;Фары и фонари;Отражатель фары;Tank T150;Отражатель фары — Tank T150;700;950
LIGHT-LAMP-04-U;headlight-socket;Освещение и сигналы;Фары и фонари;Патрон лампы фары;все модели;Патрон лампы фары — все модели;250;400
LIGHT-LAMP-05-U;position-light;Освещение и сигналы;Фары и фонари;Габаритный огонь передний;все модели;Габаритный огонь передний — все модели;400;600
LIGHT-LAMP-06-G;taillight;Освещение и сигналы;Фары и фонари;Стоп-сигнал в сборе;Yamaha Gear 4T;Стоп-сигнал в сборе — Yamaha Gear 4T;2700;3650
LIGHT-LAMP-06-J;taillight;Освещение и сигналы;Фары и фонари;Стоп-сигнал в сборе;Yamaha Jog 4T;Стоп-сигнал в сборе — Yamaha Jog 4T;2400;3250
LIGHT-LAMP-06-A;taillight;Освещение и сигналы;Фары и фонари;Стоп-сигнал в сборе;Yamaha Jog AY01;Стоп-сигнал в сборе — Yamaha Jog AY01;2800;3800
LIGHT-LAMP-06-D;taillight;Освещение и сигналы;Фары и фонари;Стоп-сигнал в сборе;Honda Dio AF62/68;Стоп-сигнал в сборе — Honda Dio AF62/68;2500;3400
LIGHT-LAMP-06-T;taillight;Освещение и сигналы;Фары и фонари;Стоп-сигнал в сборе;Tank T150;Стоп-сигнал в сборе — Tank T150;1200;1650
LIGHT-LAMP-07-G;taillight-lens;Освещение и сигналы;Фары и фонари;Стекло стоп-сигнала;Yamaha Gear 4T;Стекло стоп-сигнала — Yamaha Gear 4T;900;1250
LIGHT-LAMP-07-J;taillight-lens;Освещение и сигналы;Фары и фонари;Стекло стоп-сигнала;Yamaha Jog 4T;Стекло стоп-сигнала — Yamaha Jog 4T;800;1100
LIGHT-LAMP-07-A;taillight-lens;Освещение и сигналы;Фары и фонари;Стекло стоп-сигнала;Yamaha Jog AY01;Стекло стоп-сигнала — Yamaha Jog AY01;950;1300
LIGHT-LAMP-07-D;taillight-lens;Освещение и сигналы;Фары и фонари;Стекло стоп-сигнала;Honda Dio AF62/68;Стекло стоп-сигнала — Honda Dio AF62/68;900;1250
LIGHT-LAMP-07-T;taillight-lens;Освещение и сигналы;Фары и фонари;Стекло стоп-сигнала;Tank T150;Стекло стоп-сигнала — Tank T150;500;700
LIGHT-LAMP-08-U;taillight-socket;Освещение и сигналы;Фары и фонари;Патрон лампы стоп-сигнала;все модели;Патрон лампы стоп-сигнала — все модели;200;300
LIGHT-LAMP-09-U;plate-light;Освещение и сигналы;Фары и фонари;Подсветка номера;все модели;Подсветка номера — все модели;400;600
LIGHT-TURN-01-G;turn-front;Освещение и сигналы;Поворотники и сигнал;Поворотник передний (1 шт);Yamaha Gear 4T;Поворотник передний (1 шт) — Yamaha Gear 4T;600;850
LIGHT-TURN-01-J;turn-front;Освещение и сигналы;Поворотники и сигнал;Поворотник передний (1 шт);Yamaha Jog 4T;Поворотник передний (1 шт) — Yamaha Jog 4T;500;700
LIGHT-TURN-01-A;turn-front;Освещение и сигналы;Поворотники и сигнал;Поворотник передний (1 шт);Yamaha Jog AY01;Поворотник передний (1 шт) — Yamaha Jog AY01;650;900
LIGHT-TURN-01-D;turn-front;Освещение и сигналы;Поворотники и сигнал;Поворотник передний (1 шт);Honda Dio AF62/68;Поворотник передний (1 шт) — Honda Dio AF62/68;600;850
LIGHT-TURN-01-T;turn-front;Освещение и сигналы;Поворотники и сигнал;Поворотник передний (1 шт);Tank T150;Поворотник передний (1 шт) — Tank T150;350;550
LIGHT-TURN-02-G;turn-rear;Освещение и сигналы;Поворотники и сигнал;Поворотник задний (1 шт);Yamaha Gear 4T;Поворотник задний (1 шт) — Yamaha Gear 4T;600;850
LIGHT-TURN-02-J;turn-rear;Освещение и сигналы;Поворотники и сигнал;Поворотник задний (1 шт);Yamaha Jog 4T;Поворотник задний (1 шт) — Yamaha Jog 4T;500;700
LIGHT-TURN-02-A;turn-rear;Освещение и сигналы;Поворотники и сигнал;Поворотник задний (1 шт);Yamaha Jog AY01;Поворотник задний (1 шт) — Yamaha Jog AY01;650;900
LIGHT-TURN-02-D;turn-rear;Освещение и сигналы;Поворотники и сигнал;Поворотник задний (1 шт);Honda Dio AF62/68;Поворотник задний (1 шт) — Honda Dio AF62/68;600;850
LIGHT-TURN-02-T;turn-rear;Освещение и сигналы;Поворотники и сигнал;Поворотник задний (1 шт);Tank T150;Поворотник задний (1 шт) — Tank T150;350;550
LIGHT-TURN-03-G;turn-lenses;Освещение и сигналы;Поворотники и сигнал;Стёкла передних поворотников (пара);Yamaha Gear 4T;Стёкла передних поворотников (пара) — Yamaha Gear 4T;550;750
LIGHT-TURN-03-J;turn-lenses;Освещение и сигналы;Поворотники и сигнал;Стёкла передних поворотников (пара);Yamaha Jog 4T;Стёкла передних поворотников (пара) — Yamaha Jog 4T;550;750
LIGHT-TURN-03-D;turn-lenses;Освещение и сигналы;Поворотники и сигнал;Стёкла передних поворотников (пара);Honda Dio AF62/68;Стёкла передних поворотников (пара) — Honda Dio AF62/68;600;850
LIGHT-TURN-04-U;turn-socket;Освещение и сигналы;Поворотники и сигнал;Патрон лампы поворотника;все модели;Патрон лампы поворотника — все модели;150;250
LIGHT-TURN-05-U;flasher-relay;Освещение и сигналы;Поворотники и сигнал;Реле поворотов;все модели;Реле поворотов — все модели;250;400
LIGHT-TURN-06-U;horn;Освещение и сигналы;Поворотники и сигнал;Звуковой сигнал;все модели;Звуковой сигнал — все модели;300;450
LIGHT-BULB-01-U;bulb-head;Освещение и сигналы;Лампы;Лампа фары 12V 35/35W;все модели;Лампа фары 12V 35/35W — все модели;150;250
LIGHT-BULB-02-U;bulb-head-led;Освещение и сигналы;Лампы;Лампа фары светодиодная;все модели;Лампа фары светодиодная — все модели;700;950
LIGHT-BULB-03-U;bulb-turn;Освещение и сигналы;Лампы;Лампа поворота 12V 10W;все модели;Лампа поворота 12V 10W — все модели;60;100
LIGHT-BULB-04-U;bulb-position;Освещение и сигналы;Лампы;Лампа габарита 12V 5W (T10);все модели;Лампа габарита 12V 5W (T10) — все модели;50;100
LIGHT-BULB-05-U;bulb-stop;Освещение и сигналы;Лампы;Лампа стоп-сигнала 12V 21/5W;все модели;Лампа стоп-сигнала 12V 21/5W — все модели;70;150
ELEC-POWER-01-V1;battery;Электрика;Питание;Аккумулятор;12V 4Ah (YTX4L-BS) — Jog, Vino, Gear, Dio;Аккумулятор — 12V 4Ah (YTX4L-BS) — Jog, Vino, Gear, Dio;1800;2450
ELEC-POWER-01-V2;battery;Электрика;Питание;Аккумулятор;12V 5Ah (YTX5L-BS) — Jog AY01, Gear;Аккумулятор — 12V 5Ah (YTX5L-BS) — Jog AY01, Gear;2100;2850
ELEC-POWER-01-V3;battery;Электрика;Питание;Аккумулятор;12V 7Ah (YTX7A-BS) — Tank T150;Аккумулятор — 12V 7Ah (YTX7A-BS) — Tank T150;2600;3550
ELEC-POWER-02-U;battery-terminals;Электрика;Питание;Клеммы аккумулятора с болтами (пара);все модели;Клеммы аккумулятора с болтами (пара) — все модели;150;250
ELEC-POWER-03-U;ground-wire;Электрика;Питание;Провод массы;все модели;Провод массы — все модели;250;400
ELEC-POWER-04-U;battery-cable;Электрика;Питание;Провод аккумулятора плюсовой;все модели;Провод аккумулятора плюсовой — все модели;300;450
ELEC-POWER-05-YH;starter-relay;Электрика;Питание;Реле стартера;Yamaha 4T, Honda 4T;Реле стартера — Yamaha 4T, Honda 4T;600;850
ELEC-POWER-05-C;starter-relay;Электрика;Питание;Реле стартера;GY6 150 (Tank T150);Реле стартера — GY6 150 (Tank T150);350;550
ELEC-POWER-06-U;fuse-box;Электрика;Питание;Блок предохранителей;все модели;Блок предохранителей — все модели;350;550
ELEC-POWER-07-U;fuses;Электрика;Питание;Предохранители (комплект);все модели;Предохранители (комплект) — все модели;50;100
ELEC-POWER-08-Y;regulator;Электрика;Питание;Реле-регулятор напряжения;Yamaha 4T (Jog, Vino, Gear);Реле-регулятор напряжения — Yamaha 4T (Jog, Vino, Gear);1100;1500
ELEC-POWER-08-H;regulator;Электрика;Питание;Реле-регулятор напряжения;Honda 4T (Dio, Jog AY01);Реле-регулятор напряжения — Honda 4T (Dio, Jog AY01);1200;1650
ELEC-POWER-08-C;regulator;Электрика;Питание;Реле-регулятор напряжения;GY6 150 (Tank T150);Реле-регулятор напряжения — GY6 150 (Tank T150);500;700
ELEC-POWER-09-G;wiring-harness;Электрика;Питание;Жгут проводки;Yamaha Gear 4T;Жгут проводки — Yamaha Gear 4T;3000;3900
ELEC-POWER-09-J;wiring-harness;Электрика;Питание;Жгут проводки;Yamaha Jog 4T;Жгут проводки — Yamaha Jog 4T;2800;3800
ELEC-POWER-09-A;wiring-harness;Электрика;Питание;Жгут проводки;Yamaha Jog AY01;Жгут проводки — Yamaha Jog AY01;3500;4550
ELEC-POWER-09-D;wiring-harness;Электрика;Питание;Жгут проводки;Honda Dio AF62/68;Жгут проводки — Honda Dio AF62/68;3200;4200
ELEC-POWER-09-T;wiring-harness;Электрика;Питание;Жгут проводки;Tank T150;Жгут проводки — Tank T150;1800;2450
ELEC-POWER-10-U;connectors;Электрика;Питание;Разъёмы и клеммы проводки (комплект);все модели;Разъёмы и клеммы проводки (комплект) — все модели;200;300
ELEC-IGN-01-V1;spark-plug;Электрика;Зажигание и датчики;Свеча зажигания;NGK CR7E — Yamaha 4T (Jog, Vino, Gear);Свеча зажигания — NGK CR7E — Yamaha 4T (Jog, Vino, Gear);1100;1500
ELEC-IGN-01-V2;spark-plug;Электрика;Зажигание и датчики;Свеча зажигания;NGK CR7HSA — Honda 4T (Dio, Jog AY01);Свеча зажигания — NGK CR7HSA — Honda 4T (Dio, Jog AY01);450;700
ELEC-IGN-01-V3;spark-plug;Электрика;Зажигание и датчики;Свеча зажигания;NGK C7HSA — GY6 150 (Tank T150);Свеча зажигания — NGK C7HSA — GY6 150 (Tank T150);350;550
ELEC-IGN-02-U;plug-cap;Электрика;Зажигание и датчики;Колпачок свечи;все модели;Колпачок свечи — все модели;170;250
ELEC-IGN-03-Y;ignition-coil;Электрика;Зажигание и датчики;Катушка зажигания;Yamaha 4T (Jog, Vino, Gear);Катушка зажигания — Yamaha 4T (Jog, Vino, Gear);850;1150
ELEC-IGN-03-H;ignition-coil;Электрика;Зажигание и датчики;Катушка зажигания;Honda 4T (Dio, Jog AY01);Катушка зажигания — Honda 4T (Dio, Jog AY01);1300;1800
ELEC-IGN-03-C;ignition-coil;Электрика;Зажигание и датчики;Катушка зажигания;GY6 150 (Tank T150);Катушка зажигания — GY6 150 (Tank T150);450;700
ELEC-IGN-04-C;cdi;Электрика;Зажигание и датчики;Коммутатор (CDI);GY6 150 (Tank T150);Коммутатор (CDI) — GY6 150 (Tank T150);650;900
ELEC-IGN-05-Y;ecu;Электрика;Зажигание и датчики;Блок управления инжектором (ЭБУ);Yamaha 4T (Jog, Vino, Gear);Блок управления инжектором (ЭБУ) — Yamaha 4T (Jog, Vino, Gear);7500;9750
ELEC-IGN-05-H;ecu;Электрика;Зажигание и датчики;Блок управления инжектором (ЭБУ);Honda 4T (Dio, Jog AY01);Блок управления инжектором (ЭБУ) — Honda 4T (Dio, Jog AY01);8500;11050
ELEC-IGN-06-YH;tps;Электрика;Зажигание и датчики;Датчик положения дросселя;Yamaha 4T, Honda 4T;Датчик положения дросселя — Yamaha 4T, Honda 4T;1500;2050
ELEC-IGN-07-Y;o2-sensor;Электрика;Зажигание и датчики;Датчик кислорода (лямбда-зонд);Yamaha 4T (Jog, Vino, Gear);Датчик кислорода (лямбда-зонд) — Yamaha 4T (Jog, Vino, Gear);2200;3000
ELEC-IGN-07-H;o2-sensor;Электрика;Зажигание и датчики;Датчик кислорода (лямбда-зонд);Honda 4T (Dio, Jog AY01);Датчик кислорода (лямбда-зонд) — Honda 4T (Dio, Jog AY01);2600;3550
ELEC-IGN-08-YH;temp-sensor;Электрика;Зажигание и датчики;Датчик температуры двигателя;Yamaha 4T, Honda 4T;Датчик температуры двигателя — Yamaha 4T, Honda 4T;600;850
ELEC-IGN-09-YH;map-sensor;Электрика;Зажигание и датчики;Датчик давления во впуске;Yamaha 4T, Honda 4T;Датчик давления во впуске — Yamaha 4T, Honda 4T;1800;2450
ELEC-IGN-10-Y;pickup-coil;Электрика;Зажигание и датчики;Датчик положения коленвала;Yamaha 4T (Jog, Vino, Gear);Датчик положения коленвала — Yamaha 4T (Jog, Vino, Gear);900;1250
ELEC-IGN-10-H;pickup-coil;Электрика;Зажигание и датчики;Датчик положения коленвала;Honda 4T (Dio, Jog AY01);Датчик положения коленвала — Honda 4T (Dio, Jog AY01);1000;1350
ELEC-IGN-10-C;pickup-coil;Электрика;Зажигание и датчики;Датчик положения коленвала;GY6 150 (Tank T150);Датчик положения коленвала — GY6 150 (Tank T150);500;700
ELEC-IGN-11-G;fuel-level-sensor;Электрика;Зажигание и датчики;Датчик уровня топлива;Yamaha Gear 4T;Датчик уровня топлива — Yamaha Gear 4T;800;1100
ELEC-IGN-11-J;fuel-level-sensor;Электрика;Зажигание и датчики;Датчик уровня топлива;Yamaha Jog 4T;Датчик уровня топлива — Yamaha Jog 4T;800;1100
ELEC-IGN-11-A;fuel-level-sensor;Электрика;Зажигание и датчики;Датчик уровня топлива;Yamaha Jog AY01;Датчик уровня топлива — Yamaha Jog AY01;900;1250
ELEC-IGN-11-D;fuel-level-sensor;Электрика;Зажигание и датчики;Датчик уровня топлива;Honda Dio AF62/68;Датчик уровня топлива — Honda Dio AF62/68;900;1250
ELEC-IGN-11-T;fuel-level-sensor;Электрика;Зажигание и датчики;Датчик уровня топлива;Tank T150;Датчик уровня топлива — Tank T150;600;850
ELEC-IGN-12-U;stop-switch;Электрика;Зажигание и датчики;Выключатель стоп-сигнала (на рычаге);все модели;Выключатель стоп-сигнала (на рычаге) — все модели;150;250
ELEC-IGN-13-A;side-stand-switch;Электрика;Зажигание и датчики;Датчик боковой подножки;Yamaha Jog AY01;Датчик боковой подножки — Yamaha Jog AY01;900;1250
ELEC-IGN-13-D;side-stand-switch;Электрика;Зажигание и датчики;Датчик боковой подножки;Honda Dio AF62/68;Датчик боковой подножки — Honda Dio AF62/68;800;1100
ELEC-GEN-01-Y;stator;Электрика;Генератор и стартер;Статор генератора;Yamaha 4T (Jog, Vino, Gear);Статор генератора — Yamaha 4T (Jog, Vino, Gear);3000;3900
ELEC-GEN-01-H;stator;Электрика;Генератор и стартер;Статор генератора;Honda 4T (Dio, Jog AY01);Статор генератора — Honda 4T (Dio, Jog AY01);3200;4200
ELEC-GEN-01-C;stator;Электрика;Генератор и стартер;Статор генератора;GY6 150 (Tank T150);Статор генератора — GY6 150 (Tank T150);1800;2450
ELEC-GEN-02-Y;rotor;Электрика;Генератор и стартер;Ротор генератора (маховик);Yamaha 4T (Jog, Vino, Gear);Ротор генератора (маховик) — Yamaha 4T (Jog, Vino, Gear);2500;3400
ELEC-GEN-02-H;rotor;Электрика;Генератор и стартер;Ротор генератора (маховик);Honda 4T (Dio, Jog AY01);Ротор генератора (маховик) — Honda 4T (Dio, Jog AY01);2700;3650
ELEC-GEN-02-C;rotor;Электрика;Генератор и стартер;Ротор генератора (маховик);GY6 150 (Tank T150);Ротор генератора (маховик) — GY6 150 (Tank T150);1500;2050
ELEC-GEN-03-U;flywheel-key;Электрика;Генератор и стартер;Шпонка маховика;все модели;Шпонка маховика — все модели;80;150
ELEC-GEN-04-U;flywheel-nut;Электрика;Генератор и стартер;Гайка маховика;все модели;Гайка маховика — все модели;120;200
ELEC-GEN-05-Y;starter-motor;Электрика;Генератор и стартер;Электростартер;Yamaha 4T (Jog, Vino, Gear);Электростартер — Yamaha 4T (Jog, Vino, Gear);2100;2850
ELEC-GEN-05-H;starter-motor;Электрика;Генератор и стартер;Электростартер;Honda 4T (Dio, Jog AY01);Электростартер — Honda 4T (Dio, Jog AY01);2400;3250
ELEC-GEN-05-C;starter-motor;Электрика;Генератор и стартер;Электростартер;GY6 150 (Tank T150);Электростартер — GY6 150 (Tank T150);1600;2200
ELEC-GEN-06-U;starter-brushes;Электрика;Генератор и стартер;Щётки стартера;все модели;Щётки стартера — все модели;350;550
ELEC-GEN-07-Y;starter-bendix;Электрика;Генератор и стартер;Бендикс стартера;Yamaha 4T (Jog, Vino, Gear);Бендикс стартера — Yamaha 4T (Jog, Vino, Gear);800;1100
ELEC-GEN-07-H;starter-bendix;Электрика;Генератор и стартер;Бендикс стартера;Honda 4T (Dio, Jog AY01);Бендикс стартера — Honda 4T (Dio, Jog AY01);900;1250
ELEC-GEN-07-C;starter-bendix;Электрика;Генератор и стартер;Бендикс стартера;GY6 150 (Tank T150);Бендикс стартера — GY6 150 (Tank T150);600;850
ELEC-GEN-08-U;starter-idle-gear;Электрика;Генератор и стартер;Шестерня стартера промежуточная;все модели;Шестерня стартера промежуточная — все модели;500;700
ELEC-GEN-09-Y;starter-clutch;Электрика;Генератор и стартер;Обгонная муфта стартера;Yamaha 4T (Jog, Vino, Gear);Обгонная муфта стартера — Yamaha 4T (Jog, Vino, Gear);1500;2050
ELEC-GEN-09-H;starter-clutch;Электрика;Генератор и стартер;Обгонная муфта стартера;Honda 4T (Dio, Jog AY01);Обгонная муфта стартера — Honda 4T (Dio, Jog AY01);1600;2200
ELEC-GEN-09-C;starter-clutch;Электрика;Генератор и стартер;Обгонная муфта стартера;GY6 150 (Tank T150);Обгонная муфта стартера — GY6 150 (Tank T150);1000;1350
ENG-CYL-01-Y;piston-kit;Двигатель;Цилиндр и поршень;ЦПГ в сборе (цилиндр, поршень, кольца);Yamaha 4T (Jog, Vino, Gear);ЦПГ в сборе (цилиндр, поршень, кольца) — Yamaha 4T (Jog, Vino, Gear);4790;6250
ENG-CYL-01-H;piston-kit;Двигатель;Цилиндр и поршень;ЦПГ в сборе (цилиндр, поршень, кольца);Honda 4T (Dio, Jog AY01);ЦПГ в сборе (цилиндр, поршень, кольца) — Honda 4T (Dio, Jog AY01);4500;5850
ENG-CYL-01-C;piston-kit;Двигатель;Цилиндр и поршень;ЦПГ в сборе (цилиндр, поршень, кольца);GY6 150 (Tank T150);ЦПГ в сборе (цилиндр, поршень, кольца) — GY6 150 (Tank T150);3900;5100
ENG-CYL-02-Y;cylinder;Двигатель;Цилиндр и поршень;Цилиндр;Yamaha 4T (Jog, Vino, Gear);Цилиндр — Yamaha 4T (Jog, Vino, Gear);3000;3900
ENG-CYL-02-H;cylinder;Двигатель;Цилиндр и поршень;Цилиндр;Honda 4T (Dio, Jog AY01);Цилиндр — Honda 4T (Dio, Jog AY01);2800;3800
ENG-CYL-02-C;cylinder;Двигатель;Цилиндр и поршень;Цилиндр;GY6 150 (Tank T150);Цилиндр — GY6 150 (Tank T150);2200;3000
ENG-CYL-03-Y;piston;Двигатель;Цилиндр и поршень;Поршень с кольцами и пальцем;Yamaha 4T (Jog, Vino, Gear);Поршень с кольцами и пальцем — Yamaha 4T (Jog, Vino, Gear);2000;2700
ENG-CYL-03-H;piston;Двигатель;Цилиндр и поршень;Поршень с кольцами и пальцем;Honda 4T (Dio, Jog AY01);Поршень с кольцами и пальцем — Honda 4T (Dio, Jog AY01);1800;2450
ENG-CYL-03-C;piston;Двигатель;Цилиндр и поршень;Поршень с кольцами и пальцем;GY6 150 (Tank T150);Поршень с кольцами и пальцем — GY6 150 (Tank T150);1400;1900
ENG-CYL-04-Y;piston-rings;Двигатель;Цилиндр и поршень;Кольца поршневые (комплект);Yamaha 4T (Jog, Vino, Gear);Кольца поршневые (комплект) — Yamaha 4T (Jog, Vino, Gear);700;950
ENG-CYL-04-H;piston-rings;Двигатель;Цилиндр и поршень;Кольца поршневые (комплект);Honda 4T (Dio, Jog AY01);Кольца поршневые (комплект) — Honda 4T (Dio, Jog AY01);650;900
ENG-CYL-04-C;piston-rings;Двигатель;Цилиндр и поршень;Кольца поршневые (комплект);GY6 150 (Tank T150);Кольца поршневые (комплект) — GY6 150 (Tank T150);450;700
ENG-CYL-05-Y;piston-pin;Двигатель;Цилиндр и поршень;Палец поршня;Yamaha 4T (Jog, Vino, Gear);Палец поршня — Yamaha 4T (Jog, Vino, Gear);200;300
ENG-CYL-05-H;piston-pin;Двигатель;Цилиндр и поршень;Палец поршня;Honda 4T (Dio, Jog AY01);Палец поршня — Honda 4T (Dio, Jog AY01);200;300
ENG-CYL-05-C;piston-pin;Двигатель;Цилиндр и поршень;Палец поршня;GY6 150 (Tank T150);Палец поршня — GY6 150 (Tank T150);180;300
ENG-CYL-06-U;pin-clips;Двигатель;Цилиндр и поршень;Стопорные кольца пальца (пара);все модели;Стопорные кольца пальца (пара) — все модели;50;100
ENG-CYL-07-Y;cylinder-gasket;Двигатель;Цилиндр и поршень;Прокладка под цилиндр;Yamaha 4T (Jog, Vino, Gear);Прокладка под цилиндр — Yamaha 4T (Jog, Vino, Gear);150;250
ENG-CYL-07-H;cylinder-gasket;Двигатель;Цилиндр и поршень;Прокладка под цилиндр;Honda 4T (Dio, Jog AY01);Прокладка под цилиндр — Honda 4T (Dio, Jog AY01);150;250
ENG-CYL-07-C;cylinder-gasket;Двигатель;Цилиндр и поршень;Прокладка под цилиндр;GY6 150 (Tank T150);Прокладка под цилиндр — GY6 150 (Tank T150);120;200
ENG-CYL-08-Y;head-gasket;Двигатель;Цилиндр и поршень;Прокладка ГБЦ;Yamaha 4T (Jog, Vino, Gear);Прокладка ГБЦ — Yamaha 4T (Jog, Vino, Gear);200;300
ENG-CYL-08-H;head-gasket;Двигатель;Цилиндр и поршень;Прокладка ГБЦ;Honda 4T (Dio, Jog AY01);Прокладка ГБЦ — Honda 4T (Dio, Jog AY01);200;300
ENG-CYL-08-C;head-gasket;Двигатель;Цилиндр и поршень;Прокладка ГБЦ;GY6 150 (Tank T150);Прокладка ГБЦ — GY6 150 (Tank T150);180;300
ENG-CYL-09-Y;cylinder-studs;Двигатель;Цилиндр и поршень;Шпильки цилиндра (комплект);Yamaha 4T (Jog, Vino, Gear);Шпильки цилиндра (комплект) — Yamaha 4T (Jog, Vino, Gear);600;850
ENG-CYL-09-H;cylinder-studs;Двигатель;Цилиндр и поршень;Шпильки цилиндра (комплект);Honda 4T (Dio, Jog AY01);Шпильки цилиндра (комплект) — Honda 4T (Dio, Jog AY01);600;850
ENG-CYL-09-C;cylinder-studs;Двигатель;Цилиндр и поршень;Шпильки цилиндра (комплект);GY6 150 (Tank T150);Шпильки цилиндра (комплект) — GY6 150 (Tank T150);500;700
ENG-CYL-10-U;cylinder-nuts;Двигатель;Цилиндр и поршень;Гайки шпилек цилиндра с шайбами (комплект);все модели;Гайки шпилек цилиндра с шайбами (комплект) — все модели;200;300
ENG-CYL-11-U;dowel-pins;Двигатель;Цилиндр и поршень;Центровочные втулки цилиндра (пара);все модели;Центровочные втулки цилиндра (пара) — все модели;100;150
ENG-HEAD-01-Y;cylinder-head;Двигатель;Головка и ГРМ;Головка цилиндра в сборе;Yamaha 4T (Jog, Vino, Gear);Головка цилиндра в сборе — Yamaha 4T (Jog, Vino, Gear);5500;7150
ENG-HEAD-01-H;cylinder-head;Двигатель;Головка и ГРМ;Головка цилиндра в сборе;Honda 4T (Dio, Jog AY01);Головка цилиндра в сборе — Honda 4T (Dio, Jog AY01);5200;6800
ENG-HEAD-01-C;cylinder-head;Двигатель;Головка и ГРМ;Головка цилиндра в сборе;GY6 150 (Tank T150);Головка цилиндра в сборе — GY6 150 (Tank T150);3500;4550
ENG-HEAD-02-Y;valves;Двигатель;Головка и ГРМ;Клапаны (комплект);Yamaha 4T (Jog, Vino, Gear);Клапаны (комплект) — Yamaha 4T (Jog, Vino, Gear);1280;1750
ENG-HEAD-02-H;valves;Двигатель;Головка и ГРМ;Клапаны (комплект);Honda 4T (Dio, Jog AY01);Клапаны (комплект) — Honda 4T (Dio, Jog AY01);1200;1650
ENG-HEAD-02-C;valves;Двигатель;Головка и ГРМ;Клапаны (комплект);GY6 150 (Tank T150);Клапаны (комплект) — GY6 150 (Tank T150);650;900
ENG-HEAD-03-Y;valve-springs;Двигатель;Головка и ГРМ;Пружины клапанов (комплект);Yamaha 4T (Jog, Vino, Gear);Пружины клапанов (комплект) — Yamaha 4T (Jog, Vino, Gear);400;600
ENG-HEAD-03-H;valve-springs;Двигатель;Головка и ГРМ;Пружины клапанов (комплект);Honda 4T (Dio, Jog AY01);Пружины клапанов (комплект) — Honda 4T (Dio, Jog AY01);400;600
ENG-HEAD-03-C;valve-springs;Двигатель;Головка и ГРМ;Пружины клапанов (комплект);GY6 150 (Tank T150);Пружины клапанов (комплект) — GY6 150 (Tank T150);350;550
ENG-HEAD-04-U;valve-keepers;Двигатель;Головка и ГРМ;Сухари клапанов (комплект);все модели;Сухари клапанов (комплект) — все модели;100;150
ENG-HEAD-05-U;valve-seals;Двигатель;Головка и ГРМ;Сальники клапанов (комплект);все модели;Сальники клапанов (комплект) — все модели;300;450
ENG-HEAD-06-U;valve-guides;Двигатель;Головка и ГРМ;Направляющие клапанов (пара);все модели;Направляющие клапанов (пара) — все модели;500;700
ENG-HEAD-07-Y;camshaft;Двигатель;Головка и ГРМ;Распредвал;Yamaha 4T (Jog, Vino, Gear);Распредвал — Yamaha 4T (Jog, Vino, Gear);1500;2050
ENG-HEAD-07-H;camshaft;Двигатель;Головка и ГРМ;Распредвал;Honda 4T (Dio, Jog AY01);Распредвал — Honda 4T (Dio, Jog AY01);1600;2200
ENG-HEAD-07-C;camshaft;Двигатель;Головка и ГРМ;Распредвал;GY6 150 (Tank T150);Распредвал — GY6 150 (Tank T150);1200;1650
ENG-HEAD-08-Y;rocker-arms;Двигатель;Головка и ГРМ;Коромысла клапанов (пара);Yamaha 4T (Jog, Vino, Gear);Коромысла клапанов (пара) — Yamaha 4T (Jog, Vino, Gear);900;1250
ENG-HEAD-08-H;rocker-arms;Двигатель;Головка и ГРМ;Коромысла клапанов (пара);Honda 4T (Dio, Jog AY01);Коромысла клапанов (пара) — Honda 4T (Dio, Jog AY01);900;1250
ENG-HEAD-08-C;rocker-arms;Двигатель;Головка и ГРМ;Коромысла клапанов (пара);GY6 150 (Tank T150);Коромысла клапанов (пара) — GY6 150 (Tank T150);600;850
ENG-HEAD-09-U;rocker-shafts;Двигатель;Головка и ГРМ;Оси коромысел (пара);все модели;Оси коромысел (пара) — все модели;400;600
ENG-HEAD-10-U;valve-adjusters;Двигатель;Головка и ГРМ;Регулировочные винты клапанов с гайками (пара);все модели;Регулировочные винты клапанов с гайками (пара) — все модели;200;300
ENG-HEAD-11-Y;cam-sprocket;Двигатель;Головка и ГРМ;Звезда распредвала;Yamaha 4T (Jog, Vino, Gear);Звезда распредвала — Yamaha 4T (Jog, Vino, Gear);500;700
ENG-HEAD-11-H;cam-sprocket;Двигатель;Головка и ГРМ;Звезда распредвала;Honda 4T (Dio, Jog AY01);Звезда распредвала — Honda 4T (Dio, Jog AY01);500;700
ENG-HEAD-11-C;cam-sprocket;Двигатель;Головка и ГРМ;Звезда распредвала;GY6 150 (Tank T150);Звезда распредвала — GY6 150 (Tank T150);400;600
ENG-HEAD-12-Y;cam-chain;Двигатель;Головка и ГРМ;Цепь ГРМ;Yamaha 4T (Jog, Vino, Gear);Цепь ГРМ — Yamaha 4T (Jog, Vino, Gear);900;1250
ENG-HEAD-12-H;cam-chain;Двигатель;Головка и ГРМ;Цепь ГРМ;Honda 4T (Dio, Jog AY01);Цепь ГРМ — Honda 4T (Dio, Jog AY01);900;1250
ENG-HEAD-12-C;cam-chain;Двигатель;Головка и ГРМ;Цепь ГРМ;GY6 150 (Tank T150);Цепь ГРМ — GY6 150 (Tank T150);700;950
ENG-HEAD-13-Y;chain-tensioner;Двигатель;Головка и ГРМ;Натяжитель цепи ГРМ;Yamaha 4T (Jog, Vino, Gear);Натяжитель цепи ГРМ — Yamaha 4T (Jog, Vino, Gear);900;1250
ENG-HEAD-13-H;chain-tensioner;Двигатель;Головка и ГРМ;Натяжитель цепи ГРМ;Honda 4T (Dio, Jog AY01);Натяжитель цепи ГРМ — Honda 4T (Dio, Jog AY01);900;1250
ENG-HEAD-13-C;chain-tensioner;Двигатель;Головка и ГРМ;Натяжитель цепи ГРМ;GY6 150 (Tank T150);Натяжитель цепи ГРМ — GY6 150 (Tank T150);600;850
ENG-HEAD-14-U;tensioner-gasket;Двигатель;Головка и ГРМ;Прокладка натяжителя;все модели;Прокладка натяжителя — все модели;60;100
ENG-HEAD-15-U;chain-guide;Двигатель;Головка и ГРМ;Успокоитель цепи ГРМ;все модели;Успокоитель цепи ГРМ — все модели;450;700
ENG-HEAD-16-U;tensioner-blade;Двигатель;Головка и ГРМ;Башмак натяжителя цепи ГРМ;все модели;Башмак натяжителя цепи ГРМ — все модели;450;700
ENG-HEAD-17-Y;valve-cover;Двигатель;Головка и ГРМ;Крышка клапанов;Yamaha 4T (Jog, Vino, Gear);Крышка клапанов — Yamaha 4T (Jog, Vino, Gear);900;1250
ENG-HEAD-17-H;valve-cover;Двигатель;Головка и ГРМ;Крышка клапанов;Honda 4T (Dio, Jog AY01);Крышка клапанов — Honda 4T (Dio, Jog AY01);900;1250
ENG-HEAD-17-C;valve-cover;Двигатель;Головка и ГРМ;Крышка клапанов;GY6 150 (Tank T150);Крышка клапанов — GY6 150 (Tank T150);600;850
ENG-HEAD-18-U;valve-cover-gasket;Двигатель;Головка и ГРМ;Прокладка клапанной крышки;все модели;Прокладка клапанной крышки — все модели;250;400
ENG-HEAD-19-C;tappet-caps;Двигатель;Головка и ГРМ;Крышки регулировочных окон с кольцами (пара);GY6 150 (Tank T150);Крышки регулировочных окон с кольцами (пара) — GY6 150 (Tank T150);250;400
ENG-CRANK-01-Y;crankshaft;Двигатель;Картер и коленвал;Коленвал;Yamaha 4T (Jog, Vino, Gear);Коленвал — Yamaha 4T (Jog, Vino, Gear);6500;8450
ENG-CRANK-01-H;crankshaft;Двигатель;Картер и коленвал;Коленвал;Honda 4T (Dio, Jog AY01);Коленвал — Honda 4T (Dio, Jog AY01);6200;8100
ENG-CRANK-01-C;crankshaft;Двигатель;Картер и коленвал;Коленвал;GY6 150 (Tank T150);Коленвал — GY6 150 (Tank T150);4500;5850
ENG-CRANK-02-Y;crank-bearings;Двигатель;Картер и коленвал;Подшипники коленвала (пара);Yamaha 4T (Jog, Vino, Gear);Подшипники коленвала (пара) — Yamaha 4T (Jog, Vino, Gear);900;1250
ENG-CRANK-02-H;crank-bearings;Двигатель;Картер и коленвал;Подшипники коленвала (пара);Honda 4T (Dio, Jog AY01);Подшипники коленвала (пара) — Honda 4T (Dio, Jog AY01);900;1250
ENG-CRANK-02-C;crank-bearings;Двигатель;Картер и коленвал;Подшипники коленвала (пара);GY6 150 (Tank T150);Подшипники коленвала (пара) — GY6 150 (Tank T150);800;1100
ENG-CRANK-03-YH;crank-seals;Двигатель;Картер и коленвал;Сальники коленвала (пара);Yamaha 4T, Honda 4T;Сальники коленвала (пара) — Yamaha 4T, Honda 4T;200;300
ENG-CRANK-03-C;crank-seals;Двигатель;Картер и коленвал;Сальники коленвала (пара);GY6 150 (Tank T150);Сальники коленвала (пара) — GY6 150 (Tank T150);250;400
ENG-CRANK-04-Y;crankcase;Двигатель;Картер и коленвал;Картер (половинка);Yamaha 4T (Jog, Vino, Gear);Картер (половинка) — Yamaha 4T (Jog, Vino, Gear);6000;7800
ENG-CRANK-04-H;crankcase;Двигатель;Картер и коленвал;Картер (половинка);Honda 4T (Dio, Jog AY01);Картер (половинка) — Honda 4T (Dio, Jog AY01);6000;7800
ENG-CRANK-04-C;crankcase;Двигатель;Картер и коленвал;Картер (половинка);GY6 150 (Tank T150);Картер (половинка) — GY6 150 (Tank T150);3500;4550
ENG-CRANK-05-Y;crankcase-gasket;Двигатель;Картер и коленвал;Прокладка картера;Yamaha 4T (Jog, Vino, Gear);Прокладка картера — Yamaha 4T (Jog, Vino, Gear);150;250
ENG-CRANK-05-H;crankcase-gasket;Двигатель;Картер и коленвал;Прокладка картера;Honda 4T (Dio, Jog AY01);Прокладка картера — Honda 4T (Dio, Jog AY01);150;250
ENG-CRANK-05-C;crankcase-gasket;Двигатель;Картер и коленвал;Прокладка картера;GY6 150 (Tank T150);Прокладка картера — GY6 150 (Tank T150);120;200
ENG-CRANK-06-U;crankcase-bolts;Двигатель;Картер и коленвал;Болты картера (комплект);все модели;Болты картера (комплект) — все модели;300;450
ENG-CRANK-07-Y;generator-cover;Двигатель;Картер и коленвал;Крышка генератора;Yamaha 4T (Jog, Vino, Gear);Крышка генератора — Yamaha 4T (Jog, Vino, Gear);1500;2050
ENG-CRANK-07-H;generator-cover;Двигатель;Картер и коленвал;Крышка генератора;Honda 4T (Dio, Jog AY01);Крышка генератора — Honda 4T (Dio, Jog AY01);1600;2200
ENG-CRANK-07-C;generator-cover;Двигатель;Картер и коленвал;Крышка генератора;GY6 150 (Tank T150);Крышка генератора — GY6 150 (Tank T150);900;1250
ENG-CRANK-08-U;generator-cover-gasket;Двигатель;Картер и коленвал;Прокладка крышки генератора;все модели;Прокладка крышки генератора — все модели;120;200
ENG-CRANK-09-Y;generator-seals;Двигатель;Картер и коленвал;Сальники двигателя со стороны генератора (комплект);Yamaha 4T (Jog, Vino, Gear);Сальники двигателя со стороны генератора (комплект) — Yamaha 4T (Jog, Vino, Gear);220;350
ENG-CRANK-10-Y;engine-gaskets;Двигатель;Картер и коленвал;Прокладки двигателя (полный комплект);Yamaha 4T (Jog, Vino, Gear);Прокладки двигателя (полный комплект) — Yamaha 4T (Jog, Vino, Gear);900;1250
ENG-CRANK-10-H;engine-gaskets;Двигатель;Картер и коленвал;Прокладки двигателя (полный комплект);Honda 4T (Dio, Jog AY01);Прокладки двигателя (полный комплект) — Honda 4T (Dio, Jog AY01);900;1250
ENG-CRANK-10-C;engine-gaskets;Двигатель;Картер и коленвал;Прокладки двигателя (полный комплект);GY6 150 (Tank T150);Прокладки двигателя (полный комплект) — GY6 150 (Tank T150);650;900
ENG-CRANK-11-Y;top-end-gaskets;Двигатель;Картер и коленвал;Прокладки ЦПГ (верхний комплект);Yamaha 4T (Jog, Vino, Gear);Прокладки ЦПГ (верхний комплект) — Yamaha 4T (Jog, Vino, Gear);330;500
ENG-CRANK-11-H;top-end-gaskets;Двигатель;Картер и коленвал;Прокладки ЦПГ (верхний комплект);Honda 4T (Dio, Jog AY01);Прокладки ЦПГ (верхний комплект) — Honda 4T (Dio, Jog AY01);350;550
ENG-CRANK-11-C;top-end-gaskets;Двигатель;Картер и коленвал;Прокладки ЦПГ (верхний комплект);GY6 150 (Tank T150);Прокладки ЦПГ (верхний комплект) — GY6 150 (Tank T150);300;450
ENG-CRANK-12-Y;engine-assembly;Двигатель;Картер и коленвал;Двигатель в сборе (контрактный);Yamaha 4T (Jog, Vino, Gear);Двигатель в сборе (контрактный) — Yamaha 4T (Jog, Vino, Gear);25000;30000
ENG-CRANK-12-H;engine-assembly;Двигатель;Картер и коленвал;Двигатель в сборе (контрактный);Honda 4T (Dio, Jog AY01);Двигатель в сборе (контрактный) — Honda 4T (Dio, Jog AY01);26000;31200
ENG-CRANK-12-C;engine-assembly;Двигатель;Картер и коленвал;Двигатель в сборе (контрактный);GY6 150 (Tank T150);Двигатель в сборе (контрактный) — GY6 150 (Tank T150);18000;21600
ENG-OIL-01-Y;oil-pump;Двигатель;Смазка;Масляный насос;Yamaha 4T (Jog, Vino, Gear);Масляный насос — Yamaha 4T (Jog, Vino, Gear);900;1250
ENG-OIL-01-H;oil-pump;Двигатель;Смазка;Масляный насос;Honda 4T (Dio, Jog AY01);Масляный насос — Honda 4T (Dio, Jog AY01);1000;1350
ENG-OIL-01-C;oil-pump;Двигатель;Смазка;Масляный насос;GY6 150 (Tank T150);Масляный насос — GY6 150 (Tank T150);700;950
ENG-OIL-02-U;oil-pump-drive;Двигатель;Смазка;Шестерня (цепь) привода маслонасоса;все модели;Шестерня (цепь) привода маслонасоса — все модели;400;600
ENG-OIL-03-U;oil-strainer;Двигатель;Смазка;Сетка маслоприёмника;все модели;Сетка маслоприёмника — все модели;200;300
ENG-OIL-04-U;drain-plug;Двигатель;Смазка;Пробка сливная с прокладкой;все модели;Пробка сливная с прокладкой — все модели;200;300
ENG-OIL-05-U;drain-washer;Двигатель;Смазка;Шайба сливной пробки медная;все модели;Шайба сливной пробки медная — все модели;40;100
ENG-OIL-06-U;dipstick;Двигатель;Смазка;Щуп масляный;все модели;Щуп масляный — все модели;200;300
ENG-OIL-07-U;oil-orings;Двигатель;Смазка;Кольца уплотнительные масляные (комплект);все модели;Кольца уплотнительные масляные (комплект) — все модели;150;250
ENG-OIL-08-C;oil-filter-cap;Двигатель;Смазка;Крышка масляного фильтра с пружиной;GY6 150 (Tank T150);Крышка масляного фильтра с пружиной — GY6 150 (Tank T150);400;600
ENG-KICK-01-Y;kick-shaft;Двигатель;Кикстартер и подвеска двигателя;Вал кикстартера с шестернёй;Yamaha 4T (Jog, Vino, Gear);Вал кикстартера с шестернёй — Yamaha 4T (Jog, Vino, Gear);900;1250
ENG-KICK-01-C;kick-shaft;Двигатель;Кикстартер и подвеска двигателя;Вал кикстартера с шестернёй;GY6 150 (Tank T150);Вал кикстартера с шестернёй — GY6 150 (Tank T150);700;950
ENG-KICK-02-U;kick-spring;Двигатель;Кикстартер и подвеска двигателя;Пружина кикстартера;все модели;Пружина кикстартера — все модели;150;250
ENG-KICK-03-Y;kick-ratchet;Двигатель;Кикстартер и подвеска двигателя;Шестерня кикстартера (трещотка);Yamaha 4T (Jog, Vino, Gear);Шестерня кикстартера (трещотка) — Yamaha 4T (Jog, Vino, Gear);600;850
ENG-KICK-03-C;kick-ratchet;Двигатель;Кикстартер и подвеска двигателя;Шестерня кикстартера (трещотка);GY6 150 (Tank T150);Шестерня кикстартера (трещотка) — GY6 150 (Tank T150);450;700
ENG-KICK-04-U;kick-lever;Двигатель;Кикстартер и подвеска двигателя;Ножка кикстартера;все модели;Ножка кикстартера — все модели;450;700
ENG-KICK-05-U;engine-mount-bushings;Двигатель;Кикстартер и подвеска двигателя;Сайлентблоки подвески двигателя (комплект);все модели;Сайлентблоки подвески двигателя (комплект) — все модели;900;1250
ENG-KICK-06-U;engine-mount-bolt;Двигатель;Кикстартер и подвеска двигателя;Болт подвески двигателя с гайкой;все модели;Болт подвески двигателя с гайкой — все модели;250;400
TRANS-CVT-01-V1;drive-belt;Трансмиссия;Вариатор;Ремень вариатора;810×17,5 — Yamaha Gear 4T;Ремень вариатора — 810×17,5 — Yamaha Gear 4T;890;1250
TRANS-CVT-01-V2;drive-belt;Трансмиссия;Вариатор;Ремень вариатора;660×16,5 — Yamaha Jog 4T, Vino 4T;Ремень вариатора — 660×16,5 — Yamaha Jog 4T, Vino 4T;790;1100
TRANS-CVT-01-V3;drive-belt;Трансмиссия;Вариатор;Ремень вариатора;670×17,7 — Honda Dio AF62/68, Jog AY01;Ремень вариатора — 670×17,7 — Honda Dio AF62/68, Jog AY01;900;1250
TRANS-CVT-01-V4;drive-belt;Трансмиссия;Вариатор;Ремень вариатора;оригинальный Honda 23100-GFC — Dio, Jog AY01;Ремень вариатора — оригинальный Honda 23100-GFC — Dio, Jog AY01;4990;6500
TRANS-CVT-01-V5;drive-belt;Трансмиссия;Вариатор;Ремень вариатора;842×20 — GY6 150 (Tank T150);Ремень вариатора — 842×20 — GY6 150 (Tank T150);890;1250
TRANS-CVT-02-V1;variator-rollers;Трансмиссия;Вариатор;Ролики вариатора (6 шт);15×12 — Yamaha 4T (Jog, Vino, Gear);Ролики вариатора (6 шт) — 15×12 — Yamaha 4T (Jog, Vino, Gear);240;350
TRANS-CVT-02-V2;variator-rollers;Трансмиссия;Вариатор;Ролики вариатора (6 шт);16×13 — Honda 4T (Dio, Jog AY01);Ролики вариатора (6 шт) — 16×13 — Honda 4T (Dio, Jog AY01);300;450
TRANS-CVT-02-V3;variator-rollers;Трансмиссия;Вариатор;Ролики вариатора (6 шт);18×14 — GY6 150 (Tank T150);Ролики вариатора (6 шт) — 18×14 — GY6 150 (Tank T150);350;550
TRANS-CVT-03-U;variator-sliders;Трансмиссия;Вариатор;Слайдеры вариатора (комплект);все модели;Слайдеры вариатора (комплект) — все модели;250;400
TRANS-CVT-04-Y;variator;Трансмиссия;Вариатор;Передний вариатор в сборе;Yamaha 4T (Jog, Vino, Gear);Передний вариатор в сборе — Yamaha 4T (Jog, Vino, Gear);2200;3000
TRANS-CVT-04-H;variator;Трансмиссия;Вариатор;Передний вариатор в сборе;Honda 4T (Dio, Jog AY01);Передний вариатор в сборе — Honda 4T (Dio, Jog AY01);1700;2300
TRANS-CVT-04-C;variator;Трансмиссия;Вариатор;Передний вариатор в сборе;GY6 150 (Tank T150);Передний вариатор в сборе — GY6 150 (Tank T150);1650;2250
TRANS-CVT-05-Y;fan-pulley;Трансмиссия;Вариатор;Щёчка вариатора неподвижная (крыльчатка);Yamaha 4T (Jog, Vino, Gear);Щёчка вариатора неподвижная (крыльчатка) — Yamaha 4T (Jog, Vino, Gear);800;1100
TRANS-CVT-05-H;fan-pulley;Трансмиссия;Вариатор;Щёчка вариатора неподвижная (крыльчатка);Honda 4T (Dio, Jog AY01);Щёчка вариатора неподвижная (крыльчатка) — Honda 4T (Dio, Jog AY01);700;950
TRANS-CVT-05-C;fan-pulley;Трансмиссия;Вариатор;Щёчка вариатора неподвижная (крыльчатка);GY6 150 (Tank T150);Щёчка вариатора неподвижная (крыльчатка) — GY6 150 (Tank T150);600;850
TRANS-CVT-06-U;ramp-plate;Трансмиссия;Вариатор;Опорная шайба (кулиса) вариатора;все модели;Опорная шайба (кулиса) вариатора — все модели;350;550
TRANS-CVT-07-U;variator-bushing;Трансмиссия;Вариатор;Втулка переднего вариатора;все модели;Втулка переднего вариатора — все модели;350;550
TRANS-CVT-08-U;variator-washer;Трансмиссия;Вариатор;Шайба вариатора;все модели;Шайба вариатора — все модели;80;150
TRANS-CVT-09-U;variator-nut;Трансмиссия;Вариатор;Гайка вариатора;все модели;Гайка вариатора — все модели;100;150
TRANS-CVT-10-Y;cvt-cover;Трансмиссия;Вариатор;Крышка вариатора;Yamaha 4T (Jog, Vino, Gear);Крышка вариатора — Yamaha 4T (Jog, Vino, Gear);2500;3400
TRANS-CVT-10-H;cvt-cover;Трансмиссия;Вариатор;Крышка вариатора;Honda 4T (Dio, Jog AY01);Крышка вариатора — Honda 4T (Dio, Jog AY01);2500;3400
TRANS-CVT-10-C;cvt-cover;Трансмиссия;Вариатор;Крышка вариатора;GY6 150 (Tank T150);Крышка вариатора — GY6 150 (Tank T150);1500;2050
TRANS-CVT-11-U;cvt-cover-seal;Трансмиссия;Вариатор;Уплотнитель крышки вариатора;все модели;Уплотнитель крышки вариатора — все модели;250;400
TRANS-CVT-12-U;cvt-filter;Трансмиссия;Вариатор;Фильтр вариатора;все модели;Фильтр вариатора — все модели;300;450
TRANS-CVT-13-U;cvt-cover-bearing;Трансмиссия;Вариатор;Подшипник крышки вариатора;все модели;Подшипник крышки вариатора — все модели;250;400
TRANS-CVT-14-U;cvt-duct;Трансмиссия;Вариатор;Патрубок охлаждения вариатора;все модели;Патрубок охлаждения вариатора — все модели;500;700
TRANS-CVT-15-U;cvt-cover-bolts;Трансмиссия;Вариатор;Болты крышки вариатора (комплект);все модели;Болты крышки вариатора (комплект) — все модели;250;400
TRANS-CLUTCH-01-Y;rear-pulley;Трансмиссия;Сцепление и задний шкив;Задний шкив в сборе со сцеплением;Yamaha 4T (Jog, Vino, Gear);Задний шкив в сборе со сцеплением — Yamaha 4T (Jog, Vino, Gear);3500;4550
TRANS-CLUTCH-01-H;rear-pulley;Трансмиссия;Сцепление и задний шкив;Задний шкив в сборе со сцеплением;Honda 4T (Dio, Jog AY01);Задний шкив в сборе со сцеплением — Honda 4T (Dio, Jog AY01);3200;4200
TRANS-CLUTCH-01-C;rear-pulley;Трансмиссия;Сцепление и задний шкив;Задний шкив в сборе со сцеплением;GY6 150 (Tank T150);Задний шкив в сборе со сцеплением — GY6 150 (Tank T150);2500;3400
TRANS-CLUTCH-02-Y;clutch-shoes;Трансмиссия;Сцепление и задний шкив;Колодки сцепления;Yamaha 4T (Jog, Vino, Gear);Колодки сцепления — Yamaha 4T (Jog, Vino, Gear);1500;2050
TRANS-CLUTCH-02-H;clutch-shoes;Трансмиссия;Сцепление и задний шкив;Колодки сцепления;Honda 4T (Dio, Jog AY01);Колодки сцепления — Honda 4T (Dio, Jog AY01);1300;1800
TRANS-CLUTCH-02-C;clutch-shoes;Трансмиссия;Сцепление и задний шкив;Колодки сцепления;GY6 150 (Tank T150);Колодки сцепления — GY6 150 (Tank T150);1200;1650
TRANS-CLUTCH-03-Y;clutch-bell;Трансмиссия;Сцепление и задний шкив;Колокол сцепления;Yamaha 4T (Jog, Vino, Gear);Колокол сцепления — Yamaha 4T (Jog, Vino, Gear);1300;1800
TRANS-CLUTCH-03-H;clutch-bell;Трансмиссия;Сцепление и задний шкив;Колокол сцепления;Honda 4T (Dio, Jog AY01);Колокол сцепления — Honda 4T (Dio, Jog AY01);1200;1650
TRANS-CLUTCH-03-C;clutch-bell;Трансмиссия;Сцепление и задний шкив;Колокол сцепления;GY6 150 (Tank T150);Колокол сцепления — GY6 150 (Tank T150);1000;1350
TRANS-CLUTCH-04-U;torque-spring;Трансмиссия;Сцепление и задний шкив;Пружина сцепления (торк-драйвера);все модели;Пружина сцепления (торк-драйвера) — все модели;400;600
TRANS-CLUTCH-05-Y;torque-driver;Трансмиссия;Сцепление и задний шкив;Торк-драйвер (подвижная половина шкива);Yamaha 4T (Jog, Vino, Gear);Торк-драйвер (подвижная половина шкива) — Yamaha 4T (Jog, Vino, Gear);1800;2450
TRANS-CLUTCH-05-H;torque-driver;Трансмиссия;Сцепление и задний шкив;Торк-драйвер (подвижная половина шкива);Honda 4T (Dio, Jog AY01);Торк-драйвер (подвижная половина шкива) — Honda 4T (Dio, Jog AY01);1700;2300
TRANS-CLUTCH-05-C;torque-driver;Трансмиссия;Сцепление и задний шкив;Торк-драйвер (подвижная половина шкива);GY6 150 (Tank T150);Торк-драйвер (подвижная половина шкива) — GY6 150 (Tank T150);1300;1800
TRANS-CLUTCH-06-U;torque-pins;Трансмиссия;Сцепление и задний шкив;Направляющие торк-драйвера с роликами;все модели;Направляющие торк-драйвера с роликами — все модели;250;400
TRANS-CLUTCH-07-U;torque-needle-bearing;Трансмиссия;Сцепление и задний шкив;Подшипник игольчатый торк-драйвера;все модели;Подшипник игольчатый торк-драйвера — все модели;300;450
TRANS-CLUTCH-08-U;torque-seals;Трансмиссия;Сцепление и задний шкив;Сальники торк-драйвера (комплект);все модели;Сальники торк-драйвера (комплект) — все модели;250;400
TRANS-CLUTCH-09-U;clutch-springs;Трансмиссия;Сцепление и задний шкив;Пружины колодок сцепления (3 шт);все модели;Пружины колодок сцепления (3 шт) — все модели;200;300
TRANS-CLUTCH-10-U;clutch-nut;Трансмиссия;Сцепление и задний шкив;Гайка сцепления;все модели;Гайка сцепления — все модели;150;250
TRANS-CLUTCH-11-U;bell-nut;Трансмиссия;Сцепление и задний шкив;Гайка колокола;все модели;Гайка колокола — все модели;100;150
TRANS-GEARBOX-01-Y;gear-set;Трансмиссия;Редуктор;Шестерни редуктора (комплект);Yamaha 4T (Jog, Vino, Gear);Шестерни редуктора (комплект) — Yamaha 4T (Jog, Vino, Gear);2500;3400
TRANS-GEARBOX-01-H;gear-set;Трансмиссия;Редуктор;Шестерни редуктора (комплект);Honda 4T (Dio, Jog AY01);Шестерни редуктора (комплект) — Honda 4T (Dio, Jog AY01);2500;3400
TRANS-GEARBOX-01-C;gear-set;Трансмиссия;Редуктор;Шестерни редуктора (комплект);GY6 150 (Tank T150);Шестерни редуктора (комплект) — GY6 150 (Tank T150);2200;3000
TRANS-GEARBOX-02-YH;rear-axle;Трансмиссия;Редуктор;Вал заднего колеса;Yamaha 4T, Honda 4T;Вал заднего колеса — Yamaha 4T, Honda 4T;1500;2050
TRANS-GEARBOX-02-C;rear-axle;Трансмиссия;Редуктор;Вал заднего колеса;GY6 150 (Tank T150);Вал заднего колеса — GY6 150 (Tank T150);1200;1650
TRANS-GEARBOX-03-Y;drive-shaft;Трансмиссия;Редуктор;Первичный вал редуктора;Yamaha 4T (Jog, Vino, Gear);Первичный вал редуктора — Yamaha 4T (Jog, Vino, Gear);1200;1650
TRANS-GEARBOX-03-H;drive-shaft;Трансмиссия;Редуктор;Первичный вал редуктора;Honda 4T (Dio, Jog AY01);Первичный вал редуктора — Honda 4T (Dio, Jog AY01);1200;1650
TRANS-GEARBOX-03-C;drive-shaft;Трансмиссия;Редуктор;Первичный вал редуктора;GY6 150 (Tank T150);Первичный вал редуктора — GY6 150 (Tank T150);1000;1350
TRANS-GEARBOX-04-U;gearbox-bearings;Трансмиссия;Редуктор;Подшипники редуктора (комплект);все модели;Подшипники редуктора (комплект) — все модели;800;1100
TRANS-GEARBOX-05-U;gearbox-seals;Трансмиссия;Редуктор;Сальники редуктора (комплект);все модели;Сальники редуктора (комплект) — все модели;250;400
TRANS-GEARBOX-06-U;gearbox-gasket;Трансмиссия;Редуктор;Прокладка редуктора;все модели;Прокладка редуктора — все модели;150;250
TRANS-GEARBOX-07-Y;gearbox-cover;Трансмиссия;Редуктор;Крышка редуктора;Yamaha 4T (Jog, Vino, Gear);Крышка редуктора — Yamaha 4T (Jog, Vino, Gear);2000;2700
TRANS-GEARBOX-07-H;gearbox-cover;Трансмиссия;Редуктор;Крышка редуктора;Honda 4T (Dio, Jog AY01);Крышка редуктора — Honda 4T (Dio, Jog AY01);2000;2700
TRANS-GEARBOX-07-C;gearbox-cover;Трансмиссия;Редуктор;Крышка редуктора;GY6 150 (Tank T150);Крышка редуктора — GY6 150 (Tank T150);1500;2050
TRANS-GEARBOX-08-U;gearbox-fill-bolt;Трансмиссия;Редуктор;Болт заливной с шайбой;все модели;Болт заливной с шайбой — все модели;150;250
TRANS-GEARBOX-09-U;gearbox-bolts;Трансмиссия;Редуктор;Болты крышки редуктора (комплект);все модели;Болты крышки редуктора (комплект) — все модели;200;300
FUEL-TANK-01-G;fuel-tank;Топливо, впуск и выпуск;Бак и подача топлива;Бензобак;Yamaha Gear 4T;Бензобак — Yamaha Gear 4T;3500;4550
FUEL-TANK-01-J;fuel-tank;Топливо, впуск и выпуск;Бак и подача топлива;Бензобак;Yamaha Jog 4T;Бензобак — Yamaha Jog 4T;3000;3900
FUEL-TANK-01-A;fuel-tank;Топливо, впуск и выпуск;Бак и подача топлива;Бензобак;Yamaha Jog AY01;Бензобак — Yamaha Jog AY01;3500;4550
FUEL-TANK-01-D;fuel-tank;Топливо, впуск и выпуск;Бак и подача топлива;Бензобак;Honda Dio AF62/68;Бензобак — Honda Dio AF62/68;3200;4200
FUEL-TANK-01-T;fuel-tank;Топливо, впуск и выпуск;Бак и подача топлива;Бензобак;Tank T150;Бензобак — Tank T150;2200;3000
FUEL-TANK-02-U;fuel-cap;Топливо, впуск и выпуск;Бак и подача топлива;Крышка бензобака;все модели;Крышка бензобака — все модели;450;700
FUEL-TANK-03-Y;fuel-pump;Топливо, впуск и выпуск;Бак и подача топлива;Бензонасос;Yamaha 4T (Jog, Vino, Gear);Бензонасос — Yamaha 4T (Jog, Vino, Gear);1950;2650
FUEL-TANK-03-H;fuel-pump;Топливо, впуск и выпуск;Бак и подача топлива;Бензонасос;Honda 4T (Dio, Jog AY01);Бензонасос — Honda 4T (Dio, Jog AY01);2800;3800
FUEL-TANK-04-YH;fuel-pump-seal;Топливо, впуск и выпуск;Бак и подача топлива;Уплотнитель бензонасоса;Yamaha 4T, Honda 4T;Уплотнитель бензонасоса — Yamaha 4T, Honda 4T;250;400
FUEL-TANK-05-U;fuel-filter;Топливо, впуск и выпуск;Бак и подача топлива;Фильтр топливный;все модели;Фильтр топливный — все модели;100;150
FUEL-TANK-06-U;fuel-hose;Топливо, впуск и выпуск;Бак и подача топлива;Шланг топливный (1 м);все модели;Шланг топливный (1 м) — все модели;100;150
FUEL-TANK-07-U;hose-clamps;Топливо, впуск и выпуск;Бак и подача топлива;Хомуты шлангов (10 шт);все модели;Хомуты шлангов (10 шт) — все модели;150;250
FUEL-TANK-08-C;fuel-valve;Топливо, впуск и выпуск;Бак и подача топлива;Бензокран вакуумный;GY6 150 (Tank T150);Бензокран вакуумный — GY6 150 (Tank T150);350;550
FUEL-TANK-09-U;vacuum-hose;Топливо, впуск и выпуск;Бак и подача топлива;Шланг вакуумный (1 м);все модели;Шланг вакуумный (1 м) — все модели;80;150
FUEL-TANK-10-Y;fuel-line;Топливо, впуск и выпуск;Бак и подача топлива;Топливопровод высокого давления;Yamaha 4T (Jog, Vino, Gear);Топливопровод высокого давления — Yamaha 4T (Jog, Vino, Gear);900;1250
FUEL-TANK-10-H;fuel-line;Топливо, впуск и выпуск;Бак и подача топлива;Топливопровод высокого давления;Honda 4T (Dio, Jog AY01);Топливопровод высокого давления — Honda 4T (Dio, Jog AY01);1000;1350
FUEL-INJ-01-Y;injector;Топливо, впуск и выпуск;Инжектор и карбюратор;Форсунка инжектора;Yamaha 4T (Jog, Vino, Gear);Форсунка инжектора — Yamaha 4T (Jog, Vino, Gear);1600;2200
FUEL-INJ-01-H;injector;Топливо, впуск и выпуск;Инжектор и карбюратор;Форсунка инжектора;Honda 4T (Dio, Jog AY01);Форсунка инжектора — Honda 4T (Dio, Jog AY01);2200;3000
FUEL-INJ-02-YH;injector-seals;Топливо, впуск и выпуск;Инжектор и карбюратор;Уплотнители форсунки (комплект);Yamaha 4T, Honda 4T;Уплотнители форсунки (комплект) — Yamaha 4T, Honda 4T;200;300
FUEL-INJ-03-Y;throttle-body;Топливо, впуск и выпуск;Инжектор и карбюратор;Дроссельный узел;Yamaha 4T (Jog, Vino, Gear);Дроссельный узел — Yamaha 4T (Jog, Vino, Gear);4500;5850
FUEL-INJ-03-H;throttle-body;Топливо, впуск и выпуск;Инжектор и карбюратор;Дроссельный узел;Honda 4T (Dio, Jog AY01);Дроссельный узел — Honda 4T (Dio, Jog AY01);5000;6500
FUEL-INJ-04-YH;idle-valve;Топливо, впуск и выпуск;Инжектор и карбюратор;Регулятор холостого хода;Yamaha 4T, Honda 4T;Регулятор холостого хода — Yamaha 4T, Honda 4T;1800;2450
FUEL-INJ-05-C;carburetor;Топливо, впуск и выпуск;Инжектор и карбюратор;Карбюратор PD24J;GY6 150 (Tank T150);Карбюратор PD24J — GY6 150 (Tank T150);1800;2450
FUEL-INJ-06-C;carb-kit;Топливо, впуск и выпуск;Инжектор и карбюратор;Ремкомплект карбюратора;GY6 150 (Tank T150);Ремкомплект карбюратора — GY6 150 (Tank T150);450;700
FUEL-INJ-07-C;carb-diaphragm;Топливо, впуск и выпуск;Инжектор и карбюратор;Мембрана с плунжером карбюратора;GY6 150 (Tank T150);Мембрана с плунжером карбюратора — GY6 150 (Tank T150);400;600
FUEL-INJ-08-C;carb-jets;Топливо, впуск и выпуск;Инжектор и карбюратор;Жиклёры карбюратора (комплект);GY6 150 (Tank T150);Жиклёры карбюратора (комплект) — GY6 150 (Tank T150);300;450
FUEL-INJ-09-C;carb-float;Топливо, впуск и выпуск;Инжектор и карбюратор;Поплавок карбюратора с иглой;GY6 150 (Tank T150);Поплавок карбюратора с иглой — GY6 150 (Tank T150);250;400
FUEL-INJ-10-C;auto-choke;Топливо, впуск и выпуск;Инжектор и карбюратор;Электроподсос (автоматический);GY6 150 (Tank T150);Электроподсос (автоматический) — GY6 150 (Tank T150);450;700
FUEL-INTAKE-01-G;intake-manifold;Топливо, впуск и выпуск;Впуск;Впускной коллектор;Yamaha Gear 4T;Впускной коллектор — Yamaha Gear 4T;1100;1500
FUEL-INTAKE-01-V2;intake-manifold;Топливо, впуск и выпуск;Впуск;Впускной коллектор;Yamaha Jog 4T, Vino 4T;Впускной коллектор — Yamaha Jog 4T, Vino 4T;1050;1450
FUEL-INTAKE-01-H;intake-manifold;Топливо, впуск и выпуск;Впуск;Впускной коллектор;Honda 4T (Dio, Jog AY01);Впускной коллектор — Honda 4T (Dio, Jog AY01);900;1250
FUEL-INTAKE-01-C;intake-manifold;Топливо, впуск и выпуск;Впуск;Впускной коллектор;GY6 150 (Tank T150);Впускной коллектор — GY6 150 (Tank T150);450;700
FUEL-INTAKE-02-U;intake-gasket;Топливо, впуск и выпуск;Впуск;Прокладка впускного коллектора;все модели;Прокладка впускного коллектора — все модели;80;150
FUEL-INTAKE-03-G;airbox;Топливо, впуск и выпуск;Впуск;Воздушный фильтр в сборе (корпус);Yamaha Gear 4T;Воздушный фильтр в сборе (корпус) — Yamaha Gear 4T;2200;3000
FUEL-INTAKE-03-J;airbox;Топливо, впуск и выпуск;Впуск;Воздушный фильтр в сборе (корпус);Yamaha Jog 4T;Воздушный фильтр в сборе (корпус) — Yamaha Jog 4T;2000;2700
FUEL-INTAKE-03-A;airbox;Топливо, впуск и выпуск;Впуск;Воздушный фильтр в сборе (корпус);Yamaha Jog AY01;Воздушный фильтр в сборе (корпус) — Yamaha Jog AY01;2200;3000
FUEL-INTAKE-03-D;airbox;Топливо, впуск и выпуск;Впуск;Воздушный фильтр в сборе (корпус);Honda Dio AF62/68;Воздушный фильтр в сборе (корпус) — Honda Dio AF62/68;2000;2700
FUEL-INTAKE-03-T;airbox;Топливо, впуск и выпуск;Впуск;Воздушный фильтр в сборе (корпус);Tank T150;Воздушный фильтр в сборе (корпус) — Tank T150;1200;1650
FUEL-INTAKE-04-G;air-filter;Топливо, впуск и выпуск;Впуск;Элемент воздушного фильтра;Yamaha Gear 4T;Элемент воздушного фильтра — Yamaha Gear 4T;600;850
FUEL-INTAKE-04-V2;air-filter;Топливо, впуск и выпуск;Впуск;Элемент воздушного фильтра;Yamaha Jog 4T, Vino 4T;Элемент воздушного фильтра — Yamaha Jog 4T, Vino 4T;650;900
FUEL-INTAKE-04-H;air-filter;Топливо, впуск и выпуск;Впуск;Элемент воздушного фильтра;Honda 4T (Dio, Jog AY01);Элемент воздушного фильтра — Honda 4T (Dio, Jog AY01);550;750
FUEL-INTAKE-04-C;air-filter;Топливо, впуск и выпуск;Впуск;Элемент воздушного фильтра;GY6 150 (Tank T150);Элемент воздушного фильтра — GY6 150 (Tank T150);350;550
FUEL-INTAKE-05-Y;air-duct;Топливо, впуск и выпуск;Впуск;Патрубок воздушного фильтра;Yamaha 4T (Jog, Vino, Gear);Патрубок воздушного фильтра — Yamaha 4T (Jog, Vino, Gear);500;700
FUEL-INTAKE-05-H;air-duct;Топливо, впуск и выпуск;Впуск;Патрубок воздушного фильтра;Honda 4T (Dio, Jog AY01);Патрубок воздушного фильтра — Honda 4T (Dio, Jog AY01);500;700
FUEL-INTAKE-05-C;air-duct;Топливо, впуск и выпуск;Впуск;Патрубок воздушного фильтра;GY6 150 (Tank T150);Патрубок воздушного фильтра — GY6 150 (Tank T150);350;550
FUEL-INTAKE-06-U;airbox-screws;Топливо, впуск и выпуск;Впуск;Винты крышки воздушного фильтра (комплект);все модели;Винты крышки воздушного фильтра (комплект) — все модели;100;150
FUEL-EXHAUST-01-G;muffler;Топливо, впуск и выпуск;Выпуск;Глушитель;Yamaha Gear 4T;Глушитель — Yamaha Gear 4T;4500;5850
FUEL-EXHAUST-01-J;muffler;Топливо, впуск и выпуск;Выпуск;Глушитель;Yamaha Jog 4T;Глушитель — Yamaha Jog 4T;4000;5200
FUEL-EXHAUST-01-A;muffler;Топливо, впуск и выпуск;Выпуск;Глушитель;Yamaha Jog AY01;Глушитель — Yamaha Jog AY01;4800;6250
FUEL-EXHAUST-01-D;muffler;Топливо, впуск и выпуск;Выпуск;Глушитель;Honda Dio AF62/68;Глушитель — Honda Dio AF62/68;4200;5500
FUEL-EXHAUST-01-T;muffler;Топливо, впуск и выпуск;Выпуск;Глушитель;Tank T150;Глушитель — Tank T150;3200;4200
FUEL-EXHAUST-02-U;exhaust-gasket;Топливо, впуск и выпуск;Выпуск;Прокладка глушителя;все модели;Прокладка глушителя — все модели;80;150
FUEL-EXHAUST-03-U;exhaust-studs;Топливо, впуск и выпуск;Выпуск;Шпильки глушителя (комплект);все модели;Шпильки глушителя (комплект) — все модели;150;250
FUEL-EXHAUST-04-U;exhaust-nuts;Топливо, впуск и выпуск;Выпуск;Гайки глушителя (комплект);все модели;Гайки глушителя (комплект) — все модели;100;150
FUEL-EXHAUST-05-U;heat-shield;Топливо, впуск и выпуск;Выпуск;Защитный экран глушителя;все модели;Защитный экран глушителя — все модели;900;1250
FUEL-EXHAUST-06-U;muffler-bolts;Топливо, впуск и выпуск;Выпуск;Болты крепления глушителя (комплект);все модели;Болты крепления глушителя (комплект) — все модели;200;300
COOL-LIQ-01-V1;radiator;Охлаждение;Жидкостное (Yamaha 4T);Радиатор в сборе;Yamaha Jog 4T, Vino 4T;Радиатор в сборе — Yamaha Jog 4T, Vino 4T;3750;4900
COOL-LIQ-01-G;radiator;Охлаждение;Жидкостное (Yamaha 4T);Радиатор в сборе;Yamaha Gear 4T;Радиатор в сборе — Yamaha Gear 4T;3900;5100
COOL-LIQ-02-Y;radiator-cover;Охлаждение;Жидкостное (Yamaha 4T);Кожух (защита) радиатора;Yamaha 4T (Jog, Vino, Gear);Кожух (защита) радиатора — Yamaha 4T (Jog, Vino, Gear);1100;1500
COOL-LIQ-03-Y;radiator-cap;Охлаждение;Жидкостное (Yamaha 4T);Крышка радиатора;Yamaha 4T (Jog, Vino, Gear);Крышка радиатора — Yamaha 4T (Jog, Vino, Gear);400;600
COOL-LIQ-04-Y;coolant-tank;Охлаждение;Жидкостное (Yamaha 4T);Расширительный бачок;Yamaha 4T (Jog, Vino, Gear);Расширительный бачок — Yamaha 4T (Jog, Vino, Gear);700;950
COOL-LIQ-05-Y;water-pump-kit;Охлаждение;Жидкостное (Yamaha 4T);Ремкомплект помпы;Yamaha 4T (Jog, Vino, Gear);Ремкомплект помпы — Yamaha 4T (Jog, Vino, Gear);1250;1700
COOL-LIQ-06-Y;water-pump-seal;Охлаждение;Жидкостное (Yamaha 4T);Сальник помпы;Yamaha 4T (Jog, Vino, Gear);Сальник помпы — Yamaha 4T (Jog, Vino, Gear);300;450
COOL-LIQ-07-Y;water-pump-impeller;Охлаждение;Жидкостное (Yamaha 4T);Крыльчатка помпы;Yamaha 4T (Jog, Vino, Gear);Крыльчатка помпы — Yamaha 4T (Jog, Vino, Gear);600;850
COOL-LIQ-08-Y;thermostat;Охлаждение;Жидкостное (Yamaha 4T);Термостат;Yamaha 4T (Jog, Vino, Gear);Термостат — Yamaha 4T (Jog, Vino, Gear);900;1250
COOL-LIQ-09-Y;coolant-hoses;Охлаждение;Жидкостное (Yamaha 4T);Патрубки охлаждения (комплект);Yamaha 4T (Jog, Vino, Gear);Патрубки охлаждения (комплект) — Yamaha 4T (Jog, Vino, Gear);800;1100
COOL-LIQ-10-U;coolant-clamps;Охлаждение;Жидкостное (Yamaha 4T);Хомуты патрубков (комплект);все модели;Хомуты патрубков (комплект) — все модели;150;250
COOL-AIR-01-H;cooling-fan;Охлаждение;Воздушное (Honda 4T, GY6);Крыльчатка охлаждения на генераторе;Honda 4T (Dio, Jog AY01);Крыльчатка охлаждения на генераторе — Honda 4T (Dio, Jog AY01);400;600
COOL-AIR-01-C;cooling-fan;Охлаждение;Воздушное (Honda 4T, GY6);Крыльчатка охлаждения на генераторе;GY6 150 (Tank T150);Крыльчатка охлаждения на генераторе — GY6 150 (Tank T150);350;550
COOL-AIR-02-H;cooling-shroud;Охлаждение;Воздушное (Honda 4T, GY6);Кожух охлаждения цилиндра;Honda 4T (Dio, Jog AY01);Кожух охлаждения цилиндра — Honda 4T (Dio, Jog AY01);1200;1650
COOL-AIR-02-C;cooling-shroud;Охлаждение;Воздушное (Honda 4T, GY6);Кожух охлаждения цилиндра;GY6 150 (Tank T150);Кожух охлаждения цилиндра — GY6 150 (Tank T150);900;1250
COOL-AIR-03-H;cooling-shroud-lower;Охлаждение;Воздушное (Honda 4T, GY6);Кожух охлаждения нижний;Honda 4T (Dio, Jog AY01);Кожух охлаждения нижний — Honda 4T (Dio, Jog AY01);800;1100
COOL-AIR-03-C;cooling-shroud-lower;Охлаждение;Воздушное (Honda 4T, GY6);Кожух охлаждения нижний;GY6 150 (Tank T150);Кожух охлаждения нижний — GY6 150 (Tank T150);600;850
COOL-AIR-04-U;shroud-screws;Охлаждение;Воздушное (Honda 4T, GY6);Винты кожухов охлаждения (комплект);все модели;Винты кожухов охлаждения (комплект) — все модели;100;150
BRAKE-DRUM-01-V1;drum-shoes;Тормоза;Барабанные;Колодки барабанные;d150 — Yamaha Gear 4T;Колодки барабанные — d150 — Yamaha Gear 4T;630;900
BRAKE-DRUM-01-V2;drum-shoes;Тормоза;Барабанные;Колодки барабанные;d130 — Yamaha Jog 4T, Vino 4T;Колодки барабанные — d130 — Yamaha Jog 4T, Vino 4T;470;700
BRAKE-DRUM-01-D;drum-shoes;Тормоза;Барабанные;Колодки барабанные;Honda Dio AF62/68;Колодки барабанные — Honda Dio AF62/68;400;600
BRAKE-DRUM-01-A;drum-shoes;Тормоза;Барабанные;Колодки барабанные;Yamaha Jog AY01;Колодки барабанные — Yamaha Jog AY01;450;700
BRAKE-DRUM-01-C;drum-shoes;Тормоза;Барабанные;Колодки барабанные;GY6 150 (Tank T150);Колодки барабанные — GY6 150 (Tank T150);450;700
BRAKE-DRUM-02-U;shoe-springs;Тормоза;Барабанные;Пружины тормозных колодок (пара);все модели;Пружины тормозных колодок (пара) — все модели;150;250
BRAKE-DRUM-03-U;brake-cam;Тормоза;Барабанные;Кулачок тормоза с рычагом;все модели;Кулачок тормоза с рычагом — все модели;500;700
BRAKE-DRUM-04-U;brake-arm-spring;Тормоза;Барабанные;Возвратная пружина рычага тормоза;все модели;Возвратная пружина рычага тормоза — все модели;100;150
BRAKE-DRUM-05-U;brake-adjuster;Тормоза;Барабанные;Гайка регулировки тормоза;все модели;Гайка регулировки тормоза — все модели;60;100
BRAKE-DRUM-06-G;brake-panel;Тормоза;Барабанные;Тормозной щит переднего колеса;Yamaha Gear 4T;Тормозной щит переднего колеса — Yamaha Gear 4T;1200;1650
BRAKE-DRUM-06-J;brake-panel;Тормоза;Барабанные;Тормозной щит переднего колеса;Yamaha Jog 4T;Тормозной щит переднего колеса — Yamaha Jog 4T;1000;1350
BRAKE-DRUM-06-A;brake-panel;Тормоза;Барабанные;Тормозной щит переднего колеса;Yamaha Jog AY01;Тормозной щит переднего колеса — Yamaha Jog AY01;1250;1700
BRAKE-DRUM-06-D;brake-panel;Тормоза;Барабанные;Тормозной щит переднего колеса;Honda Dio AF62/68;Тормозной щит переднего колеса — Honda Dio AF62/68;1250;1700
BRAKE-DRUM-06-T;brake-panel;Тормоза;Барабанные;Тормозной щит переднего колеса;Tank T150;Тормозной щит переднего колеса — Tank T150;650;900
BRAKE-DRUM-07-YH;brake-equalizer;Тормоза;Барабанные;Уравнитель комбинированного тормоза;Yamaha 4T, Honda 4T;Уравнитель комбинированного тормоза — Yamaha 4T, Honda 4T;900;1250
BRAKE-DISC-01-V1;disc-pads;Тормоза;Дисковые;Колодки дисковые передние;Yamaha Jog, Gear (с дисковым тормозом);Колодки дисковые передние — Yamaha Jog, Gear (с дисковым тормозом);450;700
BRAKE-DISC-01-V2;disc-pads;Тормоза;Дисковые;Колодки дисковые передние;Honda Dio;Колодки дисковые передние — Honda Dio;450;700
BRAKE-DISC-01-C;disc-pads;Тормоза;Дисковые;Колодки дисковые передние;GY6 150 (Tank T150);Колодки дисковые передние — GY6 150 (Tank T150);450;700
BRAKE-DISC-02-V1;brake-disc;Тормоза;Дисковые;Тормозной диск передний;Yamaha Jog, Gear (с дисковым тормозом);Тормозной диск передний — Yamaha Jog, Gear (с дисковым тормозом);1800;2450
BRAKE-DISC-02-C;brake-disc;Тормоза;Дисковые;Тормозной диск передний;GY6 150 (Tank T150);Тормозной диск передний — GY6 150 (Tank T150);1500;2050
BRAKE-DISC-03-U;caliper;Тормоза;Дисковые;Суппорт передний;все модели;Суппорт передний — все модели;1900;2600
BRAKE-DISC-04-U;caliper-piston;Тормоза;Дисковые;Поршень суппорта;все модели;Поршень суппорта — все модели;400;600
BRAKE-DISC-05-U;caliper-kit;Тормоза;Дисковые;Ремкомплект суппорта;все модели;Ремкомплект суппорта — все модели;400;600
BRAKE-DISC-06-U;caliper-pins;Тормоза;Дисковые;Направляющие суппорта с пыльниками;все модели;Направляющие суппорта с пыльниками — все модели;300;450
BRAKE-DISC-07-U;master-cylinder;Тормоза;Дисковые;Главный тормозной цилиндр;все модели;Главный тормозной цилиндр — все модели;1600;2200
BRAKE-DISC-08-U;master-cylinder-kit;Тормоза;Дисковые;Ремкомплект главного цилиндра;все модели;Ремкомплект главного цилиндра — все модели;450;700
BRAKE-DISC-09-U;reservoir-cap;Тормоза;Дисковые;Крышка бачка тормозной жидкости с мембраной;все модели;Крышка бачка тормозной жидкости с мембраной — все модели;250;400
BRAKE-DISC-10-U;brake-hose;Тормоза;Дисковые;Тормозной шланг;все модели;Тормозной шланг — все модели;700;950
BRAKE-DISC-11-U;banjo-bolt;Тормоза;Дисковые;Болт-банжо с медными шайбами;все модели;Болт-банжо с медными шайбами — все модели;200;300
BRAKE-DISC-12-U;bleeder;Тормоза;Дисковые;Штуцер прокачки;все модели;Штуцер прокачки — все модели;100;150
BRAKE-DISC-13-U;disc-bolts;Тормоза;Дисковые;Болты тормозного диска (комплект);все модели;Болты тормозного диска (комплект) — все модели;200;300
CHAS-FORK-01-G;front-fork;Ходовая;Передняя подвеска;Вилка передняя в сборе;Yamaha Gear 4T;Вилка передняя в сборе — Yamaha Gear 4T;6500;8450
CHAS-FORK-01-J;front-fork;Ходовая;Передняя подвеска;Вилка передняя в сборе;Yamaha Jog 4T;Вилка передняя в сборе — Yamaha Jog 4T;5500;7150
CHAS-FORK-01-A;front-fork;Ходовая;Передняя подвеска;Вилка передняя в сборе;Yamaha Jog AY01;Вилка передняя в сборе — Yamaha Jog AY01;6500;8450
CHAS-FORK-01-D;front-fork;Ходовая;Передняя подвеска;Вилка передняя в сборе;Honda Dio AF62/68;Вилка передняя в сборе — Honda Dio AF62/68;6000;7800
CHAS-FORK-01-T;front-fork;Ходовая;Передняя подвеска;Вилка передняя в сборе;Tank T150;Вилка передняя в сборе — Tank T150;4500;5850
CHAS-FORK-02-G;fork-leg;Ходовая;Передняя подвеска;Амортизатор передний (перо, 1 шт);Yamaha Gear 4T;Амортизатор передний (перо, 1 шт) — Yamaha Gear 4T;1800;2450
CHAS-FORK-02-J;fork-leg;Ходовая;Передняя подвеска;Амортизатор передний (перо, 1 шт);Yamaha Jog 4T;Амортизатор передний (перо, 1 шт) — Yamaha Jog 4T;1350;1850
CHAS-FORK-02-A;fork-leg;Ходовая;Передняя подвеска;Амортизатор передний (перо, 1 шт);Yamaha Jog AY01;Амортизатор передний (перо, 1 шт) — Yamaha Jog AY01;1800;2450
CHAS-FORK-02-D;fork-leg;Ходовая;Передняя подвеска;Амортизатор передний (перо, 1 шт);Honda Dio AF62/68;Амортизатор передний (перо, 1 шт) — Honda Dio AF62/68;1600;2200
CHAS-FORK-02-T;fork-leg;Ходовая;Передняя подвеска;Амортизатор передний (перо, 1 шт);Tank T150;Амортизатор передний (перо, 1 шт) — Tank T150;1300;1800
CHAS-FORK-03-V1;fork-pair;Ходовая;Передняя подвеска;Амортизаторы передние (пара);Yamaha Jog (с дисковым тормозом);Амортизаторы передние (пара) — Yamaha Jog (с дисковым тормозом);4410;5750
CHAS-FORK-03-V2;fork-pair;Ходовая;Передняя подвеска;Амортизаторы передние (пара);Honda Dio;Амортизаторы передние (пара) — Honda Dio;3060;4000
CHAS-FORK-03-T;fork-pair;Ходовая;Передняя подвеска;Амортизаторы передние (пара);Tank T150;Амортизаторы передние (пара) — Tank T150;2500;3400
CHAS-FORK-04-U;fork-seals;Ходовая;Передняя подвеска;Сальники вилки (пара);все модели;Сальники вилки (пара) — все модели;300;450
CHAS-FORK-05-U;fork-boots;Ходовая;Передняя подвеска;Пыльники вилки (пара);все модели;Пыльники вилки (пара) — все модели;300;450
CHAS-FORK-06-U;fork-bushings;Ходовая;Передняя подвеска;Втулки вилки (комплект);все модели;Втулки вилки (комплект) — все модели;400;600
CHAS-FORK-07-U;steering-bearings;Ходовая;Передняя подвеска;Подшипники рулевой колонки (комплект);все модели;Подшипники рулевой колонки (комплект) — все модели;650;900
CHAS-FORK-08-U;steering-nut;Ходовая;Передняя подвеска;Гайка рулевой колонки;все модели;Гайка рулевой колонки — все модели;250;400
CHAS-FORK-09-G;steering-stem;Ходовая;Передняя подвеска;Траверса (рулевая колонка);Yamaha Gear 4T;Траверса (рулевая колонка) — Yamaha Gear 4T;2500;3400
CHAS-FORK-09-J;steering-stem;Ходовая;Передняя подвеска;Траверса (рулевая колонка);Yamaha Jog 4T;Траверса (рулевая колонка) — Yamaha Jog 4T;2100;2850
CHAS-FORK-09-A;steering-stem;Ходовая;Передняя подвеска;Траверса (рулевая колонка);Yamaha Jog AY01;Траверса (рулевая колонка) — Yamaha Jog AY01;2600;3550
CHAS-FORK-09-D;steering-stem;Ходовая;Передняя подвеска;Траверса (рулевая колонка);Honda Dio AF62/68;Траверса (рулевая колонка) — Honda Dio AF62/68;2600;3550
CHAS-FORK-09-T;steering-stem;Ходовая;Передняя подвеска;Траверса (рулевая колонка);Tank T150;Траверса (рулевая колонка) — Tank T150;1400;1900
CHAS-SHOCK-01-G;rear-shock;Ходовая;Задняя подвеска;Амортизатор задний;Yamaha Gear 4T;Амортизатор задний — Yamaha Gear 4T;1300;1800
CHAS-SHOCK-01-J;rear-shock;Ходовая;Задняя подвеска;Амортизатор задний;Yamaha Jog 4T;Амортизатор задний — Yamaha Jog 4T;900;1250
CHAS-SHOCK-01-A;rear-shock;Ходовая;Задняя подвеска;Амортизатор задний;Yamaha Jog AY01;Амортизатор задний — Yamaha Jog AY01;1500;2050
CHAS-SHOCK-01-D;rear-shock;Ходовая;Задняя подвеска;Амортизатор задний;Honda Dio AF62/68;Амортизатор задний — Honda Dio AF62/68;1280;1750
CHAS-SHOCK-01-T;rear-shock;Ходовая;Задняя подвеска;Амортизатор задний;Tank T150;Амортизатор задний — Tank T150;1310;1800
CHAS-SHOCK-02-U;rear-shock-adjustable;Ходовая;Задняя подвеска;Амортизатор задний регулируемый;все модели;Амортизатор задний регулируемый — все модели;1540;2100
CHAS-SHOCK-03-U;shock-bushings;Ходовая;Задняя подвеска;Втулки амортизатора (комплект);все модели;Втулки амортизатора (комплект) — все модели;200;300
CHAS-SHOCK-04-U;shock-bolts;Ходовая;Задняя подвеска;Болты крепления амортизатора (комплект);все модели;Болты крепления амортизатора (комплект) — все модели;250;400
CHAS-SHOCK-05-U;engine-hanger;Ходовая;Задняя подвеска;Кронштейн (маятник) двигателя;все модели;Кронштейн (маятник) двигателя — все модели;1500;2050
CHAS-SHOCK-06-U;hanger-bushings;Ходовая;Задняя подвеска;Сайлентблоки маятника (комплект);все модели;Сайлентблоки маятника (комплект) — все модели;600;850
CHAS-SHOCK-07-U;hanger-stopper;Ходовая;Задняя подвеска;Резиновый отбойник маятника;все модели;Резиновый отбойник маятника — все модели;200;300
CHAS-STAND-01-G;center-stand;Ходовая;Подножки;Подножка центральная;Yamaha Gear 4T;Подножка центральная — Yamaha Gear 4T;1600;2200
CHAS-STAND-01-J;center-stand;Ходовая;Подножки;Подножка центральная;Yamaha Jog 4T;Подножка центральная — Yamaha Jog 4T;1400;1900
CHAS-STAND-01-A;center-stand;Ходовая;Подножки;Подножка центральная;Yamaha Jog AY01;Подножка центральная — Yamaha Jog AY01;1600;2200
CHAS-STAND-01-D;center-stand;Ходовая;Подножки;Подножка центральная;Honda Dio AF62/68;Подножка центральная — Honda Dio AF62/68;1500;2050
CHAS-STAND-01-T;center-stand;Ходовая;Подножки;Подножка центральная;Tank T150;Подножка центральная — Tank T150;1200;1650
CHAS-STAND-02-U;side-stand;Ходовая;Подножки;Подножка боковая;все модели;Подножка боковая — все модели;800;1100
CHAS-STAND-03-U;stand-springs;Ходовая;Подножки;Пружины подножки (комплект);все модели;Пружины подножки (комплект) — все модели;150;250
CHAS-STAND-04-U;stand-pivot;Ходовая;Подножки;Ось подножки с шайбами;все модели;Ось подножки с шайбами — все модели;250;400
CHAS-STAND-05-U;stand-rubber;Ходовая;Подножки;Резиновый упор подножки;все модели;Резиновый упор подножки — все модели;100;150
CHAS-WHEEL-01-G;front-rim;Ходовая;Колёса;Диск колёсный передний;Yamaha Gear 4T;Диск колёсный передний — Yamaha Gear 4T;3000;3900
CHAS-WHEEL-01-J;front-rim;Ходовая;Колёса;Диск колёсный передний;Yamaha Jog 4T;Диск колёсный передний — Yamaha Jog 4T;2000;2700
CHAS-WHEEL-01-A;front-rim;Ходовая;Колёса;Диск колёсный передний;Yamaha Jog AY01;Диск колёсный передний — Yamaha Jog AY01;2500;3400
CHAS-WHEEL-01-D;front-rim;Ходовая;Колёса;Диск колёсный передний;Honda Dio AF62/68;Диск колёсный передний — Honda Dio AF62/68;2200;3000
CHAS-WHEEL-01-T;front-rim;Ходовая;Колёса;Диск колёсный передний;Tank T150;Диск колёсный передний — Tank T150;2500;3400
CHAS-WHEEL-02-G;rear-rim;Ходовая;Колёса;Диск колёсный задний;Yamaha Gear 4T;Диск колёсный задний — Yamaha Gear 4T;2800;3800
CHAS-WHEEL-02-J;rear-rim;Ходовая;Колёса;Диск колёсный задний;Yamaha Jog 4T;Диск колёсный задний — Yamaha Jog 4T;2000;2700
CHAS-WHEEL-02-A;rear-rim;Ходовая;Колёса;Диск колёсный задний;Yamaha Jog AY01;Диск колёсный задний — Yamaha Jog AY01;2500;3400
CHAS-WHEEL-02-D;rear-rim;Ходовая;Колёса;Диск колёсный задний;Honda Dio AF62/68;Диск колёсный задний — Honda Dio AF62/68;2200;3000
CHAS-WHEEL-02-T;rear-rim;Ходовая;Колёса;Диск колёсный задний;Tank T150;Диск колёсный задний — Tank T150;2600;3550
CHAS-WHEEL-03-U;wheel-bearing;Ходовая;Колёса;Подшипник колеса 6201 / 6301 (1 шт);все модели;Подшипник колеса 6201 / 6301 (1 шт) — все модели;180;300
CHAS-WHEEL-04-U;hub-seal;Ходовая;Колёса;Пыльник (сальник) ступицы;все модели;Пыльник (сальник) ступицы — все модели;150;250
CHAS-WHEEL-05-U;front-axle;Ходовая;Колёса;Ось переднего колеса с гайкой;все модели;Ось переднего колеса с гайкой — все модели;250;400
CHAS-WHEEL-06-U;axle-spacers;Ходовая;Колёса;Втулки распорные оси (комплект);все модели;Втулки распорные оси (комплект) — все модели;200;300
CHAS-WHEEL-07-U;rear-wheel-nut;Ходовая;Колёса;Гайка заднего колеса;все модели;Гайка заднего колеса — все модели;100;150
CHAS-WHEEL-08-U;cotter-pin;Ходовая;Колёса;Шплинт гайки колеса;все модели;Шплинт гайки колеса — все модели;20;50
CHAS-WHEEL-09-U;tire-valve;Ходовая;Колёса;Ниппель бескамерный;все модели;Ниппель бескамерный — все модели;50;100
CHAS-WHEEL-10-U;valve-caps;Ходовая;Колёса;Колпачки ниппеля (пара);все модели;Колпачки ниппеля (пара) — все модели;50;100
CHAS-TIRE-01-V1;tire;Ходовая;Шины и камеры;Шина;80/90-10 — Yamaha Jog, Vino;Шина — 80/90-10 — Yamaha Jog, Vino;1800;2450
CHAS-TIRE-01-V2;tire;Ходовая;Шины и камеры;Шина;90/90-10 — Honda Dio, Jog AY01, электро;Шина — 90/90-10 — Honda Dio, Jog AY01, электро;1900;2600
CHAS-TIRE-01-V3;tire;Ходовая;Шины и камеры;Шина;90/90-12 передняя — Yamaha Gear 4T;Шина — 90/90-12 передняя — Yamaha Gear 4T;2300;3150
CHAS-TIRE-01-V4;tire;Ходовая;Шины и камеры;Шина;100/90-10 задняя — Yamaha Gear 4T;Шина — 100/90-10 задняя — Yamaha Gear 4T;2200;3000
CHAS-TIRE-01-V5;tire;Ходовая;Шины и камеры;Шина;3.50-10 — Honda Dio, китайские 50;Шина — 3.50-10 — Honda Dio, китайские 50;1800;2450
CHAS-TIRE-01-V6;tire;Ходовая;Шины и камеры;Шина;120/70-12 — китайские 125–150;Шина — 120/70-12 — китайские 125–150;2800;3800
CHAS-TIRE-01-V7;tire;Ходовая;Шины и камеры;Шина;130/70-12 — Tank T150;Шина — 130/70-12 — Tank T150;3000;3900
CHAS-TIRE-01-V8;tire;Ходовая;Шины и камеры;Шина;130/60-13 — китайские 150;Шина — 130/60-13 — китайские 150;3200;4200
CHAS-TIRE-02-V1;inner-tube;Ходовая;Шины и камеры;Камера;3.00-10 (80/90-10);Камера — 3.00-10 (80/90-10);450;700
CHAS-TIRE-02-V2;inner-tube;Ходовая;Шины и камеры;Камера;3.50-10 (90/90-10);Камера — 3.50-10 (90/90-10);500;700
CHAS-TIRE-02-V3;inner-tube;Ходовая;Шины и камеры;Камера;90/90-12;Камера — 90/90-12;550;750
CHAS-TIRE-02-V4;inner-tube;Ходовая;Шины и камеры;Камера;120/70-12, 130/70-12;Камера — 120/70-12, 130/70-12;650;900
CHAS-TIRE-03-U;rim-tape;Ходовая;Шины и камеры;Ободная лента;все модели;Ободная лента — все модели;100;150
CONS-FLUID-01-U;engine-oil-1l;Расходники;Масла и жидкости;Масло моторное 4T 10W-40 (1 л);все модели;Масло моторное 4T 10W-40 (1 л) — все модели;700;950
CONS-FLUID-02-U;engine-oil-change;Расходники;Масла и жидкости;Масло моторное 4T 10W-40 (0,8 л — одна замена);все модели;Масло моторное 4T 10W-40 (0,8 л — одна замена) — все модели;600;850
CONS-FLUID-03-U;gear-oil;Расходники;Масла и жидкости;Масло трансмиссионное 80W-90 (0,12 л — одна замена);все модели;Масло трансмиссионное 80W-90 (0,12 л — одна замена) — все модели;150;250
CONS-FLUID-04-U;coolant;Расходники;Масла и жидкости;Антифриз (1 л);все модели;Антифриз (1 л) — все модели;350;550
CONS-FLUID-05-U;brake-fluid;Расходники;Масла и жидкости;Тормозная жидкость DOT4 (0,5 л);все модели;Тормозная жидкость DOT4 (0,5 л) — все модели;350;550
CONS-FLUID-06-U;fork-oil;Расходники;Масла и жидкости;Масло для вилки 10W (0,5 л);все модели;Масло для вилки 10W (0,5 л) — все модели;500;700
CONS-MISC-01-U;grease;Расходники;Химия и мелочи;Смазка для вариатора и подшипников;все модели;Смазка для вариатора и подшипников — все модели;250;400
CONS-MISC-02-U;copper-grease;Расходники;Химия и мелочи;Смазка медная (графитовая);все модели;Смазка медная (графитовая) — все модели;300;450
CONS-MISC-03-U;carb-cleaner;Расходники;Химия и мелочи;Очиститель карбюратора и дросселя;все модели;Очиститель карбюратора и дросселя — все модели;450;700
CONS-MISC-04-U;gasket-maker;Расходники;Химия и мелочи;Герметик-прокладка;все модели;Герметик-прокладка — все модели;350;550
CONS-MISC-05-U;thread-locker;Расходники;Химия и мелочи;Фиксатор резьбы;все модели;Фиксатор резьбы — все модели;300;450
CONS-MISC-06-U;fasteners-kit;Расходники;Химия и мелочи;Хомуты, шплинты, крепёж (комплект);все модели;Хомуты, шплинты, крепёж (комплект) — все модели;100;150
CONS-MISC-07-U;wiring-consumables;Расходники;Химия и мелочи;Изолента, термоусадка, клеммы;все модели;Изолента, термоусадка, клеммы — все модели;150;250
CONS-MISC-08-U;tire-plug-kit;Расходники;Химия и мелочи;Жгут для ремонта бескамерной шины;все модели;Жгут для ремонта бескамерной шины — все модели;150;250
EV-BAT-01-V1;ev-battery;Электротранспорт;Аккумулятор и зарядка;Аккумулятор литиевый;60V 20Ah — электро (AIMA, U-5, U-2);Аккумулятор литиевый — 60V 20Ah — электро (AIMA, U-5, U-2);25000;30000
EV-BAT-01-V2;ev-battery;Электротранспорт;Аккумулятор и зарядка;Аккумулятор литиевый;60V 30Ah — электро (AIMA, U-5, U-2);Аккумулятор литиевый — 60V 30Ah — электро (AIMA, U-5, U-2);34000;40800
EV-BAT-01-V3;ev-battery;Электротранспорт;Аккумулятор и зарядка;Аккумулятор литиевый;72V 20Ah — электро (AIMA, U-5, U-2);Аккумулятор литиевый — 72V 20Ah — электро (AIMA, U-5, U-2);30000;36000
EV-BAT-01-V4;ev-battery;Электротранспорт;Аккумулятор и зарядка;Аккумулятор литиевый;48V 20Ah — электро (AIMA, U-5, U-2);Аккумулятор литиевый — 48V 20Ah — электро (AIMA, U-5, U-2);20000;24000
EV-BAT-02-E;ev-bms;Электротранспорт;Аккумулятор и зарядка;Плата BMS аккумулятора;электро (AIMA, U-5, U-2);Плата BMS аккумулятора — электро (AIMA, U-5, U-2);2500;3400
EV-BAT-03-V1;ev-charger;Электротранспорт;Аккумулятор и зарядка;Зарядное устройство;60V — электро (AIMA, U-5, U-2);Зарядное устройство — 60V — электро (AIMA, U-5, U-2);3000;3900
EV-BAT-03-V2;ev-charger;Электротранспорт;Аккумулятор и зарядка;Зарядное устройство;72V — электро (AIMA, U-5, U-2);Зарядное устройство — 72V — электро (AIMA, U-5, U-2);3500;4550
EV-BAT-04-E;ev-charge-port;Электротранспорт;Аккумулятор и зарядка;Разъём зарядки на корпусе;электро (AIMA, U-5, U-2);Разъём зарядки на корпусе — электро (AIMA, U-5, U-2);500;700
EV-BAT-05-E;ev-battery-connector;Электротранспорт;Аккумулятор и зарядка;Разъём аккумулятора (Anderson, XT90);электро (AIMA, U-5, U-2);Разъём аккумулятора (Anderson, XT90) — электро (AIMA, U-5, U-2);300;450
EV-BAT-06-E;ev-breaker;Электротранспорт;Аккумулятор и зарядка;Автомат (предохранитель) аккумулятора;электро (AIMA, U-5, U-2);Автомат (предохранитель) аккумулятора — электро (AIMA, U-5, U-2);450;700
EV-BAT-07-E;ev-battery-strap;Электротранспорт;Аккумулятор и зарядка;Крепление аккумулятора;электро (AIMA, U-5, U-2);Крепление аккумулятора — электро (AIMA, U-5, U-2);300;450
EV-MOTOR-01-V1;ev-controller;Электротранспорт;Мотор и контроллер;Контроллер;60V 1000–1500 W — электро (AIMA, U-5, U-2);Контроллер — 60V 1000–1500 W — электро (AIMA, U-5, U-2);4500;5850
EV-MOTOR-01-V2;ev-controller;Электротранспорт;Мотор и контроллер;Контроллер;72V 2000 W — электро (AIMA, U-5, U-2);Контроллер — 72V 2000 W — электро (AIMA, U-5, U-2);6000;7800
EV-MOTOR-02-V1;ev-hub-motor;Электротранспорт;Мотор и контроллер;Мотор-колесо;"1000–1500 W, 10"" — электро (AIMA, U-5, U-2)";"Мотор-колесо — 1000–1500 W, 10"" — электро (AIMA, U-5, U-2)";12000;14400
EV-MOTOR-02-V2;ev-hub-motor;Электротранспорт;Мотор и контроллер;Мотор-колесо;"2000 W, 12"" — электро (AIMA, U-5, U-2)";"Мотор-колесо — 2000 W, 12"" — электро (AIMA, U-5, U-2)";15000;18000
EV-MOTOR-03-E;ev-hall-sensors;Электротранспорт;Мотор и контроллер;Датчики Холла мотора (3 шт);электро (AIMA, U-5, U-2);Датчики Холла мотора (3 шт) — электро (AIMA, U-5, U-2);400;600
EV-MOTOR-04-E;ev-phase-wires;Электротранспорт;Мотор и контроллер;Фазные провода и кабель питания;электро (AIMA, U-5, U-2);Фазные провода и кабель питания — электро (AIMA, U-5, U-2);600;850
EV-MOTOR-05-E;ev-motor-bearing;Электротранспорт;Мотор и контроллер;Подшипник мотор-колеса;электро (AIMA, U-5, U-2);Подшипник мотор-колеса — электро (AIMA, U-5, U-2);300;450
EV-EVCTRL-01-E;ev-throttle;Электротранспорт;Управление и приборы;Ручка газа;электро (AIMA, U-5, U-2);Ручка газа — электро (AIMA, U-5, U-2);800;1100
EV-EVCTRL-02-E;ev-brake-sensors;Электротранспорт;Управление и приборы;Датчики тормоза (пара);электро (AIMA, U-5, U-2);Датчики тормоза (пара) — электро (AIMA, U-5, U-2);500;700
EV-EVCTRL-03-E;ev-dcdc;Электротранспорт;Управление и приборы;Преобразователь DC-DC 60/72V → 12V;электро (AIMA, U-5, U-2);Преобразователь DC-DC 60/72V → 12V — электро (AIMA, U-5, U-2);1200;1650
EV-EVCTRL-04-E;ev-display;Электротранспорт;Управление и приборы;Дисплей (спидометр);электро (AIMA, U-5, U-2);Дисплей (спидометр) — электро (AIMA, U-5, U-2);2500;3400
EV-EVCTRL-05-E;ev-ignition;Электротранспорт;Управление и приборы;Замок зажигания;электро (AIMA, U-5, U-2);Замок зажигания — электро (AIMA, U-5, U-2);1200;1650
EV-EVCTRL-06-E;ev-alarm;Электротранспорт;Управление и приборы;Сигнализация с брелоком;электро (AIMA, U-5, U-2);Сигнализация с брелоком — электро (AIMA, U-5, U-2);1800;2450
EV-EVCTRL-07-E;ev-mode-switch;Электротранспорт;Управление и приборы;Кнопки режимов и реверса;электро (AIMA, U-5, U-2);Кнопки режимов и реверса — электро (AIMA, U-5, U-2);600;850
