image_key;zone;group;part_ru;part_en;location_en;scene;applies_to;price_from_rub;price_to_rub;file_product;file_location;prompt_product;prompt_location
front-cover;Кузов;Передняя часть;Облицовка передняя (клюв);front fairing (nose cover);front of the scooter: front fairing and leg shield;petrol;"Yamaha Gear 4T; Yamaha Jog 4T; Yamaha Jog AY01; Honda Dio AF62/68; Tank T150";2450;4500;front-cover.webp;front-cover-where.webp;Studio product photo, one image of a consistent e-commerce series. A single scooter spare part: front fairing (nose cover). Isolated on a pure white seamless background #FFFFFF, centered, three-quarter view from the front-left and slightly above, the part fills about 70% of the frame, soft even studio light, subtle contact shadow under the part, realistic materials (black ABS plastic, painted plastic, aluminium, steel, rubber — whatever the real part is made of). New part, clean, no brand names, no logos, no packaging, no hands, no text, no watermark. Square 1:1.;Technical X-ray illustration, one image of a consistent series. Solid deep navy background #0E1726. A generic 50-150cc step-through city scooter (small wheels, floorboard, engine and CVT under the seat), strict side view, nose pointing right, centered, the whole scooter visible and filling about 80% of the width, no brand, no logos. The scooter is drawn as a semi-transparent X-ray / blueprint: thin light steel-blue outlines (#9FB4C8, about 40% opacity), inner parts faintly visible through the body. Only one part is solid and highlighted: front fairing (nose cover) (front of the scooter: front fairing and leg shield). Render it in brand green #6CAD2F with a soft green glow and a thin white edge, at its real position and real scale on the scooter. If the part is small (a bulb, a seal, a bolt, a sensor), keep it at its real place and add a soft glowing green ring around it so it is easy to spot. Everything else stays dim. No text, no labels, no arrows, no numbers, no watermark. Square 1:1.
leg-shield;Кузов;Передняя часть;Щиток передний внутренний (под колени);inner leg shield panel behind the front fairing;front of the scooter: front fairing and leg shield;petrol;"Yamaha Gear 4T; Yamaha Jog 4T; Yamaha Jog AY01; Honda Dio AF62/68; Tank T150";2000;3750;leg-shield.webp;leg-shield-where.webp;Studio product photo, one image of a consistent e-commerce series. A single scooter spare part: inner leg shield panel behind the front fairing. Isolated on a pure white seamless background #FFFFFF, centered, three-quarter view from the front-left and slightly above, the part fills about 70% of the frame, soft even studio light, subtle contact shadow under the part, realistic materials (black ABS plastic, painted plastic, aluminium, steel, rubber — whatever the real part is made of). New part, clean, no brand names, no logos, no packaging, no hands, no text, no watermark. Square 1:1.;Technical X-ray illustration, one image of a consistent series. Solid deep navy background #0E1726. A generic 50-150cc step-through city scooter (small wheels, floorboard, engine and CVT under the seat), strict side view, nose pointing right, centered, the whole scooter visible and filling about 80% of the width, no brand, no logos. The scooter is drawn as a semi-transparent X-ray / blueprint: thin light steel-blue outlines (#9FB4C8, about 40% opacity), inner parts faintly visible through the body. Only one part is solid and highlighted: inner leg shield panel behind the front fairing (front of the scooter: front fairing and leg shield). Render it in brand green #6CAD2F with a soft green glow and a thin white edge, at its real position and real scale on the scooter. If the part is small (a bulb, a seal, a bolt, a sensor), keep it at its real place and add a soft glowing green ring around it so it is easy to spot. Everything else stays dim. No text, no labels, no arrows, no numbers, no watermark. Square 1:1.
front-lower-cover;Кузов;Передняя часть;Подклювник (нижняя облицовка);lower front cover under the nose;front of the scooter: front fairing and leg shield;petrol;"Yamaha Gear 4T; Yamaha Jog 4T; Yamaha Jog AY01; Honda Dio AF62/68; Tank T150";1500;2850;front-lower-cover.webp;front-lower-cover-where.webp;Studio product photo, one image of a consistent e-commerce series. A single scooter spare part: lower front cover under the nose. Isolated on a pure white seamless background #FFFFFF, centered, three-quarter view from the front-left and slightly above, the part fills about 70% of the frame, soft even studio light, subtle contact shadow under the part, realistic materials (black ABS plastic, painted plastic, aluminium, steel, rubber — whatever the real part is made of). New part, clean, no brand names, no logos, no packaging, no hands, no text, no watermark. Square 1:1.;Technical X-ray illustration, one image of a consistent series. Solid deep navy background #0E1726. A generic 50-150cc step-through city scooter (small wheels, floorboard, engine and CVT under the seat), strict side view, nose pointing right, centered, the whole scooter visible and filling about 80% of the width, no brand, no logos. The scooter is drawn as a semi-transparent X-ray / blueprint: thin light steel-blue outlines (#9FB4C8, about 40% opacity), inner parts faintly visible through the body. Only one part is solid and highlighted: lower front cover under the nose (front of the scooter: front fairing and leg shield). Render it in brand green #6CAD2F with a soft green glow and a thin white edge, at its real position and real scale on the scooter. If the part is small (a bulb, a seal, a bolt, a sensor), keep it at its real place and add a soft glowing green ring around it so it is easy to spot. Everything else stays dim. No text, no labels, no arrows, no numbers, no watermark. Square 1:1.
front-fender;Кузов;Передняя часть;Крыло переднее;front mudguard over the front wheel;front of the scooter: front fairing and leg shield;petrol;"Yamaha Gear 4T; Yamaha Jog 4T; Yamaha Jog AY01; Honda Dio AF62/68; Tank T150";1350;2600;front-fender.webp;front-fender-where.webp;Studio product photo, one image of a consistent e-commerce series. A single scooter spare part: front mudguard over the front wheel. Isolated on a pure white seamless background #FFFFFF, centered, three-quarter view from the front-left and slightly above, the part fills about 70% of the frame, soft even studio light, subtle contact shadow under the part, realistic materials (black ABS plastic, painted plastic, aluminium, steel, rubber — whatever the real part is made of). New part, clean, no brand names, no logos, no packaging, no hands, no text, no watermark. Square 1:1.;Technical X-ray illustration, one image of a consistent series. Solid deep navy background #0E1726. A generic 50-150cc step-through city scooter (small wheels, floorboard, engine and CVT under the seat), strict side view, nose pointing right, centered, the whole scooter visible and filling about 80% of the width, no brand, no logos. The scooter is drawn as a semi-transparent X-ray / blueprint: thin light steel-blue outlines (#9FB4C8, about 40% opacity), inner parts faintly visible through the body. Only one part is solid and highlighted: front mudguard over the front wheel (front of the scooter: front fairing and leg shield). Render it in brand green #6CAD2F with a soft green glow and a thin white edge, at its real position and real scale on the scooter. If the part is small (a bulb, a seal, a bolt, a sensor), keep it at its real place and add a soft glowing green ring around it so it is easy to spot. Everything else stays dim. No text, no labels, no arrows, no numbers, no watermark. Square 1:1.
front-emblem;Кузов;Передняя часть;Эмблема на облицовке;brand emblem badge on the front fairing;front of the scooter: front fairing and leg shield;petrol;"Yamaha Gear 4T; Yamaha Jog 4T; Yamaha Jog AY01; Honda Dio AF62/68; Tank T150";450;700;front-emblem.webp;front-emblem-where.webp;Studio product photo, one image of a consistent e-commerce series. A single scooter spare part: brand emblem badge on the front fairing. Isolated on a pure white seamless background #FFFFFF, centered, three-quarter view from the front-left and slightly above, the part fills about 70% of the frame, soft even studio light, subtle contact shadow under the part, realistic materials (black ABS plastic, painted plastic, aluminium, steel, rubber — whatever the real part is made of). New part, clean, no brand names, no logos, no packaging, no hands, no text, no watermark. Square 1:1.;Technical X-ray illustration, one image of a consistent series. Solid deep navy background #0E1726. A generic 50-150cc step-through city scooter (small wheels, floorboard, engine and CVT under the seat), strict side view, nose pointing right, centered, the whole scooter visible and filling about 80% of the width, no brand, no logos. The scooter is drawn as a semi-transparent X-ray / blueprint: thin light steel-blue outlines (#9FB4C8, about 40% opacity), inner parts faintly visible through the body. Only one part is solid and highlighted: brand emblem badge on the front fairing (front of the scooter: front fairing and leg shield). Render it in brand green #6CAD2F with a soft green glow and a thin white edge, at its real position and real scale on the scooter. If the part is small (a bulb, a seal, a bolt, a sensor), keep it at its real place and add a soft glowing green ring around it so it is easy to spot. Everything else stays dim. No text, no labels, no arrows, no numbers, no watermark. Square 1:1.
front-grille;Кузов;Передняя часть;Накладка (решётка) передней облицовки;decorative grille trim on the front fairing;front of the scooter: front fairing and leg shield;petrol;"Yamaha Gear 4T; Yamaha Jog 4T; Yamaha Jog AY01; Honda Dio AF62/68; Tank T150";600;1050;front-grille.webp;front-grille-where.webp;Studio product photo, one image of a consistent e-commerce series. A single scooter spare part: decorative grille trim on the front fairing. Isolated on a pure white seamless background #FFFFFF, centered, three-quarter view from the front-left and slightly above, the part fills about 70% of the frame, soft even studio light, subtle contact shadow under the part, realistic materials (black ABS plastic, painted plastic, aluminium, steel, rubber — whatever the real part is made of). New part, clean, no brand names, no logos, no packaging, no hands, no text, no watermark. Square 1:1.;Technical X-ray illustration, one image of a consistent series. Solid deep navy background #0E1726. A generic 50-150cc step-through city scooter (small wheels, floorboard, engine and CVT under the seat), strict side view, nose pointing right, centered, the whole scooter visible and filling about 80% of the width, no brand, no logos. The scooter is drawn as a semi-transparent X-ray / blueprint: thin light steel-blue outlines (#9FB4C8, about 40% opacity), inner parts faintly visible through the body. Only one part is solid and highlighted: decorative grille trim on the front fairing (front of the scooter: front fairing and leg shield). Render it in brand green #6CAD2F with a soft green glow and a thin white edge, at its real position and real scale on the scooter. If the part is small (a bulb, a seal, a bolt, a sensor), keep it at its real place and add a soft glowing green ring around it so it is easy to spot. Everything else stays dim. No text, no labels, no arrows, no numbers, no watermark. Square 1:1.
front-cover-bracket;Кузов;Передняя часть;Кронштейн передней облицовки;metal bracket that holds the front fairing;front of the scooter: front fairing and leg shield;petrol;"Yamaha Gear 4T; Yamaha Jog 4T; Yamaha Jog AY01; Honda Dio AF62/68; Tank T150";550;900;front-cover-bracket.webp;front-cover-bracket-where.webp;Studio product photo, one image of a consistent e-commerce series. A single scooter spare part: metal bracket that holds the front fairing. Isolated on a pure white seamless background #FFFFFF, centered, three-quarter view from the front-left and slightly above, the part fills about 70% of the frame, soft even studio light, subtle contact shadow under the part, realistic materials (black ABS plastic, painted plastic, aluminium, steel, rubber — whatever the real part is made of). New part, clean, no brand names, no logos, no packaging, no hands, no text, no watermark. Square 1:1.;Technical X-ray illustration, one image of a consistent series. Solid deep navy background #0E1726. A generic 50-150cc step-through city scooter (small wheels, floorboard, engine and CVT under the seat), strict side view, nose pointing right, centered, the whole scooter visible and filling about 80% of the width, no brand, no logos. The scooter is drawn as a semi-transparent X-ray / blueprint: thin light steel-blue outlines (#9FB4C8, about 40% opacity), inner parts faintly visible through the body. Only one part is solid and highlighted: metal bracket that holds the front fairing (front of the scooter: front fairing and leg shield). Render it in brand green #6CAD2F with a soft green glow and a thin white edge, at its real position and real scale on the scooter. If the part is small (a bulb, a seal, a bolt, a sensor), keep it at its real place and add a soft glowing green ring around it so it is easy to spot. Everything else stays dim. No text, no labels, no arrows, no numbers, no watermark. Square 1:1.
horn-cover;Кузов;Передняя часть;Накладка звукового сигнала;small plastic cover over the horn;front of the scooter: front fairing and leg shield;petrol;все модели;450;450;horn-cover.webp;horn-cover-where.webp;Studio product photo, one image of a consistent e-commerce series. A single scooter spare part: small plastic cover over the horn. Isolated on a pure white seamless background #FFFFFF, centered, three-quarter view from the front-left and slightly above, the part fills about 70% of the frame, soft even studio light, subtle contact shadow under the part, realistic materials (black ABS plastic, painted plastic, aluminium, steel, rubber — whatever the real part is made of). New part, clean, no brand names, no logos, no packaging, no hands, no text, no watermark. Square 1:1.;Technical X-ray illustration, one image of a consistent series. Solid deep navy background #0E1726. A generic 50-150cc step-through city scooter (small wheels, floorboard, engine and CVT under the seat), strict side view, nose pointing right, centered, the whole scooter visible and filling about 80% of the width, no brand, no logos. The scooter is drawn as a semi-transparent X-ray / blueprint: thin light steel-blue outlines (#9FB4C8, about 40% opacity), inner parts faintly visible through the body. Only one part is solid and highlighted: small plastic cover over the horn (front of the scooter: front fairing and leg shield). Render it in brand green #6CAD2F with a soft green glow and a thin white edge, at its real position and real scale on the scooter. If the part is small (a bulb, a seal, a bolt, a sensor), keep it at its real place and add a soft glowing green ring around it so it is easy to spot. Everything else stays dim. No text, no labels, no arrows, no numbers, no watermark. Square 1:1.
handle-cover-front;Кузов;Руль и приборная панель;Обтекатель руля передний;front handlebar cover (headlight side);handlebar covers at the top front of the scooter;petrol;"Yamaha Gear 4T; Yamaha Jog 4T; Yamaha Jog AY01; Honda Dio AF62/68; Tank T150";1650;3150;handle-cover-front.webp;handle-cover-front-where.webp;Studio product photo, one image of a consistent e-commerce series. A single scooter spare part: front handlebar cover (headlight side). Isolated on a pure white seamless background #FFFFFF, centered, three-quarter view from the front-left and slightly above, the part fills about 70% of the frame, soft even studio light, subtle contact shadow under the part, realistic materials (black ABS plastic, painted plastic, aluminium, steel, rubber — whatever the real part is made of). New part, clean, no brand names, no logos, no packaging, no hands, no text, no watermark. Square 1:1.;Technical X-ray illustration, one image of a consistent series. Solid deep navy background #0E1726. A generic 50-150cc step-through city scooter (small wheels, floorboard, engine and CVT under the seat), strict side view, nose pointing right, centered, the whole scooter visible and filling about 80% of the width, no brand, no logos. The scooter is drawn as a semi-transparent X-ray / blueprint: thin light steel-blue outlines (#9FB4C8, about 40% opacity), inner parts faintly visible through the body. Only one part is solid and highlighted: front handlebar cover (headlight side) (handlebar covers at the top front of the scooter). Render it in brand green #6CAD2F with a soft green glow and a thin white edge, at its real position and real scale on the scooter. If the part is small (a bulb, a seal, a bolt, a sensor), keep it at its real place and add a soft glowing green ring around it so it is easy to spot. Everything else stays dim. No text, no labels, no arrows, no numbers, no watermark. Square 1:1.
handle-cover-rear;Кузов;Руль и приборная панель;Обтекатель руля задний (крышка руля);rear handlebar cover facing the rider;handlebar covers at the top front of the scooter;petrol;"Yamaha Gear 4T; Yamaha Jog 4T; Yamaha Jog AY01; Honda Dio AF62/68; Tank T150";1150;2200;handle-cover-rear.webp;handle-cover-rear-where.webp;Studio product photo, one image of a consistent e-commerce series. A single scooter spare part: rear handlebar cover facing the rider. Isolated on a pure white seamless background #FFFFFF, centered, three-quarter view from the front-left and slightly above, the part fills about 70% of the frame, soft even studio light, subtle contact shadow under the part, realistic materials (black ABS plastic, painted plastic, aluminium, steel, rubber — whatever the real part is made of). New part, clean, no brand names, no logos, no packaging, no hands, no text, no watermark. Square 1:1.;Technical X-ray illustration, one image of a consistent series. Solid deep navy background #0E1726. A generic 50-150cc step-through city scooter (small wheels, floorboard, engine and CVT under the seat), strict side view, nose pointing right, centered, the whole scooter visible and filling about 80% of the width, no brand, no logos. The scooter is drawn as a semi-transparent X-ray / blueprint: thin light steel-blue outlines (#9FB4C8, about 40% opacity), inner parts faintly visible through the body. Only one part is solid and highlighted: rear handlebar cover facing the rider (handlebar covers at the top front of the scooter). Render it in brand green #6CAD2F with a soft green glow and a thin white edge, at its real position and real scale on the scooter. If the part is small (a bulb, a seal, a bolt, a sensor), keep it at its real place and add a soft glowing green ring around it so it is easy to spot. Everything else stays dim. No text, no labels, no arrows, no numbers, no watermark. Square 1:1.
meter-frame;Кузов;Руль и приборная панель;Рамка приборной панели;speedometer bezel frame;handlebar covers at the top front of the scooter;petrol;"Yamaha Gear 4T; Yamaha Jog 4T; Yamaha Jog AY01; Honda Dio AF62/68; Tank T150";700;1300;meter-frame.webp;meter-frame-where.webp;Studio product photo, one image of a consistent e-commerce series. A single scooter spare part: speedometer bezel frame. Isolated on a pure white seamless background #FFFFFF, centered, three-quarter view from the front-left and slightly above, the part fills about 70% of the frame, soft even studio light, subtle contact shadow under the part, realistic materials (black ABS plastic, painted plastic, aluminium, steel, rubber — whatever the real part is made of). New part, clean, no brand names, no logos, no packaging, no hands, no text, no watermark. Square 1:1.;Technical X-ray illustration, one image of a consistent series. Solid deep navy background #0E1726. A generic 50-150cc step-through city scooter (small wheels, floorboard, engine and CVT under the seat), strict side view, nose pointing right, centered, the whole scooter visible and filling about 80% of the width, no brand, no logos. The scooter is drawn as a semi-transparent X-ray / blueprint: thin light steel-blue outlines (#9FB4C8, about 40% opacity), inner parts faintly visible through the body. Only one part is solid and highlighted: speedometer bezel frame (handlebar covers at the top front of the scooter). Render it in brand green #6CAD2F with a soft green glow and a thin white edge, at its real position and real scale on the scooter. If the part is small (a bulb, a seal, a bolt, a sensor), keep it at its real place and add a soft glowing green ring around it so it is easy to spot. Everything else stays dim. No text, no labels, no arrows, no numbers, no watermark. Square 1:1.
windscreen;Кузов;Руль и приборная панель;Ветровое стекло (козырёк);small transparent windscreen visor;handlebar covers at the top front of the scooter;petrol;"Yamaha Gear 4T; Tank T150";1650;2200;windscreen.webp;windscreen-where.webp;Studio product photo, one image of a consistent e-commerce series. A single scooter spare part: small transparent windscreen visor. Isolated on a pure white seamless background #FFFFFF, centered, three-quarter view from the front-left and slightly above, the part fills about 70% of the frame, soft even studio light, subtle contact shadow under the part, realistic materials (black ABS plastic, painted plastic, aluminium, steel, rubber — whatever the real part is made of). New part, clean, no brand names, no logos, no packaging, no hands, no text, no watermark. Square 1:1.;Technical X-ray illustration, one image of a consistent series. Solid deep navy background #0E1726. A generic 50-150cc step-through city scooter (small wheels, floorboard, engine and CVT under the seat), strict side view, nose pointing right, centered, the whole scooter visible and filling about 80% of the width, no brand, no logos. The scooter is drawn as a semi-transparent X-ray / blueprint: thin light steel-blue outlines (#9FB4C8, about 40% opacity), inner parts faintly visible through the body. Only one part is solid and highlighted: small transparent windscreen visor (handlebar covers at the top front of the scooter). Render it in brand green #6CAD2F with a soft green glow and a thin white edge, at its real position and real scale on the scooter. If the part is small (a bulb, a seal, a bolt, a sensor), keep it at its real place and add a soft glowing green ring around it so it is easy to spot. Everything else stays dim. No text, no labels, no arrows, no numbers, no watermark. Square 1:1.
windscreen-screws;Кузов;Руль и приборная панель;Крепёж ветрового стекла (комплект);windscreen mounting screws and rubber washers;handlebar covers at the top front of the scooter;petrol;все модели;300;300;windscreen-screws.webp;windscreen-screws-where.webp;Studio product photo, one image of a consistent e-commerce series. A single scooter spare part: windscreen mounting screws and rubber washers. Isolated on a pure white seamless background #FFFFFF, centered, three-quarter view from the front-left and slightly above, the part fills about 70% of the frame, soft even studio light, subtle contact shadow under the part, realistic materials (black ABS plastic, painted plastic, aluminium, steel, rubber — whatever the real part is made of). New part, clean, no brand names, no logos, no packaging, no hands, no text, no watermark. Square 1:1.;Technical X-ray illustration, one image of a consistent series. Solid deep navy background #0E1726. A generic 50-150cc step-through city scooter (small wheels, floorboard, engine and CVT under the seat), strict side view, nose pointing right, centered, the whole scooter visible and filling about 80% of the width, no brand, no logos. The scooter is drawn as a semi-transparent X-ray / blueprint: thin light steel-blue outlines (#9FB4C8, about 40% opacity), inner parts faintly visible through the body. Only one part is solid and highlighted: windscreen mounting screws and rubber washers (handlebar covers at the top front of the scooter). Render it in brand green #6CAD2F with a soft green glow and a thin white edge, at its real position and real scale on the scooter. If the part is small (a bulb, a seal, a bolt, a sensor), keep it at its real place and add a soft glowing green ring around it so it is easy to spot. Everything else stays dim. No text, no labels, no arrows, no numbers, no watermark. Square 1:1.
floor-board;Кузов;Средняя часть и пол;Пол (подножка водителя);rider floorboard panel;middle of the scooter: floorboard and inner panel;petrol;"Yamaha Gear 4T; Yamaha Jog 4T; Yamaha Jog AY01; Honda Dio AF62/68; Tank T150";2250;4100;floor-board.webp;floor-board-where.webp;Studio product photo, one image of a consistent e-commerce series. A single scooter spare part: rider floorboard panel. Isolated on a pure white seamless background #FFFFFF, centered, three-quarter view from the front-left and slightly above, the part fills about 70% of the frame, soft even studio light, subtle contact shadow under the part, realistic materials (black ABS plastic, painted plastic, aluminium, steel, rubber — whatever the real part is made of). New part, clean, no brand names, no logos, no packaging, no hands, no text, no watermark. Square 1:1.;Technical X-ray illustration, one image of a consistent series. Solid deep navy background #0E1726. A generic 50-150cc step-through city scooter (small wheels, floorboard, engine and CVT under the seat), strict side view, nose pointing right, centered, the whole scooter visible and filling about 80% of the width, no brand, no logos. The scooter is drawn as a semi-transparent X-ray / blueprint: thin light steel-blue outlines (#9FB4C8, about 40% opacity), inner parts faintly visible through the body. Only one part is solid and highlighted: rider floorboard panel (middle of the scooter: floorboard and inner panel). Render it in brand green #6CAD2F with a soft green glow and a thin white edge, at its real position and real scale on the scooter. If the part is small (a bulb, a seal, a bolt, a sensor), keep it at its real place and add a soft glowing green ring around it so it is easy to spot. Everything else stays dim. No text, no labels, no arrows, no numbers, no watermark. Square 1:1.
side-skirts;Кузов;Средняя часть и пол;Лыжи боковые нижние (пара);pair of lower side skirts under the floorboard;middle of the scooter: floorboard and inner panel;petrol;"Yamaha Gear 4T; Yamaha Jog 4T; Yamaha Jog AY01; Honda Dio AF62/68; Tank T150";1800;3400;side-skirts.webp;side-skirts-where.webp;Studio product photo, one image of a consistent e-commerce series. A single scooter spare part: pair of lower side skirts under the floorboard. Isolated on a pure white seamless background #FFFFFF, centered, three-quarter view from the front-left and slightly above, the part fills about 70% of the frame, soft even studio light, subtle contact shadow under the part, realistic materials (black ABS plastic, painted plastic, aluminium, steel, rubber — whatever the real part is made of). New part, clean, no brand names, no logos, no packaging, no hands, no text, no watermark. Square 1:1.;Technical X-ray illustration, one image of a consistent series. Solid deep navy background #0E1726. A generic 50-150cc step-through city scooter (small wheels, floorboard, engine and CVT under the seat), strict side view, nose pointing right, centered, the whole scooter visible and filling about 80% of the width, no brand, no logos. The scooter is drawn as a semi-transparent X-ray / blueprint: thin light steel-blue outlines (#9FB4C8, about 40% opacity), inner parts faintly visible through the body. Only one part is solid and highlighted: pair of lower side skirts under the floorboard (middle of the scooter: floorboard and inner panel). Render it in brand green #6CAD2F with a soft green glow and a thin white edge, at its real position and real scale on the scooter. If the part is small (a bulb, a seal, a bolt, a sensor), keep it at its real place and add a soft glowing green ring around it so it is easy to spot. Everything else stays dim. No text, no labels, no arrows, no numbers, no watermark. Square 1:1.
floor-mat;Кузов;Средняя часть и пол;Коврик пола резиновый;rubber floor mat on the floorboard;middle of the scooter: floorboard and inner panel;petrol;"Yamaha Gear 4T; Yamaha Jog 4T; Yamaha Jog AY01; Honda Dio AF62/68; Tank T150";600;1050;floor-mat.webp;floor-mat-where.webp;Studio product photo, one image of a consistent e-commerce series. A single scooter spare part: rubber floor mat on the floorboard. Isolated on a pure white seamless background #FFFFFF, centered, three-quarter view from the front-left and slightly above, the part fills about 70% of the frame, soft even studio light, subtle contact shadow under the part, realistic materials (black ABS plastic, painted plastic, aluminium, steel, rubber — whatever the real part is made of). New part, clean, no brand names, no logos, no packaging, no hands, no text, no watermark. Square 1:1.;Technical X-ray illustration, one image of a consistent series. Solid deep navy background #0E1726. A generic 50-150cc step-through city scooter (small wheels, floorboard, engine and CVT under the seat), strict side view, nose pointing right, centered, the whole scooter visible and filling about 80% of the width, no brand, no logos. The scooter is drawn as a semi-transparent X-ray / blueprint: thin light steel-blue outlines (#9FB4C8, about 40% opacity), inner parts faintly visible through the body. Only one part is solid and highlighted: rubber floor mat on the floorboard (middle of the scooter: floorboard and inner panel). Render it in brand green #6CAD2F with a soft green glow and a thin white edge, at its real position and real scale on the scooter. If the part is small (a bulb, a seal, a bolt, a sensor), keep it at its real place and add a soft glowing green ring around it so it is easy to spot. Everything else stays dim. No text, no labels, no arrows, no numbers, no watermark. Square 1:1.
glovebox;Кузов;Средняя часть и пол;Карман (бардачок) внутреннего щитка;glove box pocket in the inner leg shield;middle of the scooter: floorboard and inner panel;petrol;"Yamaha Gear 4T; Yamaha Jog 4T; Yamaha Jog AY01; Honda Dio AF62/68; Tank T150";3600;6600;glovebox.webp;glovebox-where.webp;Studio product photo, one image of a consistent e-commerce series. A single scooter spare part: glove box pocket in the inner leg shield. Isolated on a pure white seamless background #FFFFFF, centered, three-quarter view from the front-left and slightly above, the part fills about 70% of the frame, soft even studio light, subtle contact shadow under the part, realistic materials (black ABS plastic, painted plastic, aluminium, steel, rubber — whatever the real part is made of). New part, clean, no brand names, no logos, no packaging, no hands, no text, no watermark. Square 1:1.;Technical X-ray illustration, one image of a consistent series. Solid deep navy background #0E1726. A generic 50-150cc step-through city scooter (small wheels, floorboard, engine and CVT under the seat), strict side view, nose pointing right, centered, the whole scooter visible and filling about 80% of the width, no brand, no logos. The scooter is drawn as a semi-transparent X-ray / blueprint: thin light steel-blue outlines (#9FB4C8, about 40% opacity), inner parts faintly visible through the body. Only one part is solid and highlighted: glove box pocket in the inner leg shield (middle of the scooter: floorboard and inner panel). Render it in brand green #6CAD2F with a soft green glow and a thin white edge, at its real position and real scale on the scooter. If the part is small (a bulb, a seal, a bolt, a sensor), keep it at its real place and add a soft glowing green ring around it so it is easy to spot. Everything else stays dim. No text, no labels, no arrows, no numbers, no watermark. Square 1:1.
glovebox-lid;Кузов;Средняя часть и пол;Крышка бардачка;glove box lid;middle of the scooter: floorboard and inner panel;petrol;"Yamaha Gear 4T; Yamaha Jog 4T; Yamaha Jog AY01; Honda Dio AF62/68; Tank T150";600;1050;glovebox-lid.webp;glovebox-lid-where.webp;Studio product photo, one image of a consistent e-commerce series. A single scooter spare part: glove box lid. Isolated on a pure white seamless background #FFFFFF, centered, three-quarter view from the front-left and slightly above, the part fills about 70% of the frame, soft even studio light, subtle contact shadow under the part, realistic materials (black ABS plastic, painted plastic, aluminium, steel, rubber — whatever the real part is made of). New part, clean, no brand names, no logos, no packaging, no hands, no text, no watermark. Square 1:1.;Technical X-ray illustration, one image of a consistent series. Solid deep navy background #0E1726. A generic 50-150cc step-through city scooter (small wheels, floorboard, engine and CVT under the seat), strict side view, nose pointing right, centered, the whole scooter visible and filling about 80% of the width, no brand, no logos. The scooter is drawn as a semi-transparent X-ray / blueprint: thin light steel-blue outlines (#9FB4C8, about 40% opacity), inner parts faintly visible through the body. Only one part is solid and highlighted: glove box lid (middle of the scooter: floorboard and inner panel). Render it in brand green #6CAD2F with a soft green glow and a thin white edge, at its real position and real scale on the scooter. If the part is small (a bulb, a seal, a bolt, a sensor), keep it at its real place and add a soft glowing green ring around it so it is easy to spot. Everything else stays dim. No text, no labels, no arrows, no numbers, no watermark. Square 1:1.
glovebox-lock;Кузов;Средняя часть и пол;Замок бардачка;small glove box lock with key;middle of the scooter: floorboard and inner panel;petrol;все модели;700;700;glovebox-lock.webp;glovebox-lock-where.webp;Studio product photo, one image of a consistent e-commerce series. A single scooter spare part: small glove box lock with key. Isolated on a pure white seamless background #FFFFFF, centered, three-quarter view from the front-left and slightly above, the part fills about 70% of the frame, soft even studio light, subtle contact shadow under the part, realistic materials (black ABS plastic, painted plastic, aluminium, steel, rubber — whatever the real part is made of). New part, clean, no brand names, no logos, no packaging, no hands, no text, no watermark. Square 1:1.;Technical X-ray illustration, one image of a consistent series. Solid deep navy background #0E1726. A generic 50-150cc step-through city scooter (small wheels, floorboard, engine and CVT under the seat), strict side view, nose pointing right, centered, the whole scooter visible and filling about 80% of the width, no brand, no logos. The scooter is drawn as a semi-transparent X-ray / blueprint: thin light steel-blue outlines (#9FB4C8, about 40% opacity), inner parts faintly visible through the body. Only one part is solid and highlighted: small glove box lock with key (middle of the scooter: floorboard and inner panel). Render it in brand green #6CAD2F with a soft green glow and a thin white edge, at its real position and real scale on the scooter. If the part is small (a bulb, a seal, a bolt, a sensor), keep it at its real place and add a soft glowing green ring around it so it is easy to spot. Everything else stays dim. No text, no labels, no arrows, no numbers, no watermark. Square 1:1.
bag-hook;Кузов;Средняя часть и пол;Крючок для сумки;folding bag hook under the handlebar;middle of the scooter: floorboard and inner panel;petrol;все модели;400;400;bag-hook.webp;bag-hook-where.webp;Studio product photo, one image of a consistent e-commerce series. A single scooter spare part: folding bag hook under the handlebar. Isolated on a pure white seamless background #FFFFFF, centered, three-quarter view from the front-left and slightly above, the part fills about 70% of the frame, soft even studio light, subtle contact shadow under the part, realistic materials (black ABS plastic, painted plastic, aluminium, steel, rubber — whatever the real part is made of). New part, clean, no brand names, no logos, no packaging, no hands, no text, no watermark. Square 1:1.;Technical X-ray illustration, one image of a consistent series. Solid deep navy background #0E1726. A generic 50-150cc step-through city scooter (small wheels, floorboard, engine and CVT under the seat), strict side view, nose pointing right, centered, the whole scooter visible and filling about 80% of the width, no brand, no logos. The scooter is drawn as a semi-transparent X-ray / blueprint: thin light steel-blue outlines (#9FB4C8, about 40% opacity), inner parts faintly visible through the body. Only one part is solid and highlighted: folding bag hook under the handlebar (middle of the scooter: floorboard and inner panel). Render it in brand green #6CAD2F with a soft green glow and a thin white edge, at its real position and real scale on the scooter. If the part is small (a bulb, a seal, a bolt, a sensor), keep it at its real place and add a soft glowing green ring around it so it is easy to spot. Everything else stays dim. No text, no labels, no arrows, no numbers, no watermark. Square 1:1.
battery-lid;Кузов;Средняя часть и пол;Лючок аккумулятора;battery compartment lid in the floorboard;middle of the scooter: floorboard and inner panel;petrol;"Yamaha Gear 4T; Yamaha Jog 4T; Yamaha Jog AY01; Honda Dio AF62/68; Tank T150";550;900;battery-lid.webp;battery-lid-where.webp;Studio product photo, one image of a consistent e-commerce series. A single scooter spare part: battery compartment lid in the floorboard. Isolated on a pure white seamless background #FFFFFF, centered, three-quarter view from the front-left and slightly above, the part fills about 70% of the frame, soft even studio light, subtle contact shadow under the part, realistic materials (black ABS plastic, painted plastic, aluminium, steel, rubber — whatever the real part is made of). New part, clean, no brand names, no logos, no packaging, no hands, no text, no watermark. Square 1:1.;Technical X-ray illustration, one image of a consistent series. Solid deep navy background #0E1726. A generic 50-150cc step-through city scooter (small wheels, floorboard, engine and CVT under the seat), strict side view, nose pointing right, centered, the whole scooter visible and filling about 80% of the width, no brand, no logos. The scooter is drawn as a semi-transparent X-ray / blueprint: thin light steel-blue outlines (#9FB4C8, about 40% opacity), inner parts faintly visible through the body. Only one part is solid and highlighted: battery compartment lid in the floorboard (middle of the scooter: floorboard and inner panel). Render it in brand green #6CAD2F with a soft green glow and a thin white edge, at its real position and real scale on the scooter. If the part is small (a bulb, a seal, a bolt, a sensor), keep it at its real place and add a soft glowing green ring around it so it is easy to spot. Everything else stays dim. No text, no labels, no arrows, no numbers, no watermark. Square 1:1.
fuel-lid;Кузов;Средняя часть и пол;Лючок бензобака;fuel filler flap;middle of the scooter: floorboard and inner panel;petrol;"Yamaha Gear 4T; Yamaha Jog 4T; Yamaha Jog AY01; Honda Dio AF62/68; Tank T150";450;700;fuel-lid.webp;fuel-lid-where.webp;Studio product photo, one image of a consistent e-commerce series. A single scooter spare part: fuel filler flap. Isolated on a pure white seamless background #FFFFFF, centered, three-quarter view from the front-left and slightly above, the part fills about 70% of the frame, soft even studio light, subtle contact shadow under the part, realistic materials (black ABS plastic, painted plastic, aluminium, steel, rubber — whatever the real part is made of). New part, clean, no brand names, no logos, no packaging, no hands, no text, no watermark. Square 1:1.;Technical X-ray illustration, one image of a consistent series. Solid deep navy background #0E1726. A generic 50-150cc step-through city scooter (small wheels, floorboard, engine and CVT under the seat), strict side view, nose pointing right, centered, the whole scooter visible and filling about 80% of the width, no brand, no logos. The scooter is drawn as a semi-transparent X-ray / blueprint: thin light steel-blue outlines (#9FB4C8, about 40% opacity), inner parts faintly visible through the body. Only one part is solid and highlighted: fuel filler flap (middle of the scooter: floorboard and inner panel). Render it in brand green #6CAD2F with a soft green glow and a thin white edge, at its real position and real scale on the scooter. If the part is small (a bulb, a seal, a bolt, a sensor), keep it at its real place and add a soft glowing green ring around it so it is easy to spot. Everything else stays dim. No text, no labels, no arrows, no numbers, no watermark. Square 1:1.
center-tunnel;Кузов;Средняя часть и пол;Накладка центрального тоннеля;center tunnel cover between the rider's feet;middle of the scooter: floorboard and inner panel;petrol;"Yamaha Gear 4T; Yamaha Jog 4T; Yamaha Jog AY01; Honda Dio AF62/68; Tank T150";950;1850;center-tunnel.webp;center-tunnel-where.webp;Studio product photo, one image of a consistent e-commerce series. A single scooter spare part: center tunnel cover between the rider's feet. Isolated on a pure white seamless background #FFFFFF, centered, three-quarter view from the front-left and slightly above, the part fills about 70% of the frame, soft even studio light, subtle contact shadow under the part, realistic materials (black ABS plastic, painted plastic, aluminium, steel, rubber — whatever the real part is made of). New part, clean, no brand names, no logos, no packaging, no hands, no text, no watermark. Square 1:1.;Technical X-ray illustration, one image of a consistent series. Solid deep navy background #0E1726. A generic 50-150cc step-through city scooter (small wheels, floorboard, engine and CVT under the seat), strict side view, nose pointing right, centered, the whole scooter visible and filling about 80% of the width, no brand, no logos. The scooter is drawn as a semi-transparent X-ray / blueprint: thin light steel-blue outlines (#9FB4C8, about 40% opacity), inner parts faintly visible through the body. Only one part is solid and highlighted: center tunnel cover between the rider's feet (middle of the scooter: floorboard and inner panel). Render it in brand green #6CAD2F with a soft green glow and a thin white edge, at its real position and real scale on the scooter. If the part is small (a bulb, a seal, a bolt, a sensor), keep it at its real place and add a soft glowing green ring around it so it is easy to spot. Everything else stays dim. No text, no labels, no arrows, no numbers, no watermark. Square 1:1.
side-cover-left;Кузов;Задняя часть;Боковина левая;left side body panel;rear body of the scooter;petrol;"Yamaha Gear 4T; Yamaha Jog 4T; Yamaha Jog AY01; Honda Dio AF62/68; Tank T150";2000;3750;side-cover-left.webp;side-cover-left-where.webp;Studio product photo, one image of a consistent e-commerce series. A single scooter spare part: left side body panel. Isolated on a pure white seamless background #FFFFFF, centered, three-quarter view from the front-left and slightly above, the part fills about 70% of the frame, soft even studio light, subtle contact shadow under the part, realistic materials (black ABS plastic, painted plastic, aluminium, steel, rubber — whatever the real part is made of). New part, clean, no brand names, no logos, no packaging, no hands, no text, no watermark. Square 1:1.;Technical X-ray illustration, one image of a consistent series. Solid deep navy background #0E1726. A generic 50-150cc step-through city scooter (small wheels, floorboard, engine and CVT under the seat), strict side view, nose pointing right, centered, the whole scooter visible and filling about 80% of the width, no brand, no logos. The scooter is drawn as a semi-transparent X-ray / blueprint: thin light steel-blue outlines (#9FB4C8, about 40% opacity), inner parts faintly visible through the body. Only one part is solid and highlighted: left side body panel (rear body of the scooter). Render it in brand green #6CAD2F with a soft green glow and a thin white edge, at its real position and real scale on the scooter. If the part is small (a bulb, a seal, a bolt, a sensor), keep it at its real place and add a soft glowing green ring around it so it is easy to spot. Everything else stays dim. No text, no labels, no arrows, no numbers, no watermark. Square 1:1.
side-cover-right;Кузов;Задняя часть;Боковина правая;right side body panel;rear body of the scooter;petrol;"Yamaha Gear 4T; Yamaha Jog 4T; Yamaha Jog AY01; Honda Dio AF62/68; Tank T150";2000;3750;side-cover-right.webp;side-cover-right-where.webp;Studio product photo, one image of a consistent e-commerce series. A single scooter spare part: right side body panel. Isolated on a pure white seamless background #FFFFFF, centered, three-quarter view from the front-left and slightly above, the part fills about 70% of the frame, soft even studio light, subtle contact shadow under the part, realistic materials (black ABS plastic, painted plastic, aluminium, steel, rubber — whatever the real part is made of). New part, clean, no brand names, no logos, no packaging, no hands, no text, no watermark. Square 1:1.;Technical X-ray illustration, one image of a consistent series. Solid deep navy background #0E1726. A generic 50-150cc step-through city scooter (small wheels, floorboard, engine and CVT under the seat), strict side view, nose pointing right, centered, the whole scooter visible and filling about 80% of the width, no brand, no logos. The scooter is drawn as a semi-transparent X-ray / blueprint: thin light steel-blue outlines (#9FB4C8, about 40% opacity), inner parts faintly visible through the body. Only one part is solid and highlighted: right side body panel (rear body of the scooter). Render it in brand green #6CAD2F with a soft green glow and a thin white edge, at its real position and real scale on the scooter. If the part is small (a bulb, a seal, a bolt, a sensor), keep it at its real place and add a soft glowing green ring around it so it is easy to spot. Everything else stays dim. No text, no labels, no arrows, no numbers, no watermark. Square 1:1.
tail-cover;Кузов;Задняя часть;Задний обтекатель (хвост);rear tail cover;rear body of the scooter;petrol;"Yamaha Gear 4T; Yamaha Jog 4T; Yamaha Jog AY01; Honda Dio AF62/68; Tank T150";1650;3150;tail-cover.webp;tail-cover-where.webp;Studio product photo, one image of a consistent e-commerce series. A single scooter spare part: rear tail cover. Isolated on a pure white seamless background #FFFFFF, centered, three-quarter view from the front-left and slightly above, the part fills about 70% of the frame, soft even studio light, subtle contact shadow under the part, realistic materials (black ABS plastic, painted plastic, aluminium, steel, rubber — whatever the real part is made of). New part, clean, no brand names, no logos, no packaging, no hands, no text, no watermark. Square 1:1.;Technical X-ray illustration, one image of a consistent series. Solid deep navy background #0E1726. A generic 50-150cc step-through city scooter (small wheels, floorboard, engine and CVT under the seat), strict side view, nose pointing right, centered, the whole scooter visible and filling about 80% of the width, no brand, no logos. The scooter is drawn as a semi-transparent X-ray / blueprint: thin light steel-blue outlines (#9FB4C8, about 40% opacity), inner parts faintly visible through the body. Only one part is solid and highlighted: rear tail cover (rear body of the scooter). Render it in brand green #6CAD2F with a soft green glow and a thin white edge, at its real position and real scale on the scooter. If the part is small (a bulb, a seal, a bolt, a sensor), keep it at its real place and add a soft glowing green ring around it so it is easy to spot. Everything else stays dim. No text, no labels, no arrows, no numbers, no watermark. Square 1:1.
seat-under-trim;Кузов;Задняя часть;Накладка под сиденьем;trim panel under the seat;rear body of the scooter;petrol;"Yamaha Gear 4T; Yamaha Jog 4T; Yamaha Jog AY01; Honda Dio AF62/68; Tank T150";850;1600;seat-under-trim.webp;seat-under-trim-where.webp;Studio product photo, one image of a consistent e-commerce series. A single scooter spare part: trim panel under the seat. Isolated on a pure white seamless background #FFFFFF, centered, three-quarter view from the front-left and slightly above, the part fills about 70% of the frame, soft even studio light, subtle contact shadow under the part, realistic materials (black ABS plastic, painted plastic, aluminium, steel, rubber — whatever the real part is made of). New part, clean, no brand names, no logos, no packaging, no hands, no text, no watermark. Square 1:1.;Technical X-ray illustration, one image of a consistent series. Solid deep navy background #0E1726. A generic 50-150cc step-through city scooter (small wheels, floorboard, engine and CVT under the seat), strict side view, nose pointing right, centered, the whole scooter visible and filling about 80% of the width, no brand, no logos. The scooter is drawn as a semi-transparent X-ray / blueprint: thin light steel-blue outlines (#9FB4C8, about 40% opacity), inner parts faintly visible through the body. Only one part is solid and highlighted: trim panel under the seat (rear body of the scooter). Render it in brand green #6CAD2F with a soft green glow and a thin white edge, at its real position and real scale on the scooter. If the part is small (a bulb, a seal, a bolt, a sensor), keep it at its real place and add a soft glowing green ring around it so it is easy to spot. Everything else stays dim. No text, no labels, no arrows, no numbers, no watermark. Square 1:1.
rear-fender;Кузов;Задняя часть;Крыло заднее;rear inner mudguard over the rear wheel;rear body of the scooter;petrol;"Yamaha Gear 4T; Yamaha Jog 4T; Yamaha Jog AY01; Honda Dio AF62/68; Tank T150";900;1700;rear-fender.webp;rear-fender-where.webp;Studio product photo, one image of a consistent e-commerce series. A single scooter spare part: rear inner mudguard over the rear wheel. Isolated on a pure white seamless background #FFFFFF, centered, three-quarter view from the front-left and slightly above, the part fills about 70% of the frame, soft even studio light, subtle contact shadow under the part, realistic materials (black ABS plastic, painted plastic, aluminium, steel, rubber — whatever the real part is made of). New part, clean, no brand names, no logos, no packaging, no hands, no text, no watermark. Square 1:1.;Technical X-ray illustration, one image of a consistent series. Solid deep navy background #0E1726. A generic 50-150cc step-through city scooter (small wheels, floorboard, engine and CVT under the seat), strict side view, nose pointing right, centered, the whole scooter visible and filling about 80% of the width, no brand, no logos. The scooter is drawn as a semi-transparent X-ray / blueprint: thin light steel-blue outlines (#9FB4C8, about 40% opacity), inner parts faintly visible through the body. Only one part is solid and highlighted: rear inner mudguard over the rear wheel (rear body of the scooter). Render it in brand green #6CAD2F with a soft green glow and a thin white edge, at its real position and real scale on the scooter. If the part is small (a bulb, a seal, a bolt, a sensor), keep it at its real place and add a soft glowing green ring around it so it is easy to spot. Everything else stays dim. No text, no labels, no arrows, no numbers, no watermark. Square 1:1.
mud-flap;Кузов;Задняя часть;Брызговик задний;rear rubber mud flap;rear body of the scooter;petrol;все модели;700;700;mud-flap.webp;mud-flap-where.webp;Studio product photo, one image of a consistent e-commerce series. A single scooter spare part: rear rubber mud flap. Isolated on a pure white seamless background #FFFFFF, centered, three-quarter view from the front-left and slightly above, the part fills about 70% of the frame, soft even studio light, subtle contact shadow under the part, realistic materials (black ABS plastic, painted plastic, aluminium, steel, rubber — whatever the real part is made of). New part, clean, no brand names, no logos, no packaging, no hands, no text, no watermark. Square 1:1.;Technical X-ray illustration, one image of a consistent series. Solid deep navy background #0E1726. A generic 50-150cc step-through city scooter (small wheels, floorboard, engine and CVT under the seat), strict side view, nose pointing right, centered, the whole scooter visible and filling about 80% of the width, no brand, no logos. The scooter is drawn as a semi-transparent X-ray / blueprint: thin light steel-blue outlines (#9FB4C8, about 40% opacity), inner parts faintly visible through the body. Only one part is solid and highlighted: rear rubber mud flap (rear body of the scooter). Render it in brand green #6CAD2F with a soft green glow and a thin white edge, at its real position and real scale on the scooter. If the part is small (a bulb, a seal, a bolt, a sensor), keep it at its real place and add a soft glowing green ring around it so it is easy to spot. Everything else stays dim. No text, no labels, no arrows, no numbers, no watermark. Square 1:1.
plate-holder;Кузов;Задняя часть;Кронштейн номерного знака;license plate bracket;rear body of the scooter;petrol;"Yamaha Gear 4T; Yamaha Jog 4T; Yamaha Jog AY01; Honda Dio AF62/68; Tank T150";600;1050;plate-holder.webp;plate-holder-where.webp;Studio product photo, one image of a consistent e-commerce series. A single scooter spare part: license plate bracket. Isolated on a pure white seamless background #FFFFFF, centered, three-quarter view from the front-left and slightly above, the part fills about 70% of the frame, soft even studio light, subtle contact shadow under the part, realistic materials (black ABS plastic, painted plastic, aluminium, steel, rubber — whatever the real part is made of). New part, clean, no brand names, no logos, no packaging, no hands, no text, no watermark. Square 1:1.;Technical X-ray illustration, one image of a consistent series. Solid deep navy background #0E1726. A generic 50-150cc step-through city scooter (small wheels, floorboard, engine and CVT under the seat), strict side view, nose pointing right, centered, the whole scooter visible and filling about 80% of the width, no brand, no logos. The scooter is drawn as a semi-transparent X-ray / blueprint: thin light steel-blue outlines (#9FB4C8, about 40% opacity), inner parts faintly visible through the body. Only one part is solid and highlighted: license plate bracket (rear body of the scooter). Render it in brand green #6CAD2F with a soft green glow and a thin white edge, at its real position and real scale on the scooter. If the part is small (a bulb, a seal, a bolt, a sensor), keep it at its real place and add a soft glowing green ring around it so it is easy to spot. Everything else stays dim. No text, no labels, no arrows, no numbers, no watermark. Square 1:1.
reflector;Кузов;Задняя часть;Катафот (отражатель);red rear reflector;rear body of the scooter;petrol;все модели;250;250;reflector.webp;reflector-where.webp;Studio product photo, one image of a consistent e-commerce series. A single scooter spare part: red rear reflector. Isolated on a pure white seamless background #FFFFFF, centered, three-quarter view from the front-left and slightly above, the part fills about 70% of the frame, soft even studio light, subtle contact shadow under the part, realistic materials (black ABS plastic, painted plastic, aluminium, steel, rubber — whatever the real part is made of). New part, clean, no brand names, no logos, no packaging, no hands, no text, no watermark. Square 1:1.;Technical X-ray illustration, one image of a consistent series. Solid deep navy background #0E1726. A generic 50-150cc step-through city scooter (small wheels, floorboard, engine and CVT under the seat), strict side view, nose pointing right, centered, the whole scooter visible and filling about 80% of the width, no brand, no logos. The scooter is drawn as a semi-transparent X-ray / blueprint: thin light steel-blue outlines (#9FB4C8, about 40% opacity), inner parts faintly visible through the body. Only one part is solid and highlighted: red rear reflector (rear body of the scooter). Render it in brand green #6CAD2F with a soft green glow and a thin white edge, at its real position and real scale on the scooter. If the part is small (a bulb, a seal, a bolt, a sensor), keep it at its real place and add a soft glowing green ring around it so it is easy to spot. Everything else stays dim. No text, no labels, no arrows, no numbers, no watermark. Square 1:1.
grab-handle;Кузов;Задняя часть;Ручка пассажира;passenger grab handle;rear body of the scooter;petrol;"Yamaha Gear 4T; Yamaha Jog 4T; Yamaha Jog AY01; Honda Dio AF62/68; Tank T150";850;1600;grab-handle.webp;grab-handle-where.webp;Studio product photo, one image of a consistent e-commerce series. A single scooter spare part: passenger grab handle. Isolated on a pure white seamless background #FFFFFF, centered, three-quarter view from the front-left and slightly above, the part fills about 70% of the frame, soft even studio light, subtle contact shadow under the part, realistic materials (black ABS plastic, painted plastic, aluminium, steel, rubber — whatever the real part is made of). New part, clean, no brand names, no logos, no packaging, no hands, no text, no watermark. Square 1:1.;Technical X-ray illustration, one image of a consistent series. Solid deep navy background #0E1726. A generic 50-150cc step-through city scooter (small wheels, floorboard, engine and CVT under the seat), strict side view, nose pointing right, centered, the whole scooter visible and filling about 80% of the width, no brand, no logos. The scooter is drawn as a semi-transparent X-ray / blueprint: thin light steel-blue outlines (#9FB4C8, about 40% opacity), inner parts faintly visible through the body. Only one part is solid and highlighted: passenger grab handle (rear body of the scooter). Render it in brand green #6CAD2F with a soft green glow and a thin white edge, at its real position and real scale on the scooter. If the part is small (a bulb, a seal, a bolt, a sensor), keep it at its real place and add a soft glowing green ring around it so it is easy to spot. Everything else stays dim. No text, no labels, no arrows, no numbers, no watermark. Square 1:1.
rear-carrier;Кузов;Задняя часть;Багажник задний;rear luggage carrier rack;rear body of the scooter;petrol;"Yamaha Gear 4T; Yamaha Jog 4T; Yamaha Jog AY01; Honda Dio AF62/68; Tank T150";1350;2600;rear-carrier.webp;rear-carrier-where.webp;Studio product photo, one image of a consistent e-commerce series. A single scooter spare part: rear luggage carrier rack. Isolated on a pure white seamless background #FFFFFF, centered, three-quarter view from the front-left and slightly above, the part fills about 70% of the frame, soft even studio light, subtle contact shadow under the part, realistic materials (black ABS plastic, painted plastic, aluminium, steel, rubber — whatever the real part is made of). New part, clean, no brand names, no logos, no packaging, no hands, no text, no watermark. Square 1:1.;Technical X-ray illustration, one image of a consistent series. Solid deep navy background #0E1726. A generic 50-150cc step-through city scooter (small wheels, floorboard, engine and CVT under the seat), strict side view, nose pointing right, centered, the whole scooter visible and filling about 80% of the width, no brand, no logos. The scooter is drawn as a semi-transparent X-ray / blueprint: thin light steel-blue outlines (#9FB4C8, about 40% opacity), inner parts faintly visible through the body. Only one part is solid and highlighted: rear luggage carrier rack (rear body of the scooter). Render it in brand green #6CAD2F with a soft green glow and a thin white edge, at its real position and real scale on the scooter. If the part is small (a bulb, a seal, a bolt, a sensor), keep it at its real place and add a soft glowing green ring around it so it is easy to spot. Everything else stays dim. No text, no labels, no arrows, no numbers, no watermark. Square 1:1.
top-box-plate;Кузов;Задняя часть;Площадка под кофр;top case mounting plate;rear body of the scooter;petrol;все модели;1100;1100;top-box-plate.webp;top-box-plate-where.webp;Studio product photo, one image of a consistent e-commerce series. A single scooter spare part: top case mounting plate. Isolated on a pure white seamless background #FFFFFF, centered, three-quarter view from the front-left and slightly above, the part fills about 70% of the frame, soft even studio light, subtle contact shadow under the part, realistic materials (black ABS plastic, painted plastic, aluminium, steel, rubber — whatever the real part is made of). New part, clean, no brand names, no logos, no packaging, no hands, no text, no watermark. Square 1:1.;Technical X-ray illustration, one image of a consistent series. Solid deep navy background #0E1726. A generic 50-150cc step-through city scooter (small wheels, floorboard, engine and CVT under the seat), strict side view, nose pointing right, centered, the whole scooter visible and filling about 80% of the width, no brand, no logos. The scooter is drawn as a semi-transparent X-ray / blueprint: thin light steel-blue outlines (#9FB4C8, about 40% opacity), inner parts faintly visible through the body. Only one part is solid and highlighted: top case mounting plate (rear body of the scooter). Render it in brand green #6CAD2F with a soft green glow and a thin white edge, at its real position and real scale on the scooter. If the part is small (a bulb, a seal, a bolt, a sensor), keep it at its real place and add a soft glowing green ring around it so it is easy to spot. Everything else stays dim. No text, no labels, no arrows, no numbers, no watermark. Square 1:1.
front-basket;Кузов;Задняя часть;Корзина передняя;front basket;rear body of the scooter;petrol;Yamaha Gear 4T;2050;2050;front-basket.webp;front-basket-where.webp;Studio product photo, one image of a consistent e-commerce series. A single scooter spare part: front basket. Isolated on a pure white seamless background #FFFFFF, centered, three-quarter view from the front-left and slightly above, the part fills about 70% of the frame, soft even studio light, subtle contact shadow under the part, realistic materials (black ABS plastic, painted plastic, aluminium, steel, rubber — whatever the real part is made of). New part, clean, no brand names, no logos, no packaging, no hands, no text, no watermark. Square 1:1.;Technical X-ray illustration, one image of a consistent series. Solid deep navy background #0E1726. A generic 50-150cc step-through city scooter (small wheels, floorboard, engine and CVT under the seat), strict side view, nose pointing right, centered, the whole scooter visible and filling about 80% of the width, no brand, no logos. The scooter is drawn as a semi-transparent X-ray / blueprint: thin light steel-blue outlines (#9FB4C8, about 40% opacity), inner parts faintly visible through the body. Only one part is solid and highlighted: front basket (rear body of the scooter). Render it in brand green #6CAD2F with a soft green glow and a thin white edge, at its real position and real scale on the scooter. If the part is small (a bulb, a seal, a bolt, a sensor), keep it at its real place and add a soft glowing green ring around it so it is easy to spot. Everything else stays dim. No text, no labels, no arrows, no numbers, no watermark. Square 1:1.
basket-bracket;Кузов;Задняя часть;Кронштейн передней корзины;front basket mounting bracket;rear body of the scooter;petrol;Yamaha Gear 4T;950;950;basket-bracket.webp;basket-bracket-where.webp;Studio product photo, one image of a consistent e-commerce series. A single scooter spare part: front basket mounting bracket. Isolated on a pure white seamless background #FFFFFF, centered, three-quarter view from the front-left and slightly above, the part fills about 70% of the frame, soft even studio light, subtle contact shadow under the part, realistic materials (black ABS plastic, painted plastic, aluminium, steel, rubber — whatever the real part is made of). New part, clean, no brand names, no logos, no packaging, no hands, no text, no watermark. Square 1:1.;Technical X-ray illustration, one image of a consistent series. Solid deep navy background #0E1726. A generic 50-150cc step-through city scooter (small wheels, floorboard, engine and CVT under the seat), strict side view, nose pointing right, centered, the whole scooter visible and filling about 80% of the width, no brand, no logos. The scooter is drawn as a semi-transparent X-ray / blueprint: thin light steel-blue outlines (#9FB4C8, about 40% opacity), inner parts faintly visible through the body. Only one part is solid and highlighted: front basket mounting bracket (rear body of the scooter). Render it in brand green #6CAD2F with a soft green glow and a thin white edge, at its real position and real scale on the scooter. If the part is small (a bulb, a seal, a bolt, a sensor), keep it at its real place and add a soft glowing green ring around it so it is easy to spot. Everything else stays dim. No text, no labels, no arrows, no numbers, no watermark. Square 1:1.
pillion-pegs;Кузов;Задняя часть;Подножки пассажира (пара);pair of passenger foot pegs;rear body of the scooter;petrol;Tank T150;1250;1250;pillion-pegs.webp;pillion-pegs-where.webp;Studio product photo, one image of a consistent e-commerce series. A single scooter spare part: pair of passenger foot pegs. Isolated on a pure white seamless background #FFFFFF, centered, three-quarter view from the front-left and slightly above, the part fills about 70% of the frame, soft even studio light, subtle contact shadow under the part, realistic materials (black ABS plastic, painted plastic, aluminium, steel, rubber — whatever the real part is made of). New part, clean, no brand names, no logos, no packaging, no hands, no text, no watermark. Square 1:1.;Technical X-ray illustration, one image of a consistent series. Solid deep navy background #0E1726. A generic 50-150cc step-through city scooter (small wheels, floorboard, engine and CVT under the seat), strict side view, nose pointing right, centered, the whole scooter visible and filling about 80% of the width, no brand, no logos. The scooter is drawn as a semi-transparent X-ray / blueprint: thin light steel-blue outlines (#9FB4C8, about 40% opacity), inner parts faintly visible through the body. Only one part is solid and highlighted: pair of passenger foot pegs (rear body of the scooter). Render it in brand green #6CAD2F with a soft green glow and a thin white edge, at its real position and real scale on the scooter. If the part is small (a bulb, a seal, a bolt, a sensor), keep it at its real place and add a soft glowing green ring around it so it is easy to spot. Everything else stays dim. No text, no labels, no arrows, no numbers, no watermark. Square 1:1.
seat;Кузов;Сиденье и багажный отсек;Сиденье в сборе;complete rider seat;seat and under-seat storage;petrol;"Yamaha Gear 4T; Yamaha Jog 4T; Yamaha Jog AY01; Honda Dio AF62/68; Tank T150";1800;3400;seat.webp;seat-where.webp;Studio product photo, one image of a consistent e-commerce series. A single scooter spare part: complete rider seat. Isolated on a pure white seamless background #FFFFFF, centered, three-quarter view from the front-left and slightly above, the part fills about 70% of the frame, soft even studio light, subtle contact shadow under the part, realistic materials (black ABS plastic, painted plastic, aluminium, steel, rubber — whatever the real part is made of). New part, clean, no brand names, no logos, no packaging, no hands, no text, no watermark. Square 1:1.;Technical X-ray illustration, one image of a consistent series. Solid deep navy background #0E1726. A generic 50-150cc step-through city scooter (small wheels, floorboard, engine and CVT under the seat), strict side view, nose pointing right, centered, the whole scooter visible and filling about 80% of the width, no brand, no logos. The scooter is drawn as a semi-transparent X-ray / blueprint: thin light steel-blue outlines (#9FB4C8, about 40% opacity), inner parts faintly visible through the body. Only one part is solid and highlighted: complete rider seat (seat and under-seat storage). Render it in brand green #6CAD2F with a soft green glow and a thin white edge, at its real position and real scale on the scooter. If the part is small (a bulb, a seal, a bolt, a sensor), keep it at its real place and add a soft glowing green ring around it so it is easy to spot. Everything else stays dim. No text, no labels, no arrows, no numbers, no watermark. Square 1:1.
seat-cover;Кузов;Сиденье и багажный отсек;Чехол сиденья (под перетяжку);seat cover upholstery;seat and under-seat storage;petrol;все модели;950;950;seat-cover.webp;seat-cover-where.webp;Studio product photo, one image of a consistent e-commerce series. A single scooter spare part: seat cover upholstery. Isolated on a pure white seamless background #FFFFFF, centered, three-quarter view from the front-left and slightly above, the part fills about 70% of the frame, soft even studio light, subtle contact shadow under the part, realistic materials (black ABS plastic, painted plastic, aluminium, steel, rubber — whatever the real part is made of). New part, clean, no brand names, no logos, no packaging, no hands, no text, no watermark. Square 1:1.;Technical X-ray illustration, one image of a consistent series. Solid deep navy background #0E1726. A generic 50-150cc step-through city scooter (small wheels, floorboard, engine and CVT under the seat), strict side view, nose pointing right, centered, the whole scooter visible and filling about 80% of the width, no brand, no logos. The scooter is drawn as a semi-transparent X-ray / blueprint: thin light steel-blue outlines (#9FB4C8, about 40% opacity), inner parts faintly visible through the body. Only one part is solid and highlighted: seat cover upholstery (seat and under-seat storage). Render it in brand green #6CAD2F with a soft green glow and a thin white edge, at its real position and real scale on the scooter. If the part is small (a bulb, a seal, a bolt, a sensor), keep it at its real place and add a soft glowing green ring around it so it is easy to spot. Everything else stays dim. No text, no labels, no arrows, no numbers, no watermark. Square 1:1.
seat-hinge;Кузов;Сиденье и багажный отсек;Петля сиденья;seat hinge;seat and under-seat storage;petrol;"Yamaha Gear 4T; Yamaha Jog 4T; Yamaha Jog AY01; Honda Dio AF62/68; Tank T150";400;700;seat-hinge.webp;seat-hinge-where.webp;Studio product photo, one image of a consistent e-commerce series. A single scooter spare part: seat hinge. Isolated on a pure white seamless background #FFFFFF, centered, three-quarter view from the front-left and slightly above, the part fills about 70% of the frame, soft even studio light, subtle contact shadow under the part, realistic materials (black ABS plastic, painted plastic, aluminium, steel, rubber — whatever the real part is made of). New part, clean, no brand names, no logos, no packaging, no hands, no text, no watermark. Square 1:1.;Technical X-ray illustration, one image of a consistent series. Solid deep navy background #0E1726. A generic 50-150cc step-through city scooter (small wheels, floorboard, engine and CVT under the seat), strict side view, nose pointing right, centered, the whole scooter visible and filling about 80% of the width, no brand, no logos. The scooter is drawn as a semi-transparent X-ray / blueprint: thin light steel-blue outlines (#9FB4C8, about 40% opacity), inner parts faintly visible through the body. Only one part is solid and highlighted: seat hinge (seat and under-seat storage). Render it in brand green #6CAD2F with a soft green glow and a thin white edge, at its real position and real scale on the scooter. If the part is small (a bulb, a seal, a bolt, a sensor), keep it at its real place and add a soft glowing green ring around it so it is easy to spot. Everything else stays dim. No text, no labels, no arrows, no numbers, no watermark. Square 1:1.
seat-lock;Кузов;Сиденье и багажный отсек;Замок сиденья;seat latch lock;seat and under-seat storage;petrol;"Yamaha Gear 4T; Yamaha Jog 4T; Yamaha Jog AY01; Honda Dio AF62/68; Tank T150";550;900;seat-lock.webp;seat-lock-where.webp;Studio product photo, one image of a consistent e-commerce series. A single scooter spare part: seat latch lock. Isolated on a pure white seamless background #FFFFFF, centered, three-quarter view from the front-left and slightly above, the part fills about 70% of the frame, soft even studio light, subtle contact shadow under the part, realistic materials (black ABS plastic, painted plastic, aluminium, steel, rubber — whatever the real part is made of). New part, clean, no brand names, no logos, no packaging, no hands, no text, no watermark. Square 1:1.;Technical X-ray illustration, one image of a consistent series. Solid deep navy background #0E1726. A generic 50-150cc step-through city scooter (small wheels, floorboard, engine and CVT under the seat), strict side view, nose pointing right, centered, the whole scooter visible and filling about 80% of the width, no brand, no logos. The scooter is drawn as a semi-transparent X-ray / blueprint: thin light steel-blue outlines (#9FB4C8, about 40% opacity), inner parts faintly visible through the body. Only one part is solid and highlighted: seat latch lock (seat and under-seat storage). Render it in brand green #6CAD2F with a soft green glow and a thin white edge, at its real position and real scale on the scooter. If the part is small (a bulb, a seal, a bolt, a sensor), keep it at its real place and add a soft glowing green ring around it so it is easy to spot. Everything else stays dim. No text, no labels, no arrows, no numbers, no watermark. Square 1:1.
seat-lock-cable;Кузов;Сиденье и багажный отсек;Трос замка сиденья;seat lock release cable;seat and under-seat storage;petrol;все модели;400;400;seat-lock-cable.webp;seat-lock-cable-where.webp;Studio product photo, one image of a consistent e-commerce series. A single scooter spare part: seat lock release cable. Isolated on a pure white seamless background #FFFFFF, centered, three-quarter view from the front-left and slightly above, the part fills about 70% of the frame, soft even studio light, subtle contact shadow under the part, realistic materials (black ABS plastic, painted plastic, aluminium, steel, rubber — whatever the real part is made of). New part, clean, no brand names, no logos, no packaging, no hands, no text, no watermark. Square 1:1.;Technical X-ray illustration, one image of a consistent series. Solid deep navy background #0E1726. A generic 50-150cc step-through city scooter (small wheels, floorboard, engine and CVT under the seat), strict side view, nose pointing right, centered, the whole scooter visible and filling about 80% of the width, no brand, no logos. The scooter is drawn as a semi-transparent X-ray / blueprint: thin light steel-blue outlines (#9FB4C8, about 40% opacity), inner parts faintly visible through the body. Only one part is solid and highlighted: seat lock release cable (seat and under-seat storage). Render it in brand green #6CAD2F with a soft green glow and a thin white edge, at its real position and real scale on the scooter. If the part is small (a bulb, a seal, a bolt, a sensor), keep it at its real place and add a soft glowing green ring around it so it is easy to spot. Everything else stays dim. No text, no labels, no arrows, no numbers, no watermark. Square 1:1.
seat-bumper;Кузов;Сиденье и багажный отсек;Резиновый упор сиденья;small rubber seat bumper;seat and under-seat storage;petrol;все модели;150;150;seat-bumper.webp;seat-bumper-where.webp;Studio product photo, one image of a consistent e-commerce series. A single scooter spare part: small rubber seat bumper. Isolated on a pure white seamless background #FFFFFF, centered, three-quarter view from the front-left and slightly above, the part fills about 70% of the frame, soft even studio light, subtle contact shadow under the part, realistic materials (black ABS plastic, painted plastic, aluminium, steel, rubber — whatever the real part is made of). New part, clean, no brand names, no logos, no packaging, no hands, no text, no watermark. Square 1:1.;Technical X-ray illustration, one image of a consistent series. Solid deep navy background #0E1726. A generic 50-150cc step-through city scooter (small wheels, floorboard, engine and CVT under the seat), strict side view, nose pointing right, centered, the whole scooter visible and filling about 80% of the width, no brand, no logos. The scooter is drawn as a semi-transparent X-ray / blueprint: thin light steel-blue outlines (#9FB4C8, about 40% opacity), inner parts faintly visible through the body. Only one part is solid and highlighted: small rubber seat bumper (seat and under-seat storage). Render it in brand green #6CAD2F with a soft green glow and a thin white edge, at its real position and real scale on the scooter. If the part is small (a bulb, a seal, a bolt, a sensor), keep it at its real place and add a soft glowing green ring around it so it is easy to spot. Everything else stays dim. No text, no labels, no arrows, no numbers, no watermark. Square 1:1.
seat-strut;Кузов;Сиденье и багажный отсек;Газовый упор сиденья;seat gas strut;seat and under-seat storage;petrol;"Yamaha Jog AY01; Tank T150";850;950;seat-strut.webp;seat-strut-where.webp;Studio product photo, one image of a consistent e-commerce series. A single scooter spare part: seat gas strut. Isolated on a pure white seamless background #FFFFFF, centered, three-quarter view from the front-left and slightly above, the part fills about 70% of the frame, soft even studio light, subtle contact shadow under the part, realistic materials (black ABS plastic, painted plastic, aluminium, steel, rubber — whatever the real part is made of). New part, clean, no brand names, no logos, no packaging, no hands, no text, no watermark. Square 1:1.;Technical X-ray illustration, one image of a consistent series. Solid deep navy background #0E1726. A generic 50-150cc step-through city scooter (small wheels, floorboard, engine and CVT under the seat), strict side view, nose pointing right, centered, the whole scooter visible and filling about 80% of the width, no brand, no logos. The scooter is drawn as a semi-transparent X-ray / blueprint: thin light steel-blue outlines (#9FB4C8, about 40% opacity), inner parts faintly visible through the body. Only one part is solid and highlighted: seat gas strut (seat and under-seat storage). Render it in brand green #6CAD2F with a soft green glow and a thin white edge, at its real position and real scale on the scooter. If the part is small (a bulb, a seal, a bolt, a sensor), keep it at its real place and add a soft glowing green ring around it so it is easy to spot. Everything else stays dim. No text, no labels, no arrows, no numbers, no watermark. Square 1:1.
storage-box;Кузов;Сиденье и багажный отсек;Подсидельный бокс (багажник под сиденьем);under-seat storage box;seat and under-seat storage;petrol;"Yamaha Gear 4T; Yamaha Jog 4T; Yamaha Jog AY01; Honda Dio AF62/68; Tank T150";1450;2700;storage-box.webp;storage-box-where.webp;Studio product photo, one image of a consistent e-commerce series. A single scooter spare part: under-seat storage box. Isolated on a pure white seamless background #FFFFFF, centered, three-quarter view from the front-left and slightly above, the part fills about 70% of the frame, soft even studio light, subtle contact shadow under the part, realistic materials (black ABS plastic, painted plastic, aluminium, steel, rubber — whatever the real part is made of). New part, clean, no brand names, no logos, no packaging, no hands, no text, no watermark. Square 1:1.;Technical X-ray illustration, one image of a consistent series. Solid deep navy background #0E1726. A generic 50-150cc step-through city scooter (small wheels, floorboard, engine and CVT under the seat), strict side view, nose pointing right, centered, the whole scooter visible and filling about 80% of the width, no brand, no logos. The scooter is drawn as a semi-transparent X-ray / blueprint: thin light steel-blue outlines (#9FB4C8, about 40% opacity), inner parts faintly visible through the body. Only one part is solid and highlighted: under-seat storage box (seat and under-seat storage). Render it in brand green #6CAD2F with a soft green glow and a thin white edge, at its real position and real scale on the scooter. If the part is small (a bulb, a seal, a bolt, a sensor), keep it at its real place and add a soft glowing green ring around it so it is easy to spot. Everything else stays dim. No text, no labels, no arrows, no numbers, no watermark. Square 1:1.
helmet-hook;Кузов;Сиденье и багажный отсек;Крючок для шлема;helmet hook;seat and under-seat storage;petrol;все модели;300;300;helmet-hook.webp;helmet-hook-where.webp;Studio product photo, one image of a consistent e-commerce series. A single scooter spare part: helmet hook. Isolated on a pure white seamless background #FFFFFF, centered, three-quarter view from the front-left and slightly above, the part fills about 70% of the frame, soft even studio light, subtle contact shadow under the part, realistic materials (black ABS plastic, painted plastic, aluminium, steel, rubber — whatever the real part is made of). New part, clean, no brand names, no logos, no packaging, no hands, no text, no watermark. Square 1:1.;Technical X-ray illustration, one image of a consistent series. Solid deep navy background #0E1726. A generic 50-150cc step-through city scooter (small wheels, floorboard, engine and CVT under the seat), strict side view, nose pointing right, centered, the whole scooter visible and filling about 80% of the width, no brand, no logos. The scooter is drawn as a semi-transparent X-ray / blueprint: thin light steel-blue outlines (#9FB4C8, about 40% opacity), inner parts faintly visible through the body. Only one part is solid and highlighted: helmet hook (seat and under-seat storage). Render it in brand green #6CAD2F with a soft green glow and a thin white edge, at its real position and real scale on the scooter. If the part is small (a bulb, a seal, a bolt, a sensor), keep it at its real place and add a soft glowing green ring around it so it is easy to spot. Everything else stays dim. No text, no labels, no arrows, no numbers, no watermark. Square 1:1.
frame;Кузов;Рама и крепёж кузова;Рама (контрактная);scooter steel frame;frame and body fasteners;petrol;"Yamaha Gear 4T; Yamaha Jog 4T; Yamaha Jog AY01; Honda Dio AF62/68; Tank T150";9100;12350;frame.webp;frame-where.webp;Studio product photo, one image of a consistent e-commerce series. A single scooter spare part: scooter steel frame. Isolated on a pure white seamless background #FFFFFF, centered, three-quarter view from the front-left and slightly above, the part fills about 70% of the frame, soft even studio light, subtle contact shadow under the part, realistic materials (black ABS plastic, painted plastic, aluminium, steel, rubber — whatever the real part is made of). New part, clean, no brand names, no logos, no packaging, no hands, no text, no watermark. Square 1:1.;Technical X-ray illustration, one image of a consistent series. Solid deep navy background #0E1726. A generic 50-150cc step-through city scooter (small wheels, floorboard, engine and CVT under the seat), strict side view, nose pointing right, centered, the whole scooter visible and filling about 80% of the width, no brand, no logos. The scooter is drawn as a semi-transparent X-ray / blueprint: thin light steel-blue outlines (#9FB4C8, about 40% opacity), inner parts faintly visible through the body. Only one part is solid and highlighted: scooter steel frame (frame and body fasteners). Render it in brand green #6CAD2F with a soft green glow and a thin white edge, at its real position and real scale on the scooter. If the part is small (a bulb, a seal, a bolt, a sensor), keep it at its real place and add a soft glowing green ring around it so it is easy to spot. Everything else stays dim. No text, no labels, no arrows, no numbers, no watermark. Square 1:1.
plastic-clips;Кузов;Рама и крепёж кузова;Клипсы (пистоны) пластика, 10 шт;plastic push rivet clips;frame and body fasteners;petrol;все модели;300;300;plastic-clips.webp;plastic-clips-where.webp;Studio product photo, one image of a consistent e-commerce series. A single scooter spare part: plastic push rivet clips. Isolated on a pure white seamless background #FFFFFF, centered, three-quarter view from the front-left and slightly above, the part fills about 70% of the frame, soft even studio light, subtle contact shadow under the part, realistic materials (black ABS plastic, painted plastic, aluminium, steel, rubber — whatever the real part is made of). New part, clean, no brand names, no logos, no packaging, no hands, no text, no watermark. Square 1:1.;Technical X-ray illustration, one image of a consistent series. Solid deep navy background #0E1726. A generic 50-150cc step-through city scooter (small wheels, floorboard, engine and CVT under the seat), strict side view, nose pointing right, centered, the whole scooter visible and filling about 80% of the width, no brand, no logos. The scooter is drawn as a semi-transparent X-ray / blueprint: thin light steel-blue outlines (#9FB4C8, about 40% opacity), inner parts faintly visible through the body. Only one part is solid and highlighted: plastic push rivet clips (frame and body fasteners). Render it in brand green #6CAD2F with a soft green glow and a thin white edge, at its real position and real scale on the scooter. If the part is small (a bulb, a seal, a bolt, a sensor), keep it at its real place and add a soft glowing green ring around it so it is easy to spot. Everything else stays dim. No text, no labels, no arrows, no numbers, no watermark. Square 1:1.
body-screws;Кузов;Рама и крепёж кузова;Саморезы облицовки, 10 шт;body panel self-tapping screws;frame and body fasteners;petrol;все модели;200;200;body-screws.webp;body-screws-where.webp;Studio product photo, one image of a consistent e-commerce series. A single scooter spare part: body panel self-tapping screws. Isolated on a pure white seamless background #FFFFFF, centered, three-quarter view from the front-left and slightly above, the part fills about 70% of the frame, soft even studio light, subtle contact shadow under the part, realistic materials (black ABS plastic, painted plastic, aluminium, steel, rubber — whatever the real part is made of). New part, clean, no brand names, no logos, no packaging, no hands, no text, no watermark. Square 1:1.;Technical X-ray illustration, one image of a consistent series. Solid deep navy background #0E1726. A generic 50-150cc step-through city scooter (small wheels, floorboard, engine and CVT under the seat), strict side view, nose pointing right, centered, the whole scooter visible and filling about 80% of the width, no brand, no logos. The scooter is drawn as a semi-transparent X-ray / blueprint: thin light steel-blue outlines (#9FB4C8, about 40% opacity), inner parts faintly visible through the body. Only one part is solid and highlighted: body panel self-tapping screws (frame and body fasteners). Render it in brand green #6CAD2F with a soft green glow and a thin white edge, at its real position and real scale on the scooter. If the part is small (a bulb, a seal, a bolt, a sensor), keep it at its real place and add a soft glowing green ring around it so it is easy to spot. Everything else stays dim. No text, no labels, no arrows, no numbers, no watermark. Square 1:1.
body-bolts;Кузов;Рама и крепёж кузова;Болты облицовки M6 с шайбами, 10 шт;M6 body bolts with washers;frame and body fasteners;petrol;все модели;400;400;body-bolts.webp;body-bolts-where.webp;Studio product photo, one image of a consistent e-commerce series. A single scooter spare part: M6 body bolts with washers. Isolated on a pure white seamless background #FFFFFF, centered, three-quarter view from the front-left and slightly above, the part fills about 70% of the frame, soft even studio light, subtle contact shadow under the part, realistic materials (black ABS plastic, painted plastic, aluminium, steel, rubber — whatever the real part is made of). New part, clean, no brand names, no logos, no packaging, no hands, no text, no watermark. Square 1:1.;Technical X-ray illustration, one image of a consistent series. Solid deep navy background #0E1726. A generic 50-150cc step-through city scooter (small wheels, floorboard, engine and CVT under the seat), strict side view, nose pointing right, centered, the whole scooter visible and filling about 80% of the width, no brand, no logos. The scooter is drawn as a semi-transparent X-ray / blueprint: thin light steel-blue outlines (#9FB4C8, about 40% opacity), inner parts faintly visible through the body. Only one part is solid and highlighted: M6 body bolts with washers (frame and body fasteners). Render it in brand green #6CAD2F with a soft green glow and a thin white edge, at its real position and real scale on the scooter. If the part is small (a bulb, a seal, a bolt, a sensor), keep it at its real place and add a soft glowing green ring around it so it is easy to spot. Everything else stays dim. No text, no labels, no arrows, no numbers, no watermark. Square 1:1.
clip-nuts;Кузов;Рама и крепёж кузова;Гайки-скобы закладные, 10 шт;sheet metal clip nuts;frame and body fasteners;petrol;все модели;250;250;clip-nuts.webp;clip-nuts-where.webp;Studio product photo, one image of a consistent e-commerce series. A single scooter spare part: sheet metal clip nuts. Isolated on a pure white seamless background #FFFFFF, centered, three-quarter view from the front-left and slightly above, the part fills about 70% of the frame, soft even studio light, subtle contact shadow under the part, realistic materials (black ABS plastic, painted plastic, aluminium, steel, rubber — whatever the real part is made of). New part, clean, no brand names, no logos, no packaging, no hands, no text, no watermark. Square 1:1.;Technical X-ray illustration, one image of a consistent series. Solid deep navy background #0E1726. A generic 50-150cc step-through city scooter (small wheels, floorboard, engine and CVT under the seat), strict side view, nose pointing right, centered, the whole scooter visible and filling about 80% of the width, no brand, no logos. The scooter is drawn as a semi-transparent X-ray / blueprint: thin light steel-blue outlines (#9FB4C8, about 40% opacity), inner parts faintly visible through the body. Only one part is solid and highlighted: sheet metal clip nuts (frame and body fasteners). Render it in brand green #6CAD2F with a soft green glow and a thin white edge, at its real position and real scale on the scooter. If the part is small (a bulb, a seal, a bolt, a sensor), keep it at its real place and add a soft glowing green ring around it so it is easy to spot. Everything else stays dim. No text, no labels, no arrows, no numbers, no watermark. Square 1:1.
rubber-grommets;Кузов;Рама и крепёж кузова;Резиновые втулки крепления пластика, 10 шт;rubber mounting grommets;frame and body fasteners;petrol;все модели;300;300;rubber-grommets.webp;rubber-grommets-where.webp;Studio product photo, one image of a consistent e-commerce series. A single scooter spare part: rubber mounting grommets. Isolated on a pure white seamless background #FFFFFF, centered, three-quarter view from the front-left and slightly above, the part fills about 70% of the frame, soft even studio light, subtle contact shadow under the part, realistic materials (black ABS plastic, painted plastic, aluminium, steel, rubber — whatever the real part is made of). New part, clean, no brand names, no logos, no packaging, no hands, no text, no watermark. Square 1:1.;Technical X-ray illustration, one image of a consistent series. Solid deep navy background #0E1726. A generic 50-150cc step-through city scooter (small wheels, floorboard, engine and CVT under the seat), strict side view, nose pointing right, centered, the whole scooter visible and filling about 80% of the width, no brand, no logos. The scooter is drawn as a semi-transparent X-ray / blueprint: thin light steel-blue outlines (#9FB4C8, about 40% opacity), inner parts faintly visible through the body. Only one part is solid and highlighted: rubber mounting grommets (frame and body fasteners). Render it in brand green #6CAD2F with a soft green glow and a thin white edge, at its real position and real scale on the scooter. If the part is small (a bulb, a seal, a bolt, a sensor), keep it at its real place and add a soft glowing green ring around it so it is easy to spot. Everything else stays dim. No text, no labels, no arrows, no numbers, no watermark. Square 1:1.
decals;Кузов;Рама и крепёж кузова;Наклейки (комплект);decal sticker set;frame and body fasteners;petrol;"Yamaha Gear 4T; Yamaha Jog 4T; Yamaha Jog AY01; Honda Dio AF62/68; Tank T150";600;1050;decals.webp;decals-where.webp;Studio product photo, one image of a consistent e-commerce series. A single scooter spare part: decal sticker set. Isolated on a pure white seamless background #FFFFFF, centered, three-quarter view from the front-left and slightly above, the part fills about 70% of the frame, soft even studio light, subtle contact shadow under the part, realistic materials (black ABS plastic, painted plastic, aluminium, steel, rubber — whatever the real part is made of). New part, clean, no brand names, no logos, no packaging, no hands, no text, no watermark. Square 1:1.;Technical X-ray illustration, one image of a consistent series. Solid deep navy background #0E1726. A generic 50-150cc step-through city scooter (small wheels, floorboard, engine and CVT under the seat), strict side view, nose pointing right, centered, the whole scooter visible and filling about 80% of the width, no brand, no logos. The scooter is drawn as a semi-transparent X-ray / blueprint: thin light steel-blue outlines (#9FB4C8, about 40% opacity), inner parts faintly visible through the body. Only one part is solid and highlighted: decal sticker set (frame and body fasteners). Render it in brand green #6CAD2F with a soft green glow and a thin white edge, at its real position and real scale on the scooter. If the part is small (a bulb, a seal, a bolt, a sensor), keep it at its real place and add a soft glowing green ring around it so it is easy to spot. Everything else stays dim. No text, no labels, no arrows, no numbers, no watermark. Square 1:1.
body-kit;Кузов;Рама и крепёж кузова;Комплект пластика целиком (все окрашенные детали);complete set of painted body panels;frame and body fasteners;petrol;"Yamaha Gear 4T; Yamaha Jog 4T; Yamaha Jog AY01; Honda Dio AF62/68; Tank T150";14550;27750;body-kit.webp;body-kit-where.webp;Studio product photo, one image of a consistent e-commerce series. A single scooter spare part: complete set of painted body panels. Isolated on a pure white seamless background #FFFFFF, centered, three-quarter view from the front-left and slightly above, the part fills about 70% of the frame, soft even studio light, subtle contact shadow under the part, realistic materials (black ABS plastic, painted plastic, aluminium, steel, rubber — whatever the real part is made of). New part, clean, no brand names, no logos, no packaging, no hands, no text, no watermark. Square 1:1.;Technical X-ray illustration, one image of a consistent series. Solid deep navy background #0E1726. A generic 50-150cc step-through city scooter (small wheels, floorboard, engine and CVT under the seat), strict side view, nose pointing right, centered, the whole scooter visible and filling about 80% of the width, no brand, no logos. The scooter is drawn as a semi-transparent X-ray / blueprint: thin light steel-blue outlines (#9FB4C8, about 40% opacity), inner parts faintly visible through the body. Only one part is solid and highlighted: complete set of painted body panels (frame and body fasteners). Render it in brand green #6CAD2F with a soft green glow and a thin white edge, at its real position and real scale on the scooter. If the part is small (a bulb, a seal, a bolt, a sensor), keep it at its real place and add a soft glowing green ring around it so it is easy to spot. Everything else stays dim. No text, no labels, no arrows, no numbers, no watermark. Square 1:1.
touch-up-paint;Кузов;Рама и крепёж кузова;Краска в цвет (баллон);touch-up spray paint can;frame and body fasteners;petrol;все модели;850;850;touch-up-paint.webp;touch-up-paint-where.webp;Studio product photo, one image of a consistent e-commerce series. A single scooter spare part: touch-up spray paint can. Isolated on a pure white seamless background #FFFFFF, centered, three-quarter view from the front-left and slightly above, the part fills about 70% of the frame, soft even studio light, subtle contact shadow under the part, realistic materials (black ABS plastic, painted plastic, aluminium, steel, rubber — whatever the real part is made of). New part, clean, no brand names, no logos, no packaging, no hands, no text, no watermark. Square 1:1.;Technical X-ray illustration, one image of a consistent series. Solid deep navy background #0E1726. A generic 50-150cc step-through city scooter (small wheels, floorboard, engine and CVT under the seat), strict side view, nose pointing right, centered, the whole scooter visible and filling about 80% of the width, no brand, no logos. The scooter is drawn as a semi-transparent X-ray / blueprint: thin light steel-blue outlines (#9FB4C8, about 40% opacity), inner parts faintly visible through the body. Only one part is solid and highlighted: touch-up spray paint can (frame and body fasteners). Render it in brand green #6CAD2F with a soft green glow and a thin white edge, at its real position and real scale on the scooter. If the part is small (a bulb, a seal, a bolt, a sensor), keep it at its real place and add a soft glowing green ring around it so it is easy to spot. Everything else stays dim. No text, no labels, no arrows, no numbers, no watermark. Square 1:1.
handlebar;Управление;Руль и рычаги;Руль (труба);handlebar tube;handlebar;petrol;"Yamaha Gear 4T; Yamaha Jog 4T; Yamaha Jog AY01; Honda Dio AF62/68; Tank T150";2050;2600;handlebar.webp;handlebar-where.webp;Studio product photo, one image of a consistent e-commerce series. A single scooter spare part: handlebar tube. Isolated on a pure white seamless background #FFFFFF, centered, three-quarter view from the front-left and slightly above, the part fills about 70% of the frame, soft even studio light, subtle contact shadow under the part, realistic materials (black ABS plastic, painted plastic, aluminium, steel, rubber — whatever the real part is made of). New part, clean, no brand names, no logos, no packaging, no hands, no text, no watermark. Square 1:1.;Technical X-ray illustration, one image of a consistent series. Solid deep navy background #0E1726. A generic 50-150cc step-through city scooter (small wheels, floorboard, engine and CVT under the seat), strict side view, nose pointing right, centered, the whole scooter visible and filling about 80% of the width, no brand, no logos. The scooter is drawn as a semi-transparent X-ray / blueprint: thin light steel-blue outlines (#9FB4C8, about 40% opacity), inner parts faintly visible through the body. Only one part is solid and highlighted: handlebar tube (handlebar). Render it in brand green #6CAD2F with a soft green glow and a thin white edge, at its real position and real scale on the scooter. If the part is small (a bulb, a seal, a bolt, a sensor), keep it at its real place and add a soft glowing green ring around it so it is easy to spot. Everything else stays dim. No text, no labels, no arrows, no numbers, no watermark. Square 1:1.
grips;Управление;Руль и рычаги;Грипсы (пара);pair of handlebar grips;handlebar;petrol;все модели;550;550;grips.webp;grips-where.webp;Studio product photo, one image of a consistent e-commerce series. A single scooter spare part: pair of handlebar grips. Isolated on a pure white seamless background #FFFFFF, centered, three-quarter view from the front-left and slightly above, the part fills about 70% of the frame, soft even studio light, subtle contact shadow under the part, realistic materials (black ABS plastic, painted plastic, aluminium, steel, rubber — whatever the real part is made of). New part, clean, no brand names, no logos, no packaging, no hands, no text, no watermark. Square 1:1.;Technical X-ray illustration, one image of a consistent series. Solid deep navy background #0E1726. A generic 50-150cc step-through city scooter (small wheels, floorboard, engine and CVT under the seat), strict side view, nose pointing right, centered, the whole scooter visible and filling about 80% of the width, no brand, no logos. The scooter is drawn as a semi-transparent X-ray / blueprint: thin light steel-blue outlines (#9FB4C8, about 40% opacity), inner parts faintly visible through the body. Only one part is solid and highlighted: pair of handlebar grips (handlebar). Render it in brand green #6CAD2F with a soft green glow and a thin white edge, at its real position and real scale on the scooter. If the part is small (a bulb, a seal, a bolt, a sensor), keep it at its real place and add a soft glowing green ring around it so it is easy to spot. Everything else stays dim. No text, no labels, no arrows, no numbers, no watermark. Square 1:1.
throttle-tube;Управление;Руль и рычаги;Ручка газа (втулка с грипсой);throttle tube with grip;handlebar;petrol;все модели;700;700;throttle-tube.webp;throttle-tube-where.webp;Studio product photo, one image of a consistent e-commerce series. A single scooter spare part: throttle tube with grip. Isolated on a pure white seamless background #FFFFFF, centered, three-quarter view from the front-left and slightly above, the part fills about 70% of the frame, soft even studio light, subtle contact shadow under the part, realistic materials (black ABS plastic, painted plastic, aluminium, steel, rubber — whatever the real part is made of). New part, clean, no brand names, no logos, no packaging, no hands, no text, no watermark. Square 1:1.;Technical X-ray illustration, one image of a consistent series. Solid deep navy background #0E1726. A generic 50-150cc step-through city scooter (small wheels, floorboard, engine and CVT under the seat), strict side view, nose pointing right, centered, the whole scooter visible and filling about 80% of the width, no brand, no logos. The scooter is drawn as a semi-transparent X-ray / blueprint: thin light steel-blue outlines (#9FB4C8, about 40% opacity), inner parts faintly visible through the body. Only one part is solid and highlighted: throttle tube with grip (handlebar). Render it in brand green #6CAD2F with a soft green glow and a thin white edge, at its real position and real scale on the scooter. If the part is small (a bulb, a seal, a bolt, a sensor), keep it at its real place and add a soft glowing green ring around it so it is easy to spot. Everything else stays dim. No text, no labels, no arrows, no numbers, no watermark. Square 1:1.
bar-ends;Управление;Руль и рычаги;Грузики руля (пара);pair of handlebar end weights;handlebar;petrol;все модели;600;600;bar-ends.webp;bar-ends-where.webp;Studio product photo, one image of a consistent e-commerce series. A single scooter spare part: pair of handlebar end weights. Isolated on a pure white seamless background #FFFFFF, centered, three-quarter view from the front-left and slightly above, the part fills about 70% of the frame, soft even studio light, subtle contact shadow under the part, realistic materials (black ABS plastic, painted plastic, aluminium, steel, rubber — whatever the real part is made of). New part, clean, no brand names, no logos, no packaging, no hands, no text, no watermark. Square 1:1.;Technical X-ray illustration, one image of a consistent series. Solid deep navy background #0E1726. A generic 50-150cc step-through city scooter (small wheels, floorboard, engine and CVT under the seat), strict side view, nose pointing right, centered, the whole scooter visible and filling about 80% of the width, no brand, no logos. The scooter is drawn as a semi-transparent X-ray / blueprint: thin light steel-blue outlines (#9FB4C8, about 40% opacity), inner parts faintly visible through the body. Only one part is solid and highlighted: pair of handlebar end weights (handlebar). Render it in brand green #6CAD2F with a soft green glow and a thin white edge, at its real position and real scale on the scooter. If the part is small (a bulb, a seal, a bolt, a sensor), keep it at its real place and add a soft glowing green ring around it so it is easy to spot. Everything else stays dim. No text, no labels, no arrows, no numbers, no watermark. Square 1:1.
lever-left;Управление;Руль и рычаги;Рычаг тормоза левый;left brake lever;handlebar;petrol;все модели;600;600;lever-left.webp;lever-left-where.webp;Studio product photo, one image of a consistent e-commerce series. A single scooter spare part: left brake lever. Isolated on a pure white seamless background #FFFFFF, centered, three-quarter view from the front-left and slightly above, the part fills about 70% of the frame, soft even studio light, subtle contact shadow under the part, realistic materials (black ABS plastic, painted plastic, aluminium, steel, rubber — whatever the real part is made of). New part, clean, no brand names, no logos, no packaging, no hands, no text, no watermark. Square 1:1.;Technical X-ray illustration, one image of a consistent series. Solid deep navy background #0E1726. A generic 50-150cc step-through city scooter (small wheels, floorboard, engine and CVT under the seat), strict side view, nose pointing right, centered, the whole scooter visible and filling about 80% of the width, no brand, no logos. The scooter is drawn as a semi-transparent X-ray / blueprint: thin light steel-blue outlines (#9FB4C8, about 40% opacity), inner parts faintly visible through the body. Only one part is solid and highlighted: left brake lever (handlebar). Render it in brand green #6CAD2F with a soft green glow and a thin white edge, at its real position and real scale on the scooter. If the part is small (a bulb, a seal, a bolt, a sensor), keep it at its real place and add a soft glowing green ring around it so it is easy to spot. Everything else stays dim. No text, no labels, no arrows, no numbers, no watermark. Square 1:1.
lever-right;Управление;Руль и рычаги;Рычаг тормоза правый;right brake lever;handlebar;petrol;все модели;600;600;lever-right.webp;lever-right-where.webp;Studio product photo, one image of a consistent e-commerce series. A single scooter spare part: right brake lever. Isolated on a pure white seamless background #FFFFFF, centered, three-quarter view from the front-left and slightly above, the part fills about 70% of the frame, soft even studio light, subtle contact shadow under the part, realistic materials (black ABS plastic, painted plastic, aluminium, steel, rubber — whatever the real part is made of). New part, clean, no brand names, no logos, no packaging, no hands, no text, no watermark. Square 1:1.;Technical X-ray illustration, one image of a consistent series. Solid deep navy background #0E1726. A generic 50-150cc step-through city scooter (small wheels, floorboard, engine and CVT under the seat), strict side view, nose pointing right, centered, the whole scooter visible and filling about 80% of the width, no brand, no logos. The scooter is drawn as a semi-transparent X-ray / blueprint: thin light steel-blue outlines (#9FB4C8, about 40% opacity), inner parts faintly visible through the body. Only one part is solid and highlighted: right brake lever (handlebar). Render it in brand green #6CAD2F with a soft green glow and a thin white edge, at its real position and real scale on the scooter. If the part is small (a bulb, a seal, a bolt, a sensor), keep it at its real place and add a soft glowing green ring around it so it is easy to spot. Everything else stays dim. No text, no labels, no arrows, no numbers, no watermark. Square 1:1.
levers-disc;Управление;Руль и рычаги;Рычаги под дисковый тормоз (пара);pair of brake levers for a disc brake;handlebar;petrol;все модели;1250;1250;levers-disc.webp;levers-disc-where.webp;Studio product photo, one image of a consistent e-commerce series. A single scooter spare part: pair of brake levers for a disc brake. Isolated on a pure white seamless background #FFFFFF, centered, three-quarter view from the front-left and slightly above, the part fills about 70% of the frame, soft even studio light, subtle contact shadow under the part, realistic materials (black ABS plastic, painted plastic, aluminium, steel, rubber — whatever the real part is made of). New part, clean, no brand names, no logos, no packaging, no hands, no text, no watermark. Square 1:1.;Technical X-ray illustration, one image of a consistent series. Solid deep navy background #0E1726. A generic 50-150cc step-through city scooter (small wheels, floorboard, engine and CVT under the seat), strict side view, nose pointing right, centered, the whole scooter visible and filling about 80% of the width, no brand, no logos. The scooter is drawn as a semi-transparent X-ray / blueprint: thin light steel-blue outlines (#9FB4C8, about 40% opacity), inner parts faintly visible through the body. Only one part is solid and highlighted: pair of brake levers for a disc brake (handlebar). Render it in brand green #6CAD2F with a soft green glow and a thin white edge, at its real position and real scale on the scooter. If the part is small (a bulb, a seal, a bolt, a sensor), keep it at its real place and add a soft glowing green ring around it so it is easy to spot. Everything else stays dim. No text, no labels, no arrows, no numbers, no watermark. Square 1:1.
lever-bracket;Управление;Руль и рычаги;Кронштейн рычага тормоза;brake lever bracket;handlebar;petrol;все модели;700;700;lever-bracket.webp;lever-bracket-where.webp;Studio product photo, one image of a consistent e-commerce series. A single scooter spare part: brake lever bracket. Isolated on a pure white seamless background #FFFFFF, centered, three-quarter view from the front-left and slightly above, the part fills about 70% of the frame, soft even studio light, subtle contact shadow under the part, realistic materials (black ABS plastic, painted plastic, aluminium, steel, rubber — whatever the real part is made of). New part, clean, no brand names, no logos, no packaging, no hands, no text, no watermark. Square 1:1.;Technical X-ray illustration, one image of a consistent series. Solid deep navy background #0E1726. A generic 50-150cc step-through city scooter (small wheels, floorboard, engine and CVT under the seat), strict side view, nose pointing right, centered, the whole scooter visible and filling about 80% of the width, no brand, no logos. The scooter is drawn as a semi-transparent X-ray / blueprint: thin light steel-blue outlines (#9FB4C8, about 40% opacity), inner parts faintly visible through the body. Only one part is solid and highlighted: brake lever bracket (handlebar). Render it in brand green #6CAD2F with a soft green glow and a thin white edge, at its real position and real scale on the scooter. If the part is small (a bulb, a seal, a bolt, a sensor), keep it at its real place and add a soft glowing green ring around it so it is easy to spot. Everything else stays dim. No text, no labels, no arrows, no numbers, no watermark. Square 1:1.
lever-pivot;Управление;Руль и рычаги;Ось (болт) рычага тормоза;brake lever pivot bolt;handlebar;petrol;все модели;150;150;lever-pivot.webp;lever-pivot-where.webp;Studio product photo, one image of a consistent e-commerce series. A single scooter spare part: brake lever pivot bolt. Isolated on a pure white seamless background #FFFFFF, centered, three-quarter view from the front-left and slightly above, the part fills about 70% of the frame, soft even studio light, subtle contact shadow under the part, realistic materials (black ABS plastic, painted plastic, aluminium, steel, rubber — whatever the real part is made of). New part, clean, no brand names, no logos, no packaging, no hands, no text, no watermark. Square 1:1.;Technical X-ray illustration, one image of a consistent series. Solid deep navy background #0E1726. A generic 50-150cc step-through city scooter (small wheels, floorboard, engine and CVT under the seat), strict side view, nose pointing right, centered, the whole scooter visible and filling about 80% of the width, no brand, no logos. The scooter is drawn as a semi-transparent X-ray / blueprint: thin light steel-blue outlines (#9FB4C8, about 40% opacity), inner parts faintly visible through the body. Only one part is solid and highlighted: brake lever pivot bolt (handlebar). Render it in brand green #6CAD2F with a soft green glow and a thin white edge, at its real position and real scale on the scooter. If the part is small (a bulb, a seal, a bolt, a sensor), keep it at its real place and add a soft glowing green ring around it so it is easy to spot. Everything else stays dim. No text, no labels, no arrows, no numbers, no watermark. Square 1:1.
handlebar-bolt;Управление;Руль и рычаги;Болт крепления руля с гайкой;handlebar clamp bolt with nut;handlebar;petrol;все модели;300;300;handlebar-bolt.webp;handlebar-bolt-where.webp;Studio product photo, one image of a consistent e-commerce series. A single scooter spare part: handlebar clamp bolt with nut. Isolated on a pure white seamless background #FFFFFF, centered, three-quarter view from the front-left and slightly above, the part fills about 70% of the frame, soft even studio light, subtle contact shadow under the part, realistic materials (black ABS plastic, painted plastic, aluminium, steel, rubber — whatever the real part is made of). New part, clean, no brand names, no logos, no packaging, no hands, no text, no watermark. Square 1:1.;Technical X-ray illustration, one image of a consistent series. Solid deep navy background #0E1726. A generic 50-150cc step-through city scooter (small wheels, floorboard, engine and CVT under the seat), strict side view, nose pointing right, centered, the whole scooter visible and filling about 80% of the width, no brand, no logos. The scooter is drawn as a semi-transparent X-ray / blueprint: thin light steel-blue outlines (#9FB4C8, about 40% opacity), inner parts faintly visible through the body. Only one part is solid and highlighted: handlebar clamp bolt with nut (handlebar). Render it in brand green #6CAD2F with a soft green glow and a thin white edge, at its real position and real scale on the scooter. If the part is small (a bulb, a seal, a bolt, a sensor), keep it at its real place and add a soft glowing green ring around it so it is easy to spot. Everything else stays dim. No text, no labels, no arrows, no numbers, no watermark. Square 1:1.
mirrors;Управление;Руль и рычаги;Зеркала (пара);pair of rear-view mirrors;handlebar;petrol;"все модели; Yamaha Gear, Jog, Vino — оригинальной формы; Honda Dio, Jog AY01 — оригинальной формы";950;1650;mirrors.webp;mirrors-where.webp;Studio product photo, one image of a consistent e-commerce series. A single scooter spare part: pair of rear-view mirrors. Isolated on a pure white seamless background #FFFFFF, centered, three-quarter view from the front-left and slightly above, the part fills about 70% of the frame, soft even studio light, subtle contact shadow under the part, realistic materials (black ABS plastic, painted plastic, aluminium, steel, rubber — whatever the real part is made of). New part, clean, no brand names, no logos, no packaging, no hands, no text, no watermark. Square 1:1.;Technical X-ray illustration, one image of a consistent series. Solid deep navy background #0E1726. A generic 50-150cc step-through city scooter (small wheels, floorboard, engine and CVT under the seat), strict side view, nose pointing right, centered, the whole scooter visible and filling about 80% of the width, no brand, no logos. The scooter is drawn as a semi-transparent X-ray / blueprint: thin light steel-blue outlines (#9FB4C8, about 40% opacity), inner parts faintly visible through the body. Only one part is solid and highlighted: pair of rear-view mirrors (handlebar). Render it in brand green #6CAD2F with a soft green glow and a thin white edge, at its real position and real scale on the scooter. If the part is small (a bulb, a seal, a bolt, a sensor), keep it at its real place and add a soft glowing green ring around it so it is easy to spot. Everything else stays dim. No text, no labels, no arrows, no numbers, no watermark. Square 1:1.
mirror-adapter;Управление;Руль и рычаги;Переходник зеркала М8/М10;mirror thread adapter;handlebar;petrol;все модели;250;250;mirror-adapter.webp;mirror-adapter-where.webp;Studio product photo, one image of a consistent e-commerce series. A single scooter spare part: mirror thread adapter. Isolated on a pure white seamless background #FFFFFF, centered, three-quarter view from the front-left and slightly above, the part fills about 70% of the frame, soft even studio light, subtle contact shadow under the part, realistic materials (black ABS plastic, painted plastic, aluminium, steel, rubber — whatever the real part is made of). New part, clean, no brand names, no logos, no packaging, no hands, no text, no watermark. Square 1:1.;Technical X-ray illustration, one image of a consistent series. Solid deep navy background #0E1726. A generic 50-150cc step-through city scooter (small wheels, floorboard, engine and CVT under the seat), strict side view, nose pointing right, centered, the whole scooter visible and filling about 80% of the width, no brand, no logos. The scooter is drawn as a semi-transparent X-ray / blueprint: thin light steel-blue outlines (#9FB4C8, about 40% opacity), inner parts faintly visible through the body. Only one part is solid and highlighted: mirror thread adapter (handlebar). Render it in brand green #6CAD2F with a soft green glow and a thin white edge, at its real position and real scale on the scooter. If the part is small (a bulb, a seal, a bolt, a sensor), keep it at its real place and add a soft glowing green ring around it so it is easy to spot. Everything else stays dim. No text, no labels, no arrows, no numbers, no watermark. Square 1:1.
speedometer;Управление;Приборы и переключатели;Спидометр (приборная панель);speedometer instrument cluster;dashboard and handlebar switches;petrol;"Yamaha Gear 4T; Yamaha Jog 4T; Yamaha Jog AY01; Honda Dio AF62/68; Tank T150";2450;4550;speedometer.webp;speedometer-where.webp;Studio product photo, one image of a consistent e-commerce series. A single scooter spare part: speedometer instrument cluster. Isolated on a pure white seamless background #FFFFFF, centered, three-quarter view from the front-left and slightly above, the part fills about 70% of the frame, soft even studio light, subtle contact shadow under the part, realistic materials (black ABS plastic, painted plastic, aluminium, steel, rubber — whatever the real part is made of). New part, clean, no brand names, no logos, no packaging, no hands, no text, no watermark. Square 1:1.;Technical X-ray illustration, one image of a consistent series. Solid deep navy background #0E1726. A generic 50-150cc step-through city scooter (small wheels, floorboard, engine and CVT under the seat), strict side view, nose pointing right, centered, the whole scooter visible and filling about 80% of the width, no brand, no logos. The scooter is drawn as a semi-transparent X-ray / blueprint: thin light steel-blue outlines (#9FB4C8, about 40% opacity), inner parts faintly visible through the body. Only one part is solid and highlighted: speedometer instrument cluster (dashboard and handlebar switches). Render it in brand green #6CAD2F with a soft green glow and a thin white edge, at its real position and real scale on the scooter. If the part is small (a bulb, a seal, a bolt, a sensor), keep it at its real place and add a soft glowing green ring around it so it is easy to spot. Everything else stays dim. No text, no labels, no arrows, no numbers, no watermark. Square 1:1.
meter-lens;Управление;Приборы и переключатели;Стекло приборной панели;speedometer lens;dashboard and handlebar switches;petrol;"Yamaha Gear 4T; Yamaha Jog 4T; Yamaha Jog AY01; Honda Dio AF62/68; Tank T150";600;900;meter-lens.webp;meter-lens-where.webp;Studio product photo, one image of a consistent e-commerce series. A single scooter spare part: speedometer lens. Isolated on a pure white seamless background #FFFFFF, centered, three-quarter view from the front-left and slightly above, the part fills about 70% of the frame, soft even studio light, subtle contact shadow under the part, realistic materials (black ABS plastic, painted plastic, aluminium, steel, rubber — whatever the real part is made of). New part, clean, no brand names, no logos, no packaging, no hands, no text, no watermark. Square 1:1.;Technical X-ray illustration, one image of a consistent series. Solid deep navy background #0E1726. A generic 50-150cc step-through city scooter (small wheels, floorboard, engine and CVT under the seat), strict side view, nose pointing right, centered, the whole scooter visible and filling about 80% of the width, no brand, no logos. The scooter is drawn as a semi-transparent X-ray / blueprint: thin light steel-blue outlines (#9FB4C8, about 40% opacity), inner parts faintly visible through the body. Only one part is solid and highlighted: speedometer lens (dashboard and handlebar switches). Render it in brand green #6CAD2F with a soft green glow and a thin white edge, at its real position and real scale on the scooter. If the part is small (a bulb, a seal, a bolt, a sensor), keep it at its real place and add a soft glowing green ring around it so it is easy to spot. Everything else stays dim. No text, no labels, no arrows, no numbers, no watermark. Square 1:1.
meter-bulb;Управление;Приборы и переключатели;Лампа подсветки приборов 12V 1,7W;tiny dashboard bulb;dashboard and handlebar switches;petrol;все модели;100;100;meter-bulb.webp;meter-bulb-where.webp;Studio product photo, one image of a consistent e-commerce series. A single scooter spare part: tiny dashboard bulb. Isolated on a pure white seamless background #FFFFFF, centered, three-quarter view from the front-left and slightly above, the part fills about 70% of the frame, soft even studio light, subtle contact shadow under the part, realistic materials (black ABS plastic, painted plastic, aluminium, steel, rubber — whatever the real part is made of). New part, clean, no brand names, no logos, no packaging, no hands, no text, no watermark. Square 1:1.;Technical X-ray illustration, one image of a consistent series. Solid deep navy background #0E1726. A generic 50-150cc step-through city scooter (small wheels, floorboard, engine and CVT under the seat), strict side view, nose pointing right, centered, the whole scooter visible and filling about 80% of the width, no brand, no logos. The scooter is drawn as a semi-transparent X-ray / blueprint: thin light steel-blue outlines (#9FB4C8, about 40% opacity), inner parts faintly visible through the body. Only one part is solid and highlighted: tiny dashboard bulb (dashboard and handlebar switches). Render it in brand green #6CAD2F with a soft green glow and a thin white edge, at its real position and real scale on the scooter. If the part is small (a bulb, a seal, a bolt, a sensor), keep it at its real place and add a soft glowing green ring around it so it is easy to spot. Everything else stays dim. No text, no labels, no arrows, no numbers, no watermark. Square 1:1.
switch-left;Управление;Приборы и переключатели;Блок кнопок на руле левый;left handlebar switch block;dashboard and handlebar switches;petrol;"Yamaha Gear 4T; Yamaha Jog 4T; Yamaha Jog AY01; Honda Dio AF62/68; Tank T150";950;1350;switch-left.webp;switch-left-where.webp;Studio product photo, one image of a consistent e-commerce series. A single scooter spare part: left handlebar switch block. Isolated on a pure white seamless background #FFFFFF, centered, three-quarter view from the front-left and slightly above, the part fills about 70% of the frame, soft even studio light, subtle contact shadow under the part, realistic materials (black ABS plastic, painted plastic, aluminium, steel, rubber — whatever the real part is made of). New part, clean, no brand names, no logos, no packaging, no hands, no text, no watermark. Square 1:1.;Technical X-ray illustration, one image of a consistent series. Solid deep navy background #0E1726. A generic 50-150cc step-through city scooter (small wheels, floorboard, engine and CVT under the seat), strict side view, nose pointing right, centered, the whole scooter visible and filling about 80% of the width, no brand, no logos. The scooter is drawn as a semi-transparent X-ray / blueprint: thin light steel-blue outlines (#9FB4C8, about 40% opacity), inner parts faintly visible through the body. Only one part is solid and highlighted: left handlebar switch block (dashboard and handlebar switches). Render it in brand green #6CAD2F with a soft green glow and a thin white edge, at its real position and real scale on the scooter. If the part is small (a bulb, a seal, a bolt, a sensor), keep it at its real place and add a soft glowing green ring around it so it is easy to spot. Everything else stays dim. No text, no labels, no arrows, no numbers, no watermark. Square 1:1.
switch-right;Управление;Приборы и переключатели;Блок кнопок на руле правый;right handlebar switch block;dashboard and handlebar switches;petrol;"Yamaha Gear 4T; Yamaha Jog 4T; Yamaha Jog AY01; Honda Dio AF62/68; Tank T150";950;1350;switch-right.webp;switch-right-where.webp;Studio product photo, one image of a consistent e-commerce series. A single scooter spare part: right handlebar switch block. Isolated on a pure white seamless background #FFFFFF, centered, three-quarter view from the front-left and slightly above, the part fills about 70% of the frame, soft even studio light, subtle contact shadow under the part, realistic materials (black ABS plastic, painted plastic, aluminium, steel, rubber — whatever the real part is made of). New part, clean, no brand names, no logos, no packaging, no hands, no text, no watermark. Square 1:1.;Technical X-ray illustration, one image of a consistent series. Solid deep navy background #0E1726. A generic 50-150cc step-through city scooter (small wheels, floorboard, engine and CVT under the seat), strict side view, nose pointing right, centered, the whole scooter visible and filling about 80% of the width, no brand, no logos. The scooter is drawn as a semi-transparent X-ray / blueprint: thin light steel-blue outlines (#9FB4C8, about 40% opacity), inner parts faintly visible through the body. Only one part is solid and highlighted: right handlebar switch block (dashboard and handlebar switches). Render it in brand green #6CAD2F with a soft green glow and a thin white edge, at its real position and real scale on the scooter. If the part is small (a bulb, a seal, a bolt, a sensor), keep it at its real place and add a soft glowing green ring around it so it is easy to spot. Everything else stays dim. No text, no labels, no arrows, no numbers, no watermark. Square 1:1.
starter-button;Управление;Приборы и переключатели;Кнопка стартера;starter push button;dashboard and handlebar switches;petrol;все модели;400;400;starter-button.webp;starter-button-where.webp;Studio product photo, one image of a consistent e-commerce series. A single scooter spare part: starter push button. Isolated on a pure white seamless background #FFFFFF, centered, three-quarter view from the front-left and slightly above, the part fills about 70% of the frame, soft even studio light, subtle contact shadow under the part, realistic materials (black ABS plastic, painted plastic, aluminium, steel, rubber — whatever the real part is made of). New part, clean, no brand names, no logos, no packaging, no hands, no text, no watermark. Square 1:1.;Technical X-ray illustration, one image of a consistent series. Solid deep navy background #0E1726. A generic 50-150cc step-through city scooter (small wheels, floorboard, engine and CVT under the seat), strict side view, nose pointing right, centered, the whole scooter visible and filling about 80% of the width, no brand, no logos. The scooter is drawn as a semi-transparent X-ray / blueprint: thin light steel-blue outlines (#9FB4C8, about 40% opacity), inner parts faintly visible through the body. Only one part is solid and highlighted: starter push button (dashboard and handlebar switches). Render it in brand green #6CAD2F with a soft green glow and a thin white edge, at its real position and real scale on the scooter. If the part is small (a bulb, a seal, a bolt, a sensor), keep it at its real place and add a soft glowing green ring around it so it is easy to spot. Everything else stays dim. No text, no labels, no arrows, no numbers, no watermark. Square 1:1.
ignition-switch;Управление;Приборы и переключатели;Замок зажигания (комплект с ключами);ignition switch set with keys;dashboard and handlebar switches;petrol;"Yamaha Gear 4T; Yamaha Jog 4T; Yamaha Jog AY01; Honda Dio AF62/68; Tank T150";1650;3000;ignition-switch.webp;ignition-switch-where.webp;Studio product photo, one image of a consistent e-commerce series. A single scooter spare part: ignition switch set with keys. Isolated on a pure white seamless background #FFFFFF, centered, three-quarter view from the front-left and slightly above, the part fills about 70% of the frame, soft even studio light, subtle contact shadow under the part, realistic materials (black ABS plastic, painted plastic, aluminium, steel, rubber — whatever the real part is made of). New part, clean, no brand names, no logos, no packaging, no hands, no text, no watermark. Square 1:1.;Technical X-ray illustration, one image of a consistent series. Solid deep navy background #0E1726. A generic 50-150cc step-through city scooter (small wheels, floorboard, engine and CVT under the seat), strict side view, nose pointing right, centered, the whole scooter visible and filling about 80% of the width, no brand, no logos. The scooter is drawn as a semi-transparent X-ray / blueprint: thin light steel-blue outlines (#9FB4C8, about 40% opacity), inner parts faintly visible through the body. Only one part is solid and highlighted: ignition switch set with keys (dashboard and handlebar switches). Render it in brand green #6CAD2F with a soft green glow and a thin white edge, at its real position and real scale on the scooter. If the part is small (a bulb, a seal, a bolt, a sensor), keep it at its real place and add a soft glowing green ring around it so it is easy to spot. Everything else stays dim. No text, no labels, no arrows, no numbers, no watermark. Square 1:1.
key-blank;Управление;Приборы и переключатели;Ключ-заготовка;key blank;dashboard and handlebar switches;petrol;все модели;300;300;key-blank.webp;key-blank-where.webp;Studio product photo, one image of a consistent e-commerce series. A single scooter spare part: key blank. Isolated on a pure white seamless background #FFFFFF, centered, three-quarter view from the front-left and slightly above, the part fills about 70% of the frame, soft even studio light, subtle contact shadow under the part, realistic materials (black ABS plastic, painted plastic, aluminium, steel, rubber — whatever the real part is made of). New part, clean, no brand names, no logos, no packaging, no hands, no text, no watermark. Square 1:1.;Technical X-ray illustration, one image of a consistent series. Solid deep navy background #0E1726. A generic 50-150cc step-through city scooter (small wheels, floorboard, engine and CVT under the seat), strict side view, nose pointing right, centered, the whole scooter visible and filling about 80% of the width, no brand, no logos. The scooter is drawn as a semi-transparent X-ray / blueprint: thin light steel-blue outlines (#9FB4C8, about 40% opacity), inner parts faintly visible through the body. Only one part is solid and highlighted: key blank (dashboard and handlebar switches). Render it in brand green #6CAD2F with a soft green glow and a thin white edge, at its real position and real scale on the scooter. If the part is small (a bulb, a seal, a bolt, a sensor), keep it at its real place and add a soft glowing green ring around it so it is easy to spot. Everything else stays dim. No text, no labels, no arrows, no numbers, no watermark. Square 1:1.
key-shutter;Управление;Приборы и переключатели;Шторка замка зажигания (магнитная);magnetic ignition key shutter;dashboard and handlebar switches;petrol;"Yamaha Jog AY01; Honda Dio AF62/68";1900;2050;key-shutter.webp;key-shutter-where.webp;Studio product photo, one image of a consistent e-commerce series. A single scooter spare part: magnetic ignition key shutter. Isolated on a pure white seamless background #FFFFFF, centered, three-quarter view from the front-left and slightly above, the part fills about 70% of the frame, soft even studio light, subtle contact shadow under the part, realistic materials (black ABS plastic, painted plastic, aluminium, steel, rubber — whatever the real part is made of). New part, clean, no brand names, no logos, no packaging, no hands, no text, no watermark. Square 1:1.;Technical X-ray illustration, one image of a consistent series. Solid deep navy background #0E1726. A generic 50-150cc step-through city scooter (small wheels, floorboard, engine and CVT under the seat), strict side view, nose pointing right, centered, the whole scooter visible and filling about 80% of the width, no brand, no logos. The scooter is drawn as a semi-transparent X-ray / blueprint: thin light steel-blue outlines (#9FB4C8, about 40% opacity), inner parts faintly visible through the body. Only one part is solid and highlighted: magnetic ignition key shutter (dashboard and handlebar switches). Render it in brand green #6CAD2F with a soft green glow and a thin white edge, at its real position and real scale on the scooter. If the part is small (a bulb, a seal, a bolt, a sensor), keep it at its real place and add a soft glowing green ring around it so it is easy to spot. Everything else stays dim. No text, no labels, no arrows, no numbers, no watermark. Square 1:1.
throttle-cable;Управление;Тросы и привод спидометра;Трос газа;throttle cable;control cables along the frame;petrol;"Yamaha Gear 4T; Yamaha Jog 4T; Yamaha Jog AY01; Honda Dio AF62/68; Tank T150";450;700;throttle-cable.webp;throttle-cable-where.webp;Studio product photo, one image of a consistent e-commerce series. A single scooter spare part: throttle cable. Isolated on a pure white seamless background #FFFFFF, centered, three-quarter view from the front-left and slightly above, the part fills about 70% of the frame, soft even studio light, subtle contact shadow under the part, realistic materials (black ABS plastic, painted plastic, aluminium, steel, rubber — whatever the real part is made of). New part, clean, no brand names, no logos, no packaging, no hands, no text, no watermark. Square 1:1.;Technical X-ray illustration, one image of a consistent series. Solid deep navy background #0E1726. A generic 50-150cc step-through city scooter (small wheels, floorboard, engine and CVT under the seat), strict side view, nose pointing right, centered, the whole scooter visible and filling about 80% of the width, no brand, no logos. The scooter is drawn as a semi-transparent X-ray / blueprint: thin light steel-blue outlines (#9FB4C8, about 40% opacity), inner parts faintly visible through the body. Only one part is solid and highlighted: throttle cable (control cables along the frame). Render it in brand green #6CAD2F with a soft green glow and a thin white edge, at its real position and real scale on the scooter. If the part is small (a bulb, a seal, a bolt, a sensor), keep it at its real place and add a soft glowing green ring around it so it is easy to spot. Everything else stays dim. No text, no labels, no arrows, no numbers, no watermark. Square 1:1.
front-brake-cable;Управление;Тросы и привод спидометра;Трос переднего тормоза;front brake cable;control cables along the frame;petrol;"Yamaha Gear 4T; Yamaha Jog 4T; Yamaha Jog AY01; Honda Dio AF62/68; Tank T150";400;550;front-brake-cable.webp;front-brake-cable-where.webp;Studio product photo, one image of a consistent e-commerce series. A single scooter spare part: front brake cable. Isolated on a pure white seamless background #FFFFFF, centered, three-quarter view from the front-left and slightly above, the part fills about 70% of the frame, soft even studio light, subtle contact shadow under the part, realistic materials (black ABS plastic, painted plastic, aluminium, steel, rubber — whatever the real part is made of). New part, clean, no brand names, no logos, no packaging, no hands, no text, no watermark. Square 1:1.;Technical X-ray illustration, one image of a consistent series. Solid deep navy background #0E1726. A generic 50-150cc step-through city scooter (small wheels, floorboard, engine and CVT under the seat), strict side view, nose pointing right, centered, the whole scooter visible and filling about 80% of the width, no brand, no logos. The scooter is drawn as a semi-transparent X-ray / blueprint: thin light steel-blue outlines (#9FB4C8, about 40% opacity), inner parts faintly visible through the body. Only one part is solid and highlighted: front brake cable (control cables along the frame). Render it in brand green #6CAD2F with a soft green glow and a thin white edge, at its real position and real scale on the scooter. If the part is small (a bulb, a seal, a bolt, a sensor), keep it at its real place and add a soft glowing green ring around it so it is easy to spot. Everything else stays dim. No text, no labels, no arrows, no numbers, no watermark. Square 1:1.
rear-brake-cable;Управление;Тросы и привод спидометра;Трос заднего тормоза;rear brake cable;control cables along the frame;petrol;"Yamaha Gear 4T; Yamaha Jog 4T; Yamaha Jog AY01; Honda Dio AF62/68; Tank T150";500;600;rear-brake-cable.webp;rear-brake-cable-where.webp;Studio product photo, one image of a consistent e-commerce series. A single scooter spare part: rear brake cable. Isolated on a pure white seamless background #FFFFFF, centered, three-quarter view from the front-left and slightly above, the part fills about 70% of the frame, soft even studio light, subtle contact shadow under the part, realistic materials (black ABS plastic, painted plastic, aluminium, steel, rubber — whatever the real part is made of). New part, clean, no brand names, no logos, no packaging, no hands, no text, no watermark. Square 1:1.;Technical X-ray illustration, one image of a consistent series. Solid deep navy background #0E1726. A generic 50-150cc step-through city scooter (small wheels, floorboard, engine and CVT under the seat), strict side view, nose pointing right, centered, the whole scooter visible and filling about 80% of the width, no brand, no logos. The scooter is drawn as a semi-transparent X-ray / blueprint: thin light steel-blue outlines (#9FB4C8, about 40% opacity), inner parts faintly visible through the body. Only one part is solid and highlighted: rear brake cable (control cables along the frame). Render it in brand green #6CAD2F with a soft green glow and a thin white edge, at its real position and real scale on the scooter. If the part is small (a bulb, a seal, a bolt, a sensor), keep it at its real place and add a soft glowing green ring around it so it is easy to spot. Everything else stays dim. No text, no labels, no arrows, no numbers, no watermark. Square 1:1.
speedo-cable;Управление;Тросы и привод спидометра;Трос спидометра;speedometer cable;control cables along the frame;petrol;"Yamaha Gear 4T; Yamaha Jog 4T; Yamaha Jog AY01; Honda Dio AF62/68; Tank T150";550;700;speedo-cable.webp;speedo-cable-where.webp;Studio product photo, one image of a consistent e-commerce series. A single scooter spare part: speedometer cable. Isolated on a pure white seamless background #FFFFFF, centered, three-quarter view from the front-left and slightly above, the part fills about 70% of the frame, soft even studio light, subtle contact shadow under the part, realistic materials (black ABS plastic, painted plastic, aluminium, steel, rubber — whatever the real part is made of). New part, clean, no brand names, no logos, no packaging, no hands, no text, no watermark. Square 1:1.;Technical X-ray illustration, one image of a consistent series. Solid deep navy background #0E1726. A generic 50-150cc step-through city scooter (small wheels, floorboard, engine and CVT under the seat), strict side view, nose pointing right, centered, the whole scooter visible and filling about 80% of the width, no brand, no logos. The scooter is drawn as a semi-transparent X-ray / blueprint: thin light steel-blue outlines (#9FB4C8, about 40% opacity), inner parts faintly visible through the body. Only one part is solid and highlighted: speedometer cable (control cables along the frame). Render it in brand green #6CAD2F with a soft green glow and a thin white edge, at its real position and real scale on the scooter. If the part is small (a bulb, a seal, a bolt, a sensor), keep it at its real place and add a soft glowing green ring around it so it is easy to spot. Everything else stays dim. No text, no labels, no arrows, no numbers, no watermark. Square 1:1.
speedo-drive;Управление;Тросы и привод спидометра;Привод спидометра (червяк);speedometer drive gear unit at the front hub;control cables along the frame;petrol;"Yamaha 4T (Jog, Vino, Gear); Honda 4T (Dio, Jog AY01); GY6 150 (Tank T150)";550;700;speedo-drive.webp;speedo-drive-where.webp;Studio product photo, one image of a consistent e-commerce series. A single scooter spare part: speedometer drive gear unit at the front hub. Isolated on a pure white seamless background #FFFFFF, centered, three-quarter view from the front-left and slightly above, the part fills about 70% of the frame, soft even studio light, subtle contact shadow under the part, realistic materials (black ABS plastic, painted plastic, aluminium, steel, rubber — whatever the real part is made of). New part, clean, no brand names, no logos, no packaging, no hands, no text, no watermark. Square 1:1.;Technical X-ray illustration, one image of a consistent series. Solid deep navy background #0E1726. A generic 50-150cc step-through city scooter (small wheels, floorboard, engine and CVT under the seat), strict side view, nose pointing right, centered, the whole scooter visible and filling about 80% of the width, no brand, no logos. The scooter is drawn as a semi-transparent X-ray / blueprint: thin light steel-blue outlines (#9FB4C8, about 40% opacity), inner parts faintly visible through the body. Only one part is solid and highlighted: speedometer drive gear unit at the front hub (control cables along the frame). Render it in brand green #6CAD2F with a soft green glow and a thin white edge, at its real position and real scale on the scooter. If the part is small (a bulb, a seal, a bolt, a sensor), keep it at its real place and add a soft glowing green ring around it so it is easy to spot. Everything else stays dim. No text, no labels, no arrows, no numbers, no watermark. Square 1:1.
choke-cable;Управление;Тросы и привод спидометра;Трос подсоса;choke cable;control cables along the frame;petrol;GY6 150 (Tank T150);450;450;choke-cable.webp;choke-cable-where.webp;Studio product photo, one image of a consistent e-commerce series. A single scooter spare part: choke cable. Isolated on a pure white seamless background #FFFFFF, centered, three-quarter view from the front-left and slightly above, the part fills about 70% of the frame, soft even studio light, subtle contact shadow under the part, realistic materials (black ABS plastic, painted plastic, aluminium, steel, rubber — whatever the real part is made of). New part, clean, no brand names, no logos, no packaging, no hands, no text, no watermark. Square 1:1.;Technical X-ray illustration, one image of a consistent series. Solid deep navy background #0E1726. A generic 50-150cc step-through city scooter (small wheels, floorboard, engine and CVT under the seat), strict side view, nose pointing right, centered, the whole scooter visible and filling about 80% of the width, no brand, no logos. The scooter is drawn as a semi-transparent X-ray / blueprint: thin light steel-blue outlines (#9FB4C8, about 40% opacity), inner parts faintly visible through the body. Only one part is solid and highlighted: choke cable (control cables along the frame). Render it in brand green #6CAD2F with a soft green glow and a thin white edge, at its real position and real scale on the scooter. If the part is small (a bulb, a seal, a bolt, a sensor), keep it at its real place and add a soft glowing green ring around it so it is easy to spot. Everything else stays dim. No text, no labels, no arrows, no numbers, no watermark. Square 1:1.
headlight;Освещение и сигналы;Фары и фонари;Фара в сборе;headlight assembly;headlight at the front and taillight at the rear;petrol;"Yamaha Gear 4T; Yamaha Jog 4T; Yamaha Jog AY01; Honda Dio AF62/68; Tank T150";2050;3550;headlight.webp;headlight-where.webp;Studio product photo, one image of a consistent e-commerce series. A single scooter spare part: headlight assembly. Isolated on a pure white seamless background #FFFFFF, centered, three-quarter view from the front-left and slightly above, the part fills about 70% of the frame, soft even studio light, subtle contact shadow under the part, realistic materials (black ABS plastic, painted plastic, aluminium, steel, rubber — whatever the real part is made of). New part, clean, no brand names, no logos, no packaging, no hands, no text, no watermark. Square 1:1.;Technical X-ray illustration, one image of a consistent series. Solid deep navy background #0E1726. A generic 50-150cc step-through city scooter (small wheels, floorboard, engine and CVT under the seat), strict side view, nose pointing right, centered, the whole scooter visible and filling about 80% of the width, no brand, no logos. The scooter is drawn as a semi-transparent X-ray / blueprint: thin light steel-blue outlines (#9FB4C8, about 40% opacity), inner parts faintly visible through the body. Only one part is solid and highlighted: headlight assembly (headlight at the front and taillight at the rear). Render it in brand green #6CAD2F with a soft green glow and a thin white edge, at its real position and real scale on the scooter. If the part is small (a bulb, a seal, a bolt, a sensor), keep it at its real place and add a soft glowing green ring around it so it is easy to spot. Everything else stays dim. No text, no labels, no arrows, no numbers, no watermark. Square 1:1.
headlight-lens;Освещение и сигналы;Фары и фонари;Стекло фары;headlight lens;headlight at the front and taillight at the rear;petrol;"Yamaha Gear 4T; Yamaha Jog 4T; Yamaha Jog AY01; Honda Dio AF62/68; Tank T150";850;1350;headlight-lens.webp;headlight-lens-where.webp;Studio product photo, one image of a consistent e-commerce series. A single scooter spare part: headlight lens. Isolated on a pure white seamless background #FFFFFF, centered, three-quarter view from the front-left and slightly above, the part fills about 70% of the frame, soft even studio light, subtle contact shadow under the part, realistic materials (black ABS plastic, painted plastic, aluminium, steel, rubber — whatever the real part is made of). New part, clean, no brand names, no logos, no packaging, no hands, no text, no watermark. Square 1:1.;Technical X-ray illustration, one image of a consistent series. Solid deep navy background #0E1726. A generic 50-150cc step-through city scooter (small wheels, floorboard, engine and CVT under the seat), strict side view, nose pointing right, centered, the whole scooter visible and filling about 80% of the width, no brand, no logos. The scooter is drawn as a semi-transparent X-ray / blueprint: thin light steel-blue outlines (#9FB4C8, about 40% opacity), inner parts faintly visible through the body. Only one part is solid and highlighted: headlight lens (headlight at the front and taillight at the rear). Render it in brand green #6CAD2F with a soft green glow and a thin white edge, at its real position and real scale on the scooter. If the part is small (a bulb, a seal, a bolt, a sensor), keep it at its real place and add a soft glowing green ring around it so it is easy to spot. Everything else stays dim. No text, no labels, no arrows, no numbers, no watermark. Square 1:1.
headlight-reflector;Освещение и сигналы;Фары и фонари;Отражатель фары;headlight reflector;headlight at the front and taillight at the rear;petrol;"Yamaha Gear 4T; Yamaha Jog 4T; Yamaha Jog AY01; Honda Dio AF62/68; Tank T150";950;1800;headlight-reflector.webp;headlight-reflector-where.webp;Studio product photo, one image of a consistent e-commerce series. A single scooter spare part: headlight reflector. Isolated on a pure white seamless background #FFFFFF, centered, three-quarter view from the front-left and slightly above, the part fills about 70% of the frame, soft even studio light, subtle contact shadow under the part, realistic materials (black ABS plastic, painted plastic, aluminium, steel, rubber — whatever the real part is made of). New part, clean, no brand names, no logos, no packaging, no hands, no text, no watermark. Square 1:1.;Technical X-ray illustration, one image of a consistent series. Solid deep navy background #0E1726. A generic 50-150cc step-through city scooter (small wheels, floorboard, engine and CVT under the seat), strict side view, nose pointing right, centered, the whole scooter visible and filling about 80% of the width, no brand, no logos. The scooter is drawn as a semi-transparent X-ray / blueprint: thin light steel-blue outlines (#9FB4C8, about 40% opacity), inner parts faintly visible through the body. Only one part is solid and highlighted: headlight reflector (headlight at the front and taillight at the rear). Render it in brand green #6CAD2F with a soft green glow and a thin white edge, at its real position and real scale on the scooter. If the part is small (a bulb, a seal, a bolt, a sensor), keep it at its real place and add a soft glowing green ring around it so it is easy to spot. Everything else stays dim. No text, no labels, no arrows, no numbers, no watermark. Square 1:1.
headlight-socket;Освещение и сигналы;Фары и фонари;Патрон лампы фары;headlight bulb socket with wires;headlight at the front and taillight at the rear;petrol;все модели;400;400;headlight-socket.webp;headlight-socket-where.webp;Studio product photo, one image of a consistent e-commerce series. A single scooter spare part: headlight bulb socket with wires. Isolated on a pure white seamless background #FFFFFF, centered, three-quarter view from the front-left and slightly above, the part fills about 70% of the frame, soft even studio light, subtle contact shadow under the part, realistic materials (black ABS plastic, painted plastic, aluminium, steel, rubber — whatever the real part is made of). New part, clean, no brand names, no logos, no packaging, no hands, no text, no watermark. Square 1:1.;Technical X-ray illustration, one image of a consistent series. Solid deep navy background #0E1726. A generic 50-150cc step-through city scooter (small wheels, floorboard, engine and CVT under the seat), strict side view, nose pointing right, centered, the whole scooter visible and filling about 80% of the width, no brand, no logos. The scooter is drawn as a semi-transparent X-ray / blueprint: thin light steel-blue outlines (#9FB4C8, about 40% opacity), inner parts faintly visible through the body. Only one part is solid and highlighted: headlight bulb socket with wires (headlight at the front and taillight at the rear). Render it in brand green #6CAD2F with a soft green glow and a thin white edge, at its real position and real scale on the scooter. If the part is small (a bulb, a seal, a bolt, a sensor), keep it at its real place and add a soft glowing green ring around it so it is easy to spot. Everything else stays dim. No text, no labels, no arrows, no numbers, no watermark. Square 1:1.
position-light;Освещение и сигналы;Фары и фонари;Габаритный огонь передний;front position light;headlight at the front and taillight at the rear;petrol;все модели;600;600;position-light.webp;position-light-where.webp;Studio product photo, one image of a consistent e-commerce series. A single scooter spare part: front position light. Isolated on a pure white seamless background #FFFFFF, centered, three-quarter view from the front-left and slightly above, the part fills about 70% of the frame, soft even studio light, subtle contact shadow under the part, realistic materials (black ABS plastic, painted plastic, aluminium, steel, rubber — whatever the real part is made of). New part, clean, no brand names, no logos, no packaging, no hands, no text, no watermark. Square 1:1.;Technical X-ray illustration, one image of a consistent series. Solid deep navy background #0E1726. A generic 50-150cc step-through city scooter (small wheels, floorboard, engine and CVT under the seat), strict side view, nose pointing right, centered, the whole scooter visible and filling about 80% of the width, no brand, no logos. The scooter is drawn as a semi-transparent X-ray / blueprint: thin light steel-blue outlines (#9FB4C8, about 40% opacity), inner parts faintly visible through the body. Only one part is solid and highlighted: front position light (headlight at the front and taillight at the rear). Render it in brand green #6CAD2F with a soft green glow and a thin white edge, at its real position and real scale on the scooter. If the part is small (a bulb, a seal, a bolt, a sensor), keep it at its real place and add a soft glowing green ring around it so it is easy to spot. Everything else stays dim. No text, no labels, no arrows, no numbers, no watermark. Square 1:1.
taillight;Освещение и сигналы;Фары и фонари;Стоп-сигнал в сборе;taillight assembly;headlight at the front and taillight at the rear;petrol;"Yamaha Gear 4T; Yamaha Jog 4T; Yamaha Jog AY01; Honda Dio AF62/68; Tank T150";1650;3800;taillight.webp;taillight-where.webp;Studio product photo, one image of a consistent e-commerce series. A single scooter spare part: taillight assembly. Isolated on a pure white seamless background #FFFFFF, centered, three-quarter view from the front-left and slightly above, the part fills about 70% of the frame, soft even studio light, subtle contact shadow under the part, realistic materials (black ABS plastic, painted plastic, aluminium, steel, rubber — whatever the real part is made of). New part, clean, no brand names, no logos, no packaging, no hands, no text, no watermark. Square 1:1.;Technical X-ray illustration, one image of a consistent series. Solid deep navy background #0E1726. A generic 50-150cc step-through city scooter (small wheels, floorboard, engine and CVT under the seat), strict side view, nose pointing right, centered, the whole scooter visible and filling about 80% of the width, no brand, no logos. The scooter is drawn as a semi-transparent X-ray / blueprint: thin light steel-blue outlines (#9FB4C8, about 40% opacity), inner parts faintly visible through the body. Only one part is solid and highlighted: taillight assembly (headlight at the front and taillight at the rear). Render it in brand green #6CAD2F with a soft green glow and a thin white edge, at its real position and real scale on the scooter. If the part is small (a bulb, a seal, a bolt, a sensor), keep it at its real place and add a soft glowing green ring around it so it is easy to spot. Everything else stays dim. No text, no labels, no arrows, no numbers, no watermark. Square 1:1.
taillight-lens;Освещение и сигналы;Фары и фонари;Стекло стоп-сигнала;red taillight lens;headlight at the front and taillight at the rear;petrol;"Yamaha Gear 4T; Yamaha Jog 4T; Yamaha Jog AY01; Honda Dio AF62/68; Tank T150";700;1300;taillight-lens.webp;taillight-lens-where.webp;Studio product photo, one image of a consistent e-commerce series. A single scooter spare part: red taillight lens. Isolated on a pure white seamless background #FFFFFF, centered, three-quarter view from the front-left and slightly above, the part fills about 70% of the frame, soft even studio light, subtle contact shadow under the part, realistic materials (black ABS plastic, painted plastic, aluminium, steel, rubber — whatever the real part is made of). New part, clean, no brand names, no logos, no packaging, no hands, no text, no watermark. Square 1:1.;Technical X-ray illustration, one image of a consistent series. Solid deep navy background #0E1726. A generic 50-150cc step-through city scooter (small wheels, floorboard, engine and CVT under the seat), strict side view, nose pointing right, centered, the whole scooter visible and filling about 80% of the width, no brand, no logos. The scooter is drawn as a semi-transparent X-ray / blueprint: thin light steel-blue outlines (#9FB4C8, about 40% opacity), inner parts faintly visible through the body. Only one part is solid and highlighted: red taillight lens (headlight at the front and taillight at the rear). Render it in brand green #6CAD2F with a soft green glow and a thin white edge, at its real position and real scale on the scooter. If the part is small (a bulb, a seal, a bolt, a sensor), keep it at its real place and add a soft glowing green ring around it so it is easy to spot. Everything else stays dim. No text, no labels, no arrows, no numbers, no watermark. Square 1:1.
taillight-socket;Освещение и сигналы;Фары и фонари;Патрон лампы стоп-сигнала;taillight bulb socket;headlight at the front and taillight at the rear;petrol;все модели;300;300;taillight-socket.webp;taillight-socket-where.webp;Studio product photo, one image of a consistent e-commerce series. A single scooter spare part: taillight bulb socket. Isolated on a pure white seamless background #FFFFFF, centered, three-quarter view from the front-left and slightly above, the part fills about 70% of the frame, soft even studio light, subtle contact shadow under the part, realistic materials (black ABS plastic, painted plastic, aluminium, steel, rubber — whatever the real part is made of). New part, clean, no brand names, no logos, no packaging, no hands, no text, no watermark. Square 1:1.;Technical X-ray illustration, one image of a consistent series. Solid deep navy background #0E1726. A generic 50-150cc step-through city scooter (small wheels, floorboard, engine and CVT under the seat), strict side view, nose pointing right, centered, the whole scooter visible and filling about 80% of the width, no brand, no logos. The scooter is drawn as a semi-transparent X-ray / blueprint: thin light steel-blue outlines (#9FB4C8, about 40% opacity), inner parts faintly visible through the body. Only one part is solid and highlighted: taillight bulb socket (headlight at the front and taillight at the rear). Render it in brand green #6CAD2F with a soft green glow and a thin white edge, at its real position and real scale on the scooter. If the part is small (a bulb, a seal, a bolt, a sensor), keep it at its real place and add a soft glowing green ring around it so it is easy to spot. Everything else stays dim. No text, no labels, no arrows, no numbers, no watermark. Square 1:1.
plate-light;Освещение и сигналы;Фары и фонари;Подсветка номера;license plate light;headlight at the front and taillight at the rear;petrol;все модели;600;600;plate-light.webp;plate-light-where.webp;Studio product photo, one image of a consistent e-commerce series. A single scooter spare part: license plate light. Isolated on a pure white seamless background #FFFFFF, centered, three-quarter view from the front-left and slightly above, the part fills about 70% of the frame, soft even studio light, subtle contact shadow under the part, realistic materials (black ABS plastic, painted plastic, aluminium, steel, rubber — whatever the real part is made of). New part, clean, no brand names, no logos, no packaging, no hands, no text, no watermark. Square 1:1.;Technical X-ray illustration, one image of a consistent series. Solid deep navy background #0E1726. A generic 50-150cc step-through city scooter (small wheels, floorboard, engine and CVT under the seat), strict side view, nose pointing right, centered, the whole scooter visible and filling about 80% of the width, no brand, no logos. The scooter is drawn as a semi-transparent X-ray / blueprint: thin light steel-blue outlines (#9FB4C8, about 40% opacity), inner parts faintly visible through the body. Only one part is solid and highlighted: license plate light (headlight at the front and taillight at the rear). Render it in brand green #6CAD2F with a soft green glow and a thin white edge, at its real position and real scale on the scooter. If the part is small (a bulb, a seal, a bolt, a sensor), keep it at its real place and add a soft glowing green ring around it so it is easy to spot. Everything else stays dim. No text, no labels, no arrows, no numbers, no watermark. Square 1:1.
turn-front;Освещение и сигналы;Поворотники и сигнал;Поворотник передний (1 шт);front turn signal;turn signals and horn;petrol;"Yamaha Gear 4T; Yamaha Jog 4T; Yamaha Jog AY01; Honda Dio AF62/68; Tank T150";550;900;turn-front.webp;turn-front-where.webp;Studio product photo, one image of a consistent e-commerce series. A single scooter spare part: front turn signal. Isolated on a pure white seamless background #FFFFFF, centered, three-quarter view from the front-left and slightly above, the part fills about 70% of the frame, soft even studio light, subtle contact shadow under the part, realistic materials (black ABS plastic, painted plastic, aluminium, steel, rubber — whatever the real part is made of). New part, clean, no brand names, no logos, no packaging, no hands, no text, no watermark. Square 1:1.;Technical X-ray illustration, one image of a consistent series. Solid deep navy background #0E1726. A generic 50-150cc step-through city scooter (small wheels, floorboard, engine and CVT under the seat), strict side view, nose pointing right, centered, the whole scooter visible and filling about 80% of the width, no brand, no logos. The scooter is drawn as a semi-transparent X-ray / blueprint: thin light steel-blue outlines (#9FB4C8, about 40% opacity), inner parts faintly visible through the body. Only one part is solid and highlighted: front turn signal (turn signals and horn). Render it in brand green #6CAD2F with a soft green glow and a thin white edge, at its real position and real scale on the scooter. If the part is small (a bulb, a seal, a bolt, a sensor), keep it at its real place and add a soft glowing green ring around it so it is easy to spot. Everything else stays dim. No text, no labels, no arrows, no numbers, no watermark. Square 1:1.
turn-rear;Освещение и сигналы;Поворотники и сигнал;Поворотник задний (1 шт);rear turn signal;turn signals and horn;petrol;"Yamaha Gear 4T; Yamaha Jog 4T; Yamaha Jog AY01; Honda Dio AF62/68; Tank T150";550;900;turn-rear.webp;turn-rear-where.webp;Studio product photo, one image of a consistent e-commerce series. A single scooter spare part: rear turn signal. Isolated on a pure white seamless background #FFFFFF, centered, three-quarter view from the front-left and slightly above, the part fills about 70% of the frame, soft even studio light, subtle contact shadow under the part, realistic materials (black ABS plastic, painted plastic, aluminium, steel, rubber — whatever the real part is made of). New part, clean, no brand names, no logos, no packaging, no hands, no text, no watermark. Square 1:1.;Technical X-ray illustration, one image of a consistent series. Solid deep navy background #0E1726. A generic 50-150cc step-through city scooter (small wheels, floorboard, engine and CVT under the seat), strict side view, nose pointing right, centered, the whole scooter visible and filling about 80% of the width, no brand, no logos. The scooter is drawn as a semi-transparent X-ray / blueprint: thin light steel-blue outlines (#9FB4C8, about 40% opacity), inner parts faintly visible through the body. Only one part is solid and highlighted: rear turn signal (turn signals and horn). Render it in brand green #6CAD2F with a soft green glow and a thin white edge, at its real position and real scale on the scooter. If the part is small (a bulb, a seal, a bolt, a sensor), keep it at its real place and add a soft glowing green ring around it so it is easy to spot. Everything else stays dim. No text, no labels, no arrows, no numbers, no watermark. Square 1:1.
turn-lenses;Освещение и сигналы;Поворотники и сигнал;Стёкла передних поворотников (пара);pair of amber front turn signal lenses;turn signals and horn;petrol;"Yamaha Gear 4T; Yamaha Jog 4T; Honda Dio AF62/68";750;850;turn-lenses.webp;turn-lenses-where.webp;Studio product photo, one image of a consistent e-commerce series. A single scooter spare part: pair of amber front turn signal lenses. Isolated on a pure white seamless background #FFFFFF, centered, three-quarter view from the front-left and slightly above, the part fills about 70% of the frame, soft even studio light, subtle contact shadow under the part, realistic materials (black ABS plastic, painted plastic, aluminium, steel, rubber — whatever the real part is made of). New part, clean, no brand names, no logos, no packaging, no hands, no text, no watermark. Square 1:1.;Technical X-ray illustration, one image of a consistent series. Solid deep navy background #0E1726. A generic 50-150cc step-through city scooter (small wheels, floorboard, engine and CVT under the seat), strict side view, nose pointing right, centered, the whole scooter visible and filling about 80% of the width, no brand, no logos. The scooter is drawn as a semi-transparent X-ray / blueprint: thin light steel-blue outlines (#9FB4C8, about 40% opacity), inner parts faintly visible through the body. Only one part is solid and highlighted: pair of amber front turn signal lenses (turn signals and horn). Render it in brand green #6CAD2F with a soft green glow and a thin white edge, at its real position and real scale on the scooter. If the part is small (a bulb, a seal, a bolt, a sensor), keep it at its real place and add a soft glowing green ring around it so it is easy to spot. Everything else stays dim. No text, no labels, no arrows, no numbers, no watermark. Square 1:1.
turn-socket;Освещение и сигналы;Поворотники и сигнал;Патрон лампы поворотника;turn signal bulb socket;turn signals and horn;petrol;все модели;250;250;turn-socket.webp;turn-socket-where.webp;Studio product photo, one image of a consistent e-commerce series. A single scooter spare part: turn signal bulb socket. Isolated on a pure white seamless background #FFFFFF, centered, three-quarter view from the front-left and slightly above, the part fills about 70% of the frame, soft even studio light, subtle contact shadow under the part, realistic materials (black ABS plastic, painted plastic, aluminium, steel, rubber — whatever the real part is made of). New part, clean, no brand names, no logos, no packaging, no hands, no text, no watermark. Square 1:1.;Technical X-ray illustration, one image of a consistent series. Solid deep navy background #0E1726. A generic 50-150cc step-through city scooter (small wheels, floorboard, engine and CVT under the seat), strict side view, nose pointing right, centered, the whole scooter visible and filling about 80% of the width, no brand, no logos. The scooter is drawn as a semi-transparent X-ray / blueprint: thin light steel-blue outlines (#9FB4C8, about 40% opacity), inner parts faintly visible through the body. Only one part is solid and highlighted: turn signal bulb socket (turn signals and horn). Render it in brand green #6CAD2F with a soft green glow and a thin white edge, at its real position and real scale on the scooter. If the part is small (a bulb, a seal, a bolt, a sensor), keep it at its real place and add a soft glowing green ring around it so it is easy to spot. Everything else stays dim. No text, no labels, no arrows, no numbers, no watermark. Square 1:1.
flasher-relay;Освещение и сигналы;Поворотники и сигнал;Реле поворотов;turn signal flasher relay;turn signals and horn;petrol;все модели;400;400;flasher-relay.webp;flasher-relay-where.webp;Studio product photo, one image of a consistent e-commerce series. A single scooter spare part: turn signal flasher relay. Isolated on a pure white seamless background #FFFFFF, centered, three-quarter view from the front-left and slightly above, the part fills about 70% of the frame, soft even studio light, subtle contact shadow under the part, realistic materials (black ABS plastic, painted plastic, aluminium, steel, rubber — whatever the real part is made of). New part, clean, no brand names, no logos, no packaging, no hands, no text, no watermark. Square 1:1.;Technical X-ray illustration, one image of a consistent series. Solid deep navy background #0E1726. A generic 50-150cc step-through city scooter (small wheels, floorboard, engine and CVT under the seat), strict side view, nose pointing right, centered, the whole scooter visible and filling about 80% of the width, no brand, no logos. The scooter is drawn as a semi-transparent X-ray / blueprint: thin light steel-blue outlines (#9FB4C8, about 40% opacity), inner parts faintly visible through the body. Only one part is solid and highlighted: turn signal flasher relay (turn signals and horn). Render it in brand green #6CAD2F with a soft green glow and a thin white edge, at its real position and real scale on the scooter. If the part is small (a bulb, a seal, a bolt, a sensor), keep it at its real place and add a soft glowing green ring around it so it is easy to spot. Everything else stays dim. No text, no labels, no arrows, no numbers, no watermark. Square 1:1.
horn;Освещение и сигналы;Поворотники и сигнал;Звуковой сигнал;12V horn;turn signals and horn;petrol;все модели;450;450;horn.webp;horn-where.webp;Studio product photo, one image of a consistent e-commerce series. A single scooter spare part: 12V horn. Isolated on a pure white seamless background #FFFFFF, centered, three-quarter view from the front-left and slightly above, the part fills about 70% of the frame, soft even studio light, subtle contact shadow under the part, realistic materials (black ABS plastic, painted plastic, aluminium, steel, rubber — whatever the real part is made of). New part, clean, no brand names, no logos, no packaging, no hands, no text, no watermark. Square 1:1.;Technical X-ray illustration, one image of a consistent series. Solid deep navy background #0E1726. A generic 50-150cc step-through city scooter (small wheels, floorboard, engine and CVT under the seat), strict side view, nose pointing right, centered, the whole scooter visible and filling about 80% of the width, no brand, no logos. The scooter is drawn as a semi-transparent X-ray / blueprint: thin light steel-blue outlines (#9FB4C8, about 40% opacity), inner parts faintly visible through the body. Only one part is solid and highlighted: 12V horn (turn signals and horn). Render it in brand green #6CAD2F with a soft green glow and a thin white edge, at its real position and real scale on the scooter. If the part is small (a bulb, a seal, a bolt, a sensor), keep it at its real place and add a soft glowing green ring around it so it is easy to spot. Everything else stays dim. No text, no labels, no arrows, no numbers, no watermark. Square 1:1.
bulb-head;Освещение и сигналы;Лампы;Лампа фары 12V 35/35W;headlight bulb 12V 35/35W;bulbs inside the lights;petrol;все модели;250;250;bulb-head.webp;bulb-head-where.webp;Studio product photo, one image of a consistent e-commerce series. A single scooter spare part: headlight bulb 12V 35/35W. Isolated on a pure white seamless background #FFFFFF, centered, three-quarter view from the front-left and slightly above, the part fills about 70% of the frame, soft even studio light, subtle contact shadow under the part, realistic materials (black ABS plastic, painted plastic, aluminium, steel, rubber — whatever the real part is made of). New part, clean, no brand names, no logos, no packaging, no hands, no text, no watermark. Square 1:1.;Technical X-ray illustration, one image of a consistent series. Solid deep navy background #0E1726. A generic 50-150cc step-through city scooter (small wheels, floorboard, engine and CVT under the seat), strict side view, nose pointing right, centered, the whole scooter visible and filling about 80% of the width, no brand, no logos. The scooter is drawn as a semi-transparent X-ray / blueprint: thin light steel-blue outlines (#9FB4C8, about 40% opacity), inner parts faintly visible through the body. Only one part is solid and highlighted: headlight bulb 12V 35/35W (bulbs inside the lights). Render it in brand green #6CAD2F with a soft green glow and a thin white edge, at its real position and real scale on the scooter. If the part is small (a bulb, a seal, a bolt, a sensor), keep it at its real place and add a soft glowing green ring around it so it is easy to spot. Everything else stays dim. No text, no labels, no arrows, no numbers, no watermark. Square 1:1.
bulb-head-led;Освещение и сигналы;Лампы;Лампа фары светодиодная;LED headlight bulb;bulbs inside the lights;petrol;все модели;950;950;bulb-head-led.webp;bulb-head-led-where.webp;Studio product photo, one image of a consistent e-commerce series. A single scooter spare part: LED headlight bulb. Isolated on a pure white seamless background #FFFFFF, centered, three-quarter view from the front-left and slightly above, the part fills about 70% of the frame, soft even studio light, subtle contact shadow under the part, realistic materials (black ABS plastic, painted plastic, aluminium, steel, rubber — whatever the real part is made of). New part, clean, no brand names, no logos, no packaging, no hands, no text, no watermark. Square 1:1.;Technical X-ray illustration, one image of a consistent series. Solid deep navy background #0E1726. A generic 50-150cc step-through city scooter (small wheels, floorboard, engine and CVT under the seat), strict side view, nose pointing right, centered, the whole scooter visible and filling about 80% of the width, no brand, no logos. The scooter is drawn as a semi-transparent X-ray / blueprint: thin light steel-blue outlines (#9FB4C8, about 40% opacity), inner parts faintly visible through the body. Only one part is solid and highlighted: LED headlight bulb (bulbs inside the lights). Render it in brand green #6CAD2F with a soft green glow and a thin white edge, at its real position and real scale on the scooter. If the part is small (a bulb, a seal, a bolt, a sensor), keep it at its real place and add a soft glowing green ring around it so it is easy to spot. Everything else stays dim. No text, no labels, no arrows, no numbers, no watermark. Square 1:1.
bulb-turn;Освещение и сигналы;Лампы;Лампа поворота 12V 10W;turn signal bulb 12V 10W;bulbs inside the lights;petrol;все модели;100;100;bulb-turn.webp;bulb-turn-where.webp;Studio product photo, one image of a consistent e-commerce series. A single scooter spare part: turn signal bulb 12V 10W. Isolated on a pure white seamless background #FFFFFF, centered, three-quarter view from the front-left and slightly above, the part fills about 70% of the frame, soft even studio light, subtle contact shadow under the part, realistic materials (black ABS plastic, painted plastic, aluminium, steel, rubber — whatever the real part is made of). New part, clean, no brand names, no logos, no packaging, no hands, no text, no watermark. Square 1:1.;Technical X-ray illustration, one image of a consistent series. Solid deep navy background #0E1726. A generic 50-150cc step-through city scooter (small wheels, floorboard, engine and CVT under the seat), strict side view, nose pointing right, centered, the whole scooter visible and filling about 80% of the width, no brand, no logos. The scooter is drawn as a semi-transparent X-ray / blueprint: thin light steel-blue outlines (#9FB4C8, about 40% opacity), inner parts faintly visible through the body. Only one part is solid and highlighted: turn signal bulb 12V 10W (bulbs inside the lights). Render it in brand green #6CAD2F with a soft green glow and a thin white edge, at its real position and real scale on the scooter. If the part is small (a bulb, a seal, a bolt, a sensor), keep it at its real place and add a soft glowing green ring around it so it is easy to spot. Everything else stays dim. No text, no labels, no arrows, no numbers, no watermark. Square 1:1.
bulb-position;Освещение и сигналы;Лампы;Лампа габарита 12V 5W (T10);small T10 position bulb;bulbs inside the lights;petrol;все модели;100;100;bulb-position.webp;bulb-position-where.webp;Studio product photo, one image of a consistent e-commerce series. A single scooter spare part: small T10 position bulb. Isolated on a pure white seamless background #FFFFFF, centered, three-quarter view from the front-left and slightly above, the part fills about 70% of the frame, soft even studio light, subtle contact shadow under the part, realistic materials (black ABS plastic, painted plastic, aluminium, steel, rubber — whatever the real part is made of). New part, clean, no brand names, no logos, no packaging, no hands, no text, no watermark. Square 1:1.;Technical X-ray illustration, one image of a consistent series. Solid deep navy background #0E1726. A generic 50-150cc step-through city scooter (small wheels, floorboard, engine and CVT under the seat), strict side view, nose pointing right, centered, the whole scooter visible and filling about 80% of the width, no brand, no logos. The scooter is drawn as a semi-transparent X-ray / blueprint: thin light steel-blue outlines (#9FB4C8, about 40% opacity), inner parts faintly visible through the body. Only one part is solid and highlighted: small T10 position bulb (bulbs inside the lights). Render it in brand green #6CAD2F with a soft green glow and a thin white edge, at its real position and real scale on the scooter. If the part is small (a bulb, a seal, a bolt, a sensor), keep it at its real place and add a soft glowing green ring around it so it is easy to spot. Everything else stays dim. No text, no labels, no arrows, no numbers, no watermark. Square 1:1.
bulb-stop;Освещение и сигналы;Лампы;Лампа стоп-сигнала 12V 21/5W;brake light bulb 12V 21/5W;bulbs inside the lights;petrol;все модели;150;150;bulb-stop.webp;bulb-stop-where.webp;Studio product photo, one image of a consistent e-commerce series. A single scooter spare part: brake light bulb 12V 21/5W. Isolated on a pure white seamless background #FFFFFF, centered, three-quarter view from the front-left and slightly above, the part fills about 70% of the frame, soft even studio light, subtle contact shadow under the part, realistic materials (black ABS plastic, painted plastic, aluminium, steel, rubber — whatever the real part is made of). New part, clean, no brand names, no logos, no packaging, no hands, no text, no watermark. Square 1:1.;Technical X-ray illustration, one image of a consistent series. Solid deep navy background #0E1726. A generic 50-150cc step-through city scooter (small wheels, floorboard, engine and CVT under the seat), strict side view, nose pointing right, centered, the whole scooter visible and filling about 80% of the width, no brand, no logos. The scooter is drawn as a semi-transparent X-ray / blueprint: thin light steel-blue outlines (#9FB4C8, about 40% opacity), inner parts faintly visible through the body. Only one part is solid and highlighted: brake light bulb 12V 21/5W (bulbs inside the lights). Render it in brand green #6CAD2F with a soft green glow and a thin white edge, at its real position and real scale on the scooter. If the part is small (a bulb, a seal, a bolt, a sensor), keep it at its real place and add a soft glowing green ring around it so it is easy to spot. Everything else stays dim. No text, no labels, no arrows, no numbers, no watermark. Square 1:1.
battery;Электрика;Питание;Аккумулятор;12V motorcycle battery;battery compartment and main wiring;petrol;"12V 4Ah (YTX4L-BS) — Jog, Vino, Gear, Dio; 12V 5Ah (YTX5L-BS) — Jog AY01, Gear; 12V 7Ah (YTX7A-BS) — Tank T150";2450;3550;battery.webp;battery-where.webp;Studio product photo, one image of a consistent e-commerce series. A single scooter spare part: 12V motorcycle battery. Isolated on a pure white seamless background #FFFFFF, centered, three-quarter view from the front-left and slightly above, the part fills about 70% of the frame, soft even studio light, subtle contact shadow under the part, realistic materials (black ABS plastic, painted plastic, aluminium, steel, rubber — whatever the real part is made of). New part, clean, no brand names, no logos, no packaging, no hands, no text, no watermark. Square 1:1.;Technical X-ray illustration, one image of a consistent series. Solid deep navy background #0E1726. A generic 50-150cc step-through city scooter (small wheels, floorboard, engine and CVT under the seat), strict side view, nose pointing right, centered, the whole scooter visible and filling about 80% of the width, no brand, no logos. The scooter is drawn as a semi-transparent X-ray / blueprint: thin light steel-blue outlines (#9FB4C8, about 40% opacity), inner parts faintly visible through the body. Only one part is solid and highlighted: 12V motorcycle battery (battery compartment and main wiring). Render it in brand green #6CAD2F with a soft green glow and a thin white edge, at its real position and real scale on the scooter. If the part is small (a bulb, a seal, a bolt, a sensor), keep it at its real place and add a soft glowing green ring around it so it is easy to spot. Everything else stays dim. No text, no labels, no arrows, no numbers, no watermark. Square 1:1.
battery-terminals;Электрика;Питание;Клеммы аккумулятора с болтами (пара);battery terminal bolts and nuts;battery compartment and main wiring;petrol;все модели;250;250;battery-terminals.webp;battery-terminals-where.webp;Studio product photo, one image of a consistent e-commerce series. A single scooter spare part: battery terminal bolts and nuts. Isolated on a pure white seamless background #FFFFFF, centered, three-quarter view from the front-left and slightly above, the part fills about 70% of the frame, soft even studio light, subtle contact shadow under the part, realistic materials (black ABS plastic, painted plastic, aluminium, steel, rubber — whatever the real part is made of). New part, clean, no brand names, no logos, no packaging, no hands, no text, no watermark. Square 1:1.;Technical X-ray illustration, one image of a consistent series. Solid deep navy background #0E1726. A generic 50-150cc step-through city scooter (small wheels, floorboard, engine and CVT under the seat), strict side view, nose pointing right, centered, the whole scooter visible and filling about 80% of the width, no brand, no logos. The scooter is drawn as a semi-transparent X-ray / blueprint: thin light steel-blue outlines (#9FB4C8, about 40% opacity), inner parts faintly visible through the body. Only one part is solid and highlighted: battery terminal bolts and nuts (battery compartment and main wiring). Render it in brand green #6CAD2F with a soft green glow and a thin white edge, at its real position and real scale on the scooter. If the part is small (a bulb, a seal, a bolt, a sensor), keep it at its real place and add a soft glowing green ring around it so it is easy to spot. Everything else stays dim. No text, no labels, no arrows, no numbers, no watermark. Square 1:1.
ground-wire;Электрика;Питание;Провод массы;ground (earth) wire;battery compartment and main wiring;petrol;все модели;400;400;ground-wire.webp;ground-wire-where.webp;Studio product photo, one image of a consistent e-commerce series. A single scooter spare part: ground (earth) wire. Isolated on a pure white seamless background #FFFFFF, centered, three-quarter view from the front-left and slightly above, the part fills about 70% of the frame, soft even studio light, subtle contact shadow under the part, realistic materials (black ABS plastic, painted plastic, aluminium, steel, rubber — whatever the real part is made of). New part, clean, no brand names, no logos, no packaging, no hands, no text, no watermark. Square 1:1.;Technical X-ray illustration, one image of a consistent series. Solid deep navy background #0E1726. A generic 50-150cc step-through city scooter (small wheels, floorboard, engine and CVT under the seat), strict side view, nose pointing right, centered, the whole scooter visible and filling about 80% of the width, no brand, no logos. The scooter is drawn as a semi-transparent X-ray / blueprint: thin light steel-blue outlines (#9FB4C8, about 40% opacity), inner parts faintly visible through the body. Only one part is solid and highlighted: ground (earth) wire (battery compartment and main wiring). Render it in brand green #6CAD2F with a soft green glow and a thin white edge, at its real position and real scale on the scooter. If the part is small (a bulb, a seal, a bolt, a sensor), keep it at its real place and add a soft glowing green ring around it so it is easy to spot. Everything else stays dim. No text, no labels, no arrows, no numbers, no watermark. Square 1:1.
battery-cable;Электрика;Питание;Провод аккумулятора плюсовой;positive battery cable;battery compartment and main wiring;petrol;все модели;450;450;battery-cable.webp;battery-cable-where.webp;Studio product photo, one image of a consistent e-commerce series. A single scooter spare part: positive battery cable. Isolated on a pure white seamless background #FFFFFF, centered, three-quarter view from the front-left and slightly above, the part fills about 70% of the frame, soft even studio light, subtle contact shadow under the part, realistic materials (black ABS plastic, painted plastic, aluminium, steel, rubber — whatever the real part is made of). New part, clean, no brand names, no logos, no packaging, no hands, no text, no watermark. Square 1:1.;Technical X-ray illustration, one image of a consistent series. Solid deep navy background #0E1726. A generic 50-150cc step-through city scooter (small wheels, floorboard, engine and CVT under the seat), strict side view, nose pointing right, centered, the whole scooter visible and filling about 80% of the width, no brand, no logos. The scooter is drawn as a semi-transparent X-ray / blueprint: thin light steel-blue outlines (#9FB4C8, about 40% opacity), inner parts faintly visible through the body. Only one part is solid and highlighted: positive battery cable (battery compartment and main wiring). Render it in brand green #6CAD2F with a soft green glow and a thin white edge, at its real position and real scale on the scooter. If the part is small (a bulb, a seal, a bolt, a sensor), keep it at its real place and add a soft glowing green ring around it so it is easy to spot. Everything else stays dim. No text, no labels, no arrows, no numbers, no watermark. Square 1:1.
starter-relay;Электрика;Питание;Реле стартера;starter relay;battery compartment and main wiring;petrol;"Yamaha 4T, Honda 4T; GY6 150 (Tank T150)";550;850;starter-relay.webp;starter-relay-where.webp;Studio product photo, one image of a consistent e-commerce series. A single scooter spare part: starter relay. Isolated on a pure white seamless background #FFFFFF, centered, three-quarter view from the front-left and slightly above, the part fills about 70% of the frame, soft even studio light, subtle contact shadow under the part, realistic materials (black ABS plastic, painted plastic, aluminium, steel, rubber — whatever the real part is made of). New part, clean, no brand names, no logos, no packaging, no hands, no text, no watermark. Square 1:1.;Technical X-ray illustration, one image of a consistent series. Solid deep navy background #0E1726. A generic 50-150cc step-through city scooter (small wheels, floorboard, engine and CVT under the seat), strict side view, nose pointing right, centered, the whole scooter visible and filling about 80% of the width, no brand, no logos. The scooter is drawn as a semi-transparent X-ray / blueprint: thin light steel-blue outlines (#9FB4C8, about 40% opacity), inner parts faintly visible through the body. Only one part is solid and highlighted: starter relay (battery compartment and main wiring). Render it in brand green #6CAD2F with a soft green glow and a thin white edge, at its real position and real scale on the scooter. If the part is small (a bulb, a seal, a bolt, a sensor), keep it at its real place and add a soft glowing green ring around it so it is easy to spot. Everything else stays dim. No text, no labels, no arrows, no numbers, no watermark. Square 1:1.
fuse-box;Электрика;Питание;Блок предохранителей;fuse box;battery compartment and main wiring;petrol;все модели;550;550;fuse-box.webp;fuse-box-where.webp;Studio product photo, one image of a consistent e-commerce series. A single scooter spare part: fuse box. Isolated on a pure white seamless background #FFFFFF, centered, three-quarter view from the front-left and slightly above, the part fills about 70% of the frame, soft even studio light, subtle contact shadow under the part, realistic materials (black ABS plastic, painted plastic, aluminium, steel, rubber — whatever the real part is made of). New part, clean, no brand names, no logos, no packaging, no hands, no text, no watermark. Square 1:1.;Technical X-ray illustration, one image of a consistent series. Solid deep navy background #0E1726. A generic 50-150cc step-through city scooter (small wheels, floorboard, engine and CVT under the seat), strict side view, nose pointing right, centered, the whole scooter visible and filling about 80% of the width, no brand, no logos. The scooter is drawn as a semi-transparent X-ray / blueprint: thin light steel-blue outlines (#9FB4C8, about 40% opacity), inner parts faintly visible through the body. Only one part is solid and highlighted: fuse box (battery compartment and main wiring). Render it in brand green #6CAD2F with a soft green glow and a thin white edge, at its real position and real scale on the scooter. If the part is small (a bulb, a seal, a bolt, a sensor), keep it at its real place and add a soft glowing green ring around it so it is easy to spot. Everything else stays dim. No text, no labels, no arrows, no numbers, no watermark. Square 1:1.
fuses;Электрика;Питание;Предохранители (комплект);set of blade fuses;battery compartment and main wiring;petrol;все модели;100;100;fuses.webp;fuses-where.webp;Studio product photo, one image of a consistent e-commerce series. A single scooter spare part: set of blade fuses. Isolated on a pure white seamless background #FFFFFF, centered, three-quarter view from the front-left and slightly above, the part fills about 70% of the frame, soft even studio light, subtle contact shadow under the part, realistic materials (black ABS plastic, painted plastic, aluminium, steel, rubber — whatever the real part is made of). New part, clean, no brand names, no logos, no packaging, no hands, no text, no watermark. Square 1:1.;Technical X-ray illustration, one image of a consistent series. Solid deep navy background #0E1726. A generic 50-150cc step-through city scooter (small wheels, floorboard, engine and CVT under the seat), strict side view, nose pointing right, centered, the whole scooter visible and filling about 80% of the width, no brand, no logos. The scooter is drawn as a semi-transparent X-ray / blueprint: thin light steel-blue outlines (#9FB4C8, about 40% opacity), inner parts faintly visible through the body. Only one part is solid and highlighted: set of blade fuses (battery compartment and main wiring). Render it in brand green #6CAD2F with a soft green glow and a thin white edge, at its real position and real scale on the scooter. If the part is small (a bulb, a seal, a bolt, a sensor), keep it at its real place and add a soft glowing green ring around it so it is easy to spot. Everything else stays dim. No text, no labels, no arrows, no numbers, no watermark. Square 1:1.
regulator;Электрика;Питание;Реле-регулятор напряжения;voltage regulator rectifier;battery compartment and main wiring;petrol;"Yamaha 4T (Jog, Vino, Gear); Honda 4T (Dio, Jog AY01); GY6 150 (Tank T150)";700;1650;regulator.webp;regulator-where.webp;Studio product photo, one image of a consistent e-commerce series. A single scooter spare part: voltage regulator rectifier. Isolated on a pure white seamless background #FFFFFF, centered, three-quarter view from the front-left and slightly above, the part fills about 70% of the frame, soft even studio light, subtle contact shadow under the part, realistic materials (black ABS plastic, painted plastic, aluminium, steel, rubber — whatever the real part is made of). New part, clean, no brand names, no logos, no packaging, no hands, no text, no watermark. Square 1:1.;Technical X-ray illustration, one image of a consistent series. Solid deep navy background #0E1726. A generic 50-150cc step-through city scooter (small wheels, floorboard, engine and CVT under the seat), strict side view, nose pointing right, centered, the whole scooter visible and filling about 80% of the width, no brand, no logos. The scooter is drawn as a semi-transparent X-ray / blueprint: thin light steel-blue outlines (#9FB4C8, about 40% opacity), inner parts faintly visible through the body. Only one part is solid and highlighted: voltage regulator rectifier (battery compartment and main wiring). Render it in brand green #6CAD2F with a soft green glow and a thin white edge, at its real position and real scale on the scooter. If the part is small (a bulb, a seal, a bolt, a sensor), keep it at its real place and add a soft glowing green ring around it so it is easy to spot. Everything else stays dim. No text, no labels, no arrows, no numbers, no watermark. Square 1:1.
wiring-harness;Электрика;Питание;Жгут проводки;main wiring harness;battery compartment and main wiring;petrol;"Yamaha Gear 4T; Yamaha Jog 4T; Yamaha Jog AY01; Honda Dio AF62/68; Tank T150";2450;4550;wiring-harness.webp;wiring-harness-where.webp;Studio product photo, one image of a consistent e-commerce series. A single scooter spare part: main wiring harness. Isolated on a pure white seamless background #FFFFFF, centered, three-quarter view from the front-left and slightly above, the part fills about 70% of the frame, soft even studio light, subtle contact shadow under the part, realistic materials (black ABS plastic, painted plastic, aluminium, steel, rubber — whatever the real part is made of). New part, clean, no brand names, no logos, no packaging, no hands, no text, no watermark. Square 1:1.;Technical X-ray illustration, one image of a consistent series. Solid deep navy background #0E1726. A generic 50-150cc step-through city scooter (small wheels, floorboard, engine and CVT under the seat), strict side view, nose pointing right, centered, the whole scooter visible and filling about 80% of the width, no brand, no logos. The scooter is drawn as a semi-transparent X-ray / blueprint: thin light steel-blue outlines (#9FB4C8, about 40% opacity), inner parts faintly visible through the body. Only one part is solid and highlighted: main wiring harness (battery compartment and main wiring). Render it in brand green #6CAD2F with a soft green glow and a thin white edge, at its real position and real scale on the scooter. If the part is small (a bulb, a seal, a bolt, a sensor), keep it at its real place and add a soft glowing green ring around it so it is easy to spot. Everything else stays dim. No text, no labels, no arrows, no numbers, no watermark. Square 1:1.
connectors;Электрика;Питание;Разъёмы и клеммы проводки (комплект);wire connectors and terminals;battery compartment and main wiring;petrol;все модели;300;300;connectors.webp;connectors-where.webp;Studio product photo, one image of a consistent e-commerce series. A single scooter spare part: wire connectors and terminals. Isolated on a pure white seamless background #FFFFFF, centered, three-quarter view from the front-left and slightly above, the part fills about 70% of the frame, soft even studio light, subtle contact shadow under the part, realistic materials (black ABS plastic, painted plastic, aluminium, steel, rubber — whatever the real part is made of). New part, clean, no brand names, no logos, no packaging, no hands, no text, no watermark. Square 1:1.;Technical X-ray illustration, one image of a consistent series. Solid deep navy background #0E1726. A generic 50-150cc step-through city scooter (small wheels, floorboard, engine and CVT under the seat), strict side view, nose pointing right, centered, the whole scooter visible and filling about 80% of the width, no brand, no logos. The scooter is drawn as a semi-transparent X-ray / blueprint: thin light steel-blue outlines (#9FB4C8, about 40% opacity), inner parts faintly visible through the body. Only one part is solid and highlighted: wire connectors and terminals (battery compartment and main wiring). Render it in brand green #6CAD2F with a soft green glow and a thin white edge, at its real position and real scale on the scooter. If the part is small (a bulb, a seal, a bolt, a sensor), keep it at its real place and add a soft glowing green ring around it so it is easy to spot. Everything else stays dim. No text, no labels, no arrows, no numbers, no watermark. Square 1:1.
spark-plug;Электрика;Зажигание и датчики;Свеча зажигания;spark plug;ignition and engine sensors;petrol;"NGK CR7E — Yamaha 4T (Jog, Vino, Gear); NGK CR7HSA — Honda 4T (Dio, Jog AY01); NGK C7HSA — GY6 150 (Tank T150)";550;1500;spark-plug.webp;spark-plug-where.webp;Studio product photo, one image of a consistent e-commerce series. A single scooter spare part: spark plug. Isolated on a pure white seamless background #FFFFFF, centered, three-quarter view from the front-left and slightly above, the part fills about 70% of the frame, soft even studio light, subtle contact shadow under the part, realistic materials (black ABS plastic, painted plastic, aluminium, steel, rubber — whatever the real part is made of). New part, clean, no brand names, no logos, no packaging, no hands, no text, no watermark. Square 1:1.;Technical X-ray illustration, one image of a consistent series. Solid deep navy background #0E1726. A generic 50-150cc step-through city scooter (small wheels, floorboard, engine and CVT under the seat), strict side view, nose pointing right, centered, the whole scooter visible and filling about 80% of the width, no brand, no logos. The scooter is drawn as a semi-transparent X-ray / blueprint: thin light steel-blue outlines (#9FB4C8, about 40% opacity), inner parts faintly visible through the body. Only one part is solid and highlighted: spark plug (ignition and engine sensors). Render it in brand green #6CAD2F with a soft green glow and a thin white edge, at its real position and real scale on the scooter. If the part is small (a bulb, a seal, a bolt, a sensor), keep it at its real place and add a soft glowing green ring around it so it is easy to spot. Everything else stays dim. No text, no labels, no arrows, no numbers, no watermark. Square 1:1.
plug-cap;Электрика;Зажигание и датчики;Колпачок свечи;spark plug cap;ignition and engine sensors;petrol;все модели;250;250;plug-cap.webp;plug-cap-where.webp;Studio product photo, one image of a consistent e-commerce series. A single scooter spare part: spark plug cap. Isolated on a pure white seamless background #FFFFFF, centered, three-quarter view from the front-left and slightly above, the part fills about 70% of the frame, soft even studio light, subtle contact shadow under the part, realistic materials (black ABS plastic, painted plastic, aluminium, steel, rubber — whatever the real part is made of). New part, clean, no brand names, no logos, no packaging, no hands, no text, no watermark. Square 1:1.;Technical X-ray illustration, one image of a consistent series. Solid deep navy background #0E1726. A generic 50-150cc step-through city scooter (small wheels, floorboard, engine and CVT under the seat), strict side view, nose pointing right, centered, the whole scooter visible and filling about 80% of the width, no brand, no logos. The scooter is drawn as a semi-transparent X-ray / blueprint: thin light steel-blue outlines (#9FB4C8, about 40% opacity), inner parts faintly visible through the body. Only one part is solid and highlighted: spark plug cap (ignition and engine sensors). Render it in brand green #6CAD2F with a soft green glow and a thin white edge, at its real position and real scale on the scooter. If the part is small (a bulb, a seal, a bolt, a sensor), keep it at its real place and add a soft glowing green ring around it so it is easy to spot. Everything else stays dim. No text, no labels, no arrows, no numbers, no watermark. Square 1:1.
ignition-coil;Электрика;Зажигание и датчики;Катушка зажигания;ignition coil;ignition and engine sensors;petrol;"Yamaha 4T (Jog, Vino, Gear); Honda 4T (Dio, Jog AY01); GY6 150 (Tank T150)";700;1800;ignition-coil.webp;ignition-coil-where.webp;Studio product photo, one image of a consistent e-commerce series. A single scooter spare part: ignition coil. Isolated on a pure white seamless background #FFFFFF, centered, three-quarter view from the front-left and slightly above, the part fills about 70% of the frame, soft even studio light, subtle contact shadow under the part, realistic materials (black ABS plastic, painted plastic, aluminium, steel, rubber — whatever the real part is made of). New part, clean, no brand names, no logos, no packaging, no hands, no text, no watermark. Square 1:1.;Technical X-ray illustration, one image of a consistent series. Solid deep navy background #0E1726. A generic 50-150cc step-through city scooter (small wheels, floorboard, engine and CVT under the seat), strict side view, nose pointing right, centered, the whole scooter visible and filling about 80% of the width, no brand, no logos. The scooter is drawn as a semi-transparent X-ray / blueprint: thin light steel-blue outlines (#9FB4C8, about 40% opacity), inner parts faintly visible through the body. Only one part is solid and highlighted: ignition coil (ignition and engine sensors). Render it in brand green #6CAD2F with a soft green glow and a thin white edge, at its real position and real scale on the scooter. If the part is small (a bulb, a seal, a bolt, a sensor), keep it at its real place and add a soft glowing green ring around it so it is easy to spot. Everything else stays dim. No text, no labels, no arrows, no numbers, no watermark. Square 1:1.
cdi;Электрика;Зажигание и датчики;Коммутатор (CDI);CDI ignition unit;ignition and engine sensors;petrol;GY6 150 (Tank T150);900;900;cdi.webp;cdi-where.webp;Studio product photo, one image of a consistent e-commerce series. A single scooter spare part: CDI ignition unit. Isolated on a pure white seamless background #FFFFFF, centered, three-quarter view from the front-left and slightly above, the part fills about 70% of the frame, soft even studio light, subtle contact shadow under the part, realistic materials (black ABS plastic, painted plastic, aluminium, steel, rubber — whatever the real part is made of). New part, clean, no brand names, no logos, no packaging, no hands, no text, no watermark. Square 1:1.;Technical X-ray illustration, one image of a consistent series. Solid deep navy background #0E1726. A generic 50-150cc step-through city scooter (small wheels, floorboard, engine and CVT under the seat), strict side view, nose pointing right, centered, the whole scooter visible and filling about 80% of the width, no brand, no logos. The scooter is drawn as a semi-transparent X-ray / blueprint: thin light steel-blue outlines (#9FB4C8, about 40% opacity), inner parts faintly visible through the body. Only one part is solid and highlighted: CDI ignition unit (ignition and engine sensors). Render it in brand green #6CAD2F with a soft green glow and a thin white edge, at its real position and real scale on the scooter. If the part is small (a bulb, a seal, a bolt, a sensor), keep it at its real place and add a soft glowing green ring around it so it is easy to spot. Everything else stays dim. No text, no labels, no arrows, no numbers, no watermark. Square 1:1.
ecu;Электрика;Зажигание и датчики;Блок управления инжектором (ЭБУ);fuel injection ECU;ignition and engine sensors;petrol;"Yamaha 4T (Jog, Vino, Gear); Honda 4T (Dio, Jog AY01)";9750;11050;ecu.webp;ecu-where.webp;Studio product photo, one image of a consistent e-commerce series. A single scooter spare part: fuel injection ECU. Isolated on a pure white seamless background #FFFFFF, centered, three-quarter view from the front-left and slightly above, the part fills about 70% of the frame, soft even studio light, subtle contact shadow under the part, realistic materials (black ABS plastic, painted plastic, aluminium, steel, rubber — whatever the real part is made of). New part, clean, no brand names, no logos, no packaging, no hands, no text, no watermark. Square 1:1.;Technical X-ray illustration, one image of a consistent series. Solid deep navy background #0E1726. A generic 50-150cc step-through city scooter (small wheels, floorboard, engine and CVT under the seat), strict side view, nose pointing right, centered, the whole scooter visible and filling about 80% of the width, no brand, no logos. The scooter is drawn as a semi-transparent X-ray / blueprint: thin light steel-blue outlines (#9FB4C8, about 40% opacity), inner parts faintly visible through the body. Only one part is solid and highlighted: fuel injection ECU (ignition and engine sensors). Render it in brand green #6CAD2F with a soft green glow and a thin white edge, at its real position and real scale on the scooter. If the part is small (a bulb, a seal, a bolt, a sensor), keep it at its real place and add a soft glowing green ring around it so it is easy to spot. Everything else stays dim. No text, no labels, no arrows, no numbers, no watermark. Square 1:1.
tps;Электрика;Зажигание и датчики;Датчик положения дросселя;throttle position sensor;ignition and engine sensors;petrol;Yamaha 4T, Honda 4T;2050;2050;tps.webp;tps-where.webp;Studio product photo, one image of a consistent e-commerce series. A single scooter spare part: throttle position sensor. Isolated on a pure white seamless background #FFFFFF, centered, three-quarter view from the front-left and slightly above, the part fills about 70% of the frame, soft even studio light, subtle contact shadow under the part, realistic materials (black ABS plastic, painted plastic, aluminium, steel, rubber — whatever the real part is made of). New part, clean, no brand names, no logos, no packaging, no hands, no text, no watermark. Square 1:1.;Technical X-ray illustration, one image of a consistent series. Solid deep navy background #0E1726. A generic 50-150cc step-through city scooter (small wheels, floorboard, engine and CVT under the seat), strict side view, nose pointing right, centered, the whole scooter visible and filling about 80% of the width, no brand, no logos. The scooter is drawn as a semi-transparent X-ray / blueprint: thin light steel-blue outlines (#9FB4C8, about 40% opacity), inner parts faintly visible through the body. Only one part is solid and highlighted: throttle position sensor (ignition and engine sensors). Render it in brand green #6CAD2F with a soft green glow and a thin white edge, at its real position and real scale on the scooter. If the part is small (a bulb, a seal, a bolt, a sensor), keep it at its real place and add a soft glowing green ring around it so it is easy to spot. Everything else stays dim. No text, no labels, no arrows, no numbers, no watermark. Square 1:1.
o2-sensor;Электрика;Зажигание и датчики;Датчик кислорода (лямбда-зонд);oxygen sensor;ignition and engine sensors;petrol;"Yamaha 4T (Jog, Vino, Gear); Honda 4T (Dio, Jog AY01)";3000;3550;o2-sensor.webp;o2-sensor-where.webp;Studio product photo, one image of a consistent e-commerce series. A single scooter spare part: oxygen sensor. Isolated on a pure white seamless background #FFFFFF, centered, three-quarter view from the front-left and slightly above, the part fills about 70% of the frame, soft even studio light, subtle contact shadow under the part, realistic materials (black ABS plastic, painted plastic, aluminium, steel, rubber — whatever the real part is made of). New part, clean, no brand names, no logos, no packaging, no hands, no text, no watermark. Square 1:1.;Technical X-ray illustration, one image of a consistent series. Solid deep navy background #0E1726. A generic 50-150cc step-through city scooter (small wheels, floorboard, engine and CVT under the seat), strict side view, nose pointing right, centered, the whole scooter visible and filling about 80% of the width, no brand, no logos. The scooter is drawn as a semi-transparent X-ray / blueprint: thin light steel-blue outlines (#9FB4C8, about 40% opacity), inner parts faintly visible through the body. Only one part is solid and highlighted: oxygen sensor (ignition and engine sensors). Render it in brand green #6CAD2F with a soft green glow and a thin white edge, at its real position and real scale on the scooter. If the part is small (a bulb, a seal, a bolt, a sensor), keep it at its real place and add a soft glowing green ring around it so it is easy to spot. Everything else stays dim. No text, no labels, no arrows, no numbers, no watermark. Square 1:1.
temp-sensor;Электрика;Зажигание и датчики;Датчик температуры двигателя;engine temperature sensor;ignition and engine sensors;petrol;Yamaha 4T, Honda 4T;850;850;temp-sensor.webp;temp-sensor-where.webp;Studio product photo, one image of a consistent e-commerce series. A single scooter spare part: engine temperature sensor. Isolated on a pure white seamless background #FFFFFF, centered, three-quarter view from the front-left and slightly above, the part fills about 70% of the frame, soft even studio light, subtle contact shadow under the part, realistic materials (black ABS plastic, painted plastic, aluminium, steel, rubber — whatever the real part is made of). New part, clean, no brand names, no logos, no packaging, no hands, no text, no watermark. Square 1:1.;Technical X-ray illustration, one image of a consistent series. Solid deep navy background #0E1726. A generic 50-150cc step-through city scooter (small wheels, floorboard, engine and CVT under the seat), strict side view, nose pointing right, centered, the whole scooter visible and filling about 80% of the width, no brand, no logos. The scooter is drawn as a semi-transparent X-ray / blueprint: thin light steel-blue outlines (#9FB4C8, about 40% opacity), inner parts faintly visible through the body. Only one part is solid and highlighted: engine temperature sensor (ignition and engine sensors). Render it in brand green #6CAD2F with a soft green glow and a thin white edge, at its real position and real scale on the scooter. If the part is small (a bulb, a seal, a bolt, a sensor), keep it at its real place and add a soft glowing green ring around it so it is easy to spot. Everything else stays dim. No text, no labels, no arrows, no numbers, no watermark. Square 1:1.
map-sensor;Электрика;Зажигание и датчики;Датчик давления во впуске;intake pressure sensor;ignition and engine sensors;petrol;Yamaha 4T, Honda 4T;2450;2450;map-sensor.webp;map-sensor-where.webp;Studio product photo, one image of a consistent e-commerce series. A single scooter spare part: intake pressure sensor. Isolated on a pure white seamless background #FFFFFF, centered, three-quarter view from the front-left and slightly above, the part fills about 70% of the frame, soft even studio light, subtle contact shadow under the part, realistic materials (black ABS plastic, painted plastic, aluminium, steel, rubber — whatever the real part is made of). New part, clean, no brand names, no logos, no packaging, no hands, no text, no watermark. Square 1:1.;Technical X-ray illustration, one image of a consistent series. Solid deep navy background #0E1726. A generic 50-150cc step-through city scooter (small wheels, floorboard, engine and CVT under the seat), strict side view, nose pointing right, centered, the whole scooter visible and filling about 80% of the width, no brand, no logos. The scooter is drawn as a semi-transparent X-ray / blueprint: thin light steel-blue outlines (#9FB4C8, about 40% opacity), inner parts faintly visible through the body. Only one part is solid and highlighted: intake pressure sensor (ignition and engine sensors). Render it in brand green #6CAD2F with a soft green glow and a thin white edge, at its real position and real scale on the scooter. If the part is small (a bulb, a seal, a bolt, a sensor), keep it at its real place and add a soft glowing green ring around it so it is easy to spot. Everything else stays dim. No text, no labels, no arrows, no numbers, no watermark. Square 1:1.
pickup-coil;Электрика;Зажигание и датчики;Датчик положения коленвала;crankshaft position pickup coil;ignition and engine sensors;petrol;"Yamaha 4T (Jog, Vino, Gear); Honda 4T (Dio, Jog AY01); GY6 150 (Tank T150)";700;1350;pickup-coil.webp;pickup-coil-where.webp;Studio product photo, one image of a consistent e-commerce series. A single scooter spare part: crankshaft position pickup coil. Isolated on a pure white seamless background #FFFFFF, centered, three-quarter view from the front-left and slightly above, the part fills about 70% of the frame, soft even studio light, subtle contact shadow under the part, realistic materials (black ABS plastic, painted plastic, aluminium, steel, rubber — whatever the real part is made of). New part, clean, no brand names, no logos, no packaging, no hands, no text, no watermark. Square 1:1.;Technical X-ray illustration, one image of a consistent series. Solid deep navy background #0E1726. A generic 50-150cc step-through city scooter (small wheels, floorboard, engine and CVT under the seat), strict side view, nose pointing right, centered, the whole scooter visible and filling about 80% of the width, no brand, no logos. The scooter is drawn as a semi-transparent X-ray / blueprint: thin light steel-blue outlines (#9FB4C8, about 40% opacity), inner parts faintly visible through the body. Only one part is solid and highlighted: crankshaft position pickup coil (ignition and engine sensors). Render it in brand green #6CAD2F with a soft green glow and a thin white edge, at its real position and real scale on the scooter. If the part is small (a bulb, a seal, a bolt, a sensor), keep it at its real place and add a soft glowing green ring around it so it is easy to spot. Everything else stays dim. No text, no labels, no arrows, no numbers, no watermark. Square 1:1.
fuel-level-sensor;Электрика;Зажигание и датчики;Датчик уровня топлива;fuel level sender in the tank;ignition and engine sensors;petrol;"Yamaha Gear 4T; Yamaha Jog 4T; Yamaha Jog AY01; Honda Dio AF62/68; Tank T150";850;1250;fuel-level-sensor.webp;fuel-level-sensor-where.webp;Studio product photo, one image of a consistent e-commerce series. A single scooter spare part: fuel level sender in the tank. Isolated on a pure white seamless background #FFFFFF, centered, three-quarter view from the front-left and slightly above, the part fills about 70% of the frame, soft even studio light, subtle contact shadow under the part, realistic materials (black ABS plastic, painted plastic, aluminium, steel, rubber — whatever the real part is made of). New part, clean, no brand names, no logos, no packaging, no hands, no text, no watermark. Square 1:1.;Technical X-ray illustration, one image of a consistent series. Solid deep navy background #0E1726. A generic 50-150cc step-through city scooter (small wheels, floorboard, engine and CVT under the seat), strict side view, nose pointing right, centered, the whole scooter visible and filling about 80% of the width, no brand, no logos. The scooter is drawn as a semi-transparent X-ray / blueprint: thin light steel-blue outlines (#9FB4C8, about 40% opacity), inner parts faintly visible through the body. Only one part is solid and highlighted: fuel level sender in the tank (ignition and engine sensors). Render it in brand green #6CAD2F with a soft green glow and a thin white edge, at its real position and real scale on the scooter. If the part is small (a bulb, a seal, a bolt, a sensor), keep it at its real place and add a soft glowing green ring around it so it is easy to spot. Everything else stays dim. No text, no labels, no arrows, no numbers, no watermark. Square 1:1.
stop-switch;Электрика;Зажигание и датчики;Выключатель стоп-сигнала (на рычаге);brake light switch at the lever;ignition and engine sensors;petrol;все модели;250;250;stop-switch.webp;stop-switch-where.webp;Studio product photo, one image of a consistent e-commerce series. A single scooter spare part: brake light switch at the lever. Isolated on a pure white seamless background #FFFFFF, centered, three-quarter view from the front-left and slightly above, the part fills about 70% of the frame, soft even studio light, subtle contact shadow under the part, realistic materials (black ABS plastic, painted plastic, aluminium, steel, rubber — whatever the real part is made of). New part, clean, no brand names, no logos, no packaging, no hands, no text, no watermark. Square 1:1.;Technical X-ray illustration, one image of a consistent series. Solid deep navy background #0E1726. A generic 50-150cc step-through city scooter (small wheels, floorboard, engine and CVT under the seat), strict side view, nose pointing right, centered, the whole scooter visible and filling about 80% of the width, no brand, no logos. The scooter is drawn as a semi-transparent X-ray / blueprint: thin light steel-blue outlines (#9FB4C8, about 40% opacity), inner parts faintly visible through the body. Only one part is solid and highlighted: brake light switch at the lever (ignition and engine sensors). Render it in brand green #6CAD2F with a soft green glow and a thin white edge, at its real position and real scale on the scooter. If the part is small (a bulb, a seal, a bolt, a sensor), keep it at its real place and add a soft glowing green ring around it so it is easy to spot. Everything else stays dim. No text, no labels, no arrows, no numbers, no watermark. Square 1:1.
side-stand-switch;Электрика;Зажигание и датчики;Датчик боковой подножки;side stand safety switch;ignition and engine sensors;petrol;"Yamaha Jog AY01; Honda Dio AF62/68";1100;1250;side-stand-switch.webp;side-stand-switch-where.webp;Studio product photo, one image of a consistent e-commerce series. A single scooter spare part: side stand safety switch. Isolated on a pure white seamless background #FFFFFF, centered, three-quarter view from the front-left and slightly above, the part fills about 70% of the frame, soft even studio light, subtle contact shadow under the part, realistic materials (black ABS plastic, painted plastic, aluminium, steel, rubber — whatever the real part is made of). New part, clean, no brand names, no logos, no packaging, no hands, no text, no watermark. Square 1:1.;Technical X-ray illustration, one image of a consistent series. Solid deep navy background #0E1726. A generic 50-150cc step-through city scooter (small wheels, floorboard, engine and CVT under the seat), strict side view, nose pointing right, centered, the whole scooter visible and filling about 80% of the width, no brand, no logos. The scooter is drawn as a semi-transparent X-ray / blueprint: thin light steel-blue outlines (#9FB4C8, about 40% opacity), inner parts faintly visible through the body. Only one part is solid and highlighted: side stand safety switch (ignition and engine sensors). Render it in brand green #6CAD2F with a soft green glow and a thin white edge, at its real position and real scale on the scooter. If the part is small (a bulb, a seal, a bolt, a sensor), keep it at its real place and add a soft glowing green ring around it so it is easy to spot. Everything else stays dim. No text, no labels, no arrows, no numbers, no watermark. Square 1:1.
stator;Электрика;Генератор и стартер;Статор генератора;generator stator coil;generator and starter on the engine;petrol;"Yamaha 4T (Jog, Vino, Gear); Honda 4T (Dio, Jog AY01); GY6 150 (Tank T150)";2450;4200;stator.webp;stator-where.webp;Studio product photo, one image of a consistent e-commerce series. A single scooter spare part: generator stator coil. Isolated on a pure white seamless background #FFFFFF, centered, three-quarter view from the front-left and slightly above, the part fills about 70% of the frame, soft even studio light, subtle contact shadow under the part, realistic materials (black ABS plastic, painted plastic, aluminium, steel, rubber — whatever the real part is made of). New part, clean, no brand names, no logos, no packaging, no hands, no text, no watermark. Square 1:1.;Technical X-ray illustration, one image of a consistent series. Solid deep navy background #0E1726. A generic 50-150cc step-through city scooter (small wheels, floorboard, engine and CVT under the seat), strict side view, nose pointing right, centered, the whole scooter visible and filling about 80% of the width, no brand, no logos. The scooter is drawn as a semi-transparent X-ray / blueprint: thin light steel-blue outlines (#9FB4C8, about 40% opacity), inner parts faintly visible through the body. Only one part is solid and highlighted: generator stator coil (generator and starter on the engine). Render it in brand green #6CAD2F with a soft green glow and a thin white edge, at its real position and real scale on the scooter. If the part is small (a bulb, a seal, a bolt, a sensor), keep it at its real place and add a soft glowing green ring around it so it is easy to spot. Everything else stays dim. No text, no labels, no arrows, no numbers, no watermark. Square 1:1.
rotor;Электрика;Генератор и стартер;Ротор генератора (маховик);flywheel rotor;generator and starter on the engine;petrol;"Yamaha 4T (Jog, Vino, Gear); Honda 4T (Dio, Jog AY01); GY6 150 (Tank T150)";2050;3650;rotor.webp;rotor-where.webp;Studio product photo, one image of a consistent e-commerce series. A single scooter spare part: flywheel rotor. Isolated on a pure white seamless background #FFFFFF, centered, three-quarter view from the front-left and slightly above, the part fills about 70% of the frame, soft even studio light, subtle contact shadow under the part, realistic materials (black ABS plastic, painted plastic, aluminium, steel, rubber — whatever the real part is made of). New part, clean, no brand names, no logos, no packaging, no hands, no text, no watermark. Square 1:1.;Technical X-ray illustration, one image of a consistent series. Solid deep navy background #0E1726. A generic 50-150cc step-through city scooter (small wheels, floorboard, engine and CVT under the seat), strict side view, nose pointing right, centered, the whole scooter visible and filling about 80% of the width, no brand, no logos. The scooter is drawn as a semi-transparent X-ray / blueprint: thin light steel-blue outlines (#9FB4C8, about 40% opacity), inner parts faintly visible through the body. Only one part is solid and highlighted: flywheel rotor (generator and starter on the engine). Render it in brand green #6CAD2F with a soft green glow and a thin white edge, at its real position and real scale on the scooter. If the part is small (a bulb, a seal, a bolt, a sensor), keep it at its real place and add a soft glowing green ring around it so it is easy to spot. Everything else stays dim. No text, no labels, no arrows, no numbers, no watermark. Square 1:1.
flywheel-key;Электрика;Генератор и стартер;Шпонка маховика;flywheel woodruff key;generator and starter on the engine;petrol;все модели;150;150;flywheel-key.webp;flywheel-key-where.webp;Studio product photo, one image of a consistent e-commerce series. A single scooter spare part: flywheel woodruff key. Isolated on a pure white seamless background #FFFFFF, centered, three-quarter view from the front-left and slightly above, the part fills about 70% of the frame, soft even studio light, subtle contact shadow under the part, realistic materials (black ABS plastic, painted plastic, aluminium, steel, rubber — whatever the real part is made of). New part, clean, no brand names, no logos, no packaging, no hands, no text, no watermark. Square 1:1.;Technical X-ray illustration, one image of a consistent series. Solid deep navy background #0E1726. A generic 50-150cc step-through city scooter (small wheels, floorboard, engine and CVT under the seat), strict side view, nose pointing right, centered, the whole scooter visible and filling about 80% of the width, no brand, no logos. The scooter is drawn as a semi-transparent X-ray / blueprint: thin light steel-blue outlines (#9FB4C8, about 40% opacity), inner parts faintly visible through the body. Only one part is solid and highlighted: flywheel woodruff key (generator and starter on the engine). Render it in brand green #6CAD2F with a soft green glow and a thin white edge, at its real position and real scale on the scooter. If the part is small (a bulb, a seal, a bolt, a sensor), keep it at its real place and add a soft glowing green ring around it so it is easy to spot. Everything else stays dim. No text, no labels, no arrows, no numbers, no watermark. Square 1:1.
flywheel-nut;Электрика;Генератор и стартер;Гайка маховика;flywheel nut;generator and starter on the engine;petrol;все модели;200;200;flywheel-nut.webp;flywheel-nut-where.webp;Studio product photo, one image of a consistent e-commerce series. A single scooter spare part: flywheel nut. Isolated on a pure white seamless background #FFFFFF, centered, three-quarter view from the front-left and slightly above, the part fills about 70% of the frame, soft even studio light, subtle contact shadow under the part, realistic materials (black ABS plastic, painted plastic, aluminium, steel, rubber — whatever the real part is made of). New part, clean, no brand names, no logos, no packaging, no hands, no text, no watermark. Square 1:1.;Technical X-ray illustration, one image of a consistent series. Solid deep navy background #0E1726. A generic 50-150cc step-through city scooter (small wheels, floorboard, engine and CVT under the seat), strict side view, nose pointing right, centered, the whole scooter visible and filling about 80% of the width, no brand, no logos. The scooter is drawn as a semi-transparent X-ray / blueprint: thin light steel-blue outlines (#9FB4C8, about 40% opacity), inner parts faintly visible through the body. Only one part is solid and highlighted: flywheel nut (generator and starter on the engine). Render it in brand green #6CAD2F with a soft green glow and a thin white edge, at its real position and real scale on the scooter. If the part is small (a bulb, a seal, a bolt, a sensor), keep it at its real place and add a soft glowing green ring around it so it is easy to spot. Everything else stays dim. No text, no labels, no arrows, no numbers, no watermark. Square 1:1.
starter-motor;Электрика;Генератор и стартер;Электростартер;electric starter motor;generator and starter on the engine;petrol;"Yamaha 4T (Jog, Vino, Gear); Honda 4T (Dio, Jog AY01); GY6 150 (Tank T150)";2200;3250;starter-motor.webp;starter-motor-where.webp;Studio product photo, one image of a consistent e-commerce series. A single scooter spare part: electric starter motor. Isolated on a pure white seamless background #FFFFFF, centered, three-quarter view from the front-left and slightly above, the part fills about 70% of the frame, soft even studio light, subtle contact shadow under the part, realistic materials (black ABS plastic, painted plastic, aluminium, steel, rubber — whatever the real part is made of). New part, clean, no brand names, no logos, no packaging, no hands, no text, no watermark. Square 1:1.;Technical X-ray illustration, one image of a consistent series. Solid deep navy background #0E1726. A generic 50-150cc step-through city scooter (small wheels, floorboard, engine and CVT under the seat), strict side view, nose pointing right, centered, the whole scooter visible and filling about 80% of the width, no brand, no logos. The scooter is drawn as a semi-transparent X-ray / blueprint: thin light steel-blue outlines (#9FB4C8, about 40% opacity), inner parts faintly visible through the body. Only one part is solid and highlighted: electric starter motor (generator and starter on the engine). Render it in brand green #6CAD2F with a soft green glow and a thin white edge, at its real position and real scale on the scooter. If the part is small (a bulb, a seal, a bolt, a sensor), keep it at its real place and add a soft glowing green ring around it so it is easy to spot. Everything else stays dim. No text, no labels, no arrows, no numbers, no watermark. Square 1:1.
starter-brushes;Электрика;Генератор и стартер;Щётки стартера;starter motor brushes;generator and starter on the engine;petrol;все модели;550;550;starter-brushes.webp;starter-brushes-where.webp;Studio product photo, one image of a consistent e-commerce series. A single scooter spare part: starter motor brushes. Isolated on a pure white seamless background #FFFFFF, centered, three-quarter view from the front-left and slightly above, the part fills about 70% of the frame, soft even studio light, subtle contact shadow under the part, realistic materials (black ABS plastic, painted plastic, aluminium, steel, rubber — whatever the real part is made of). New part, clean, no brand names, no logos, no packaging, no hands, no text, no watermark. Square 1:1.;Technical X-ray illustration, one image of a consistent series. Solid deep navy background #0E1726. A generic 50-150cc step-through city scooter (small wheels, floorboard, engine and CVT under the seat), strict side view, nose pointing right, centered, the whole scooter visible and filling about 80% of the width, no brand, no logos. The scooter is drawn as a semi-transparent X-ray / blueprint: thin light steel-blue outlines (#9FB4C8, about 40% opacity), inner parts faintly visible through the body. Only one part is solid and highlighted: starter motor brushes (generator and starter on the engine). Render it in brand green #6CAD2F with a soft green glow and a thin white edge, at its real position and real scale on the scooter. If the part is small (a bulb, a seal, a bolt, a sensor), keep it at its real place and add a soft glowing green ring around it so it is easy to spot. Everything else stays dim. No text, no labels, no arrows, no numbers, no watermark. Square 1:1.
starter-bendix;Электрика;Генератор и стартер;Бендикс стартера;starter drive (bendix);generator and starter on the engine;petrol;"Yamaha 4T (Jog, Vino, Gear); Honda 4T (Dio, Jog AY01); GY6 150 (Tank T150)";850;1250;starter-bendix.webp;starter-bendix-where.webp;Studio product photo, one image of a consistent e-commerce series. A single scooter spare part: starter drive (bendix). Isolated on a pure white seamless background #FFFFFF, centered, three-quarter view from the front-left and slightly above, the part fills about 70% of the frame, soft even studio light, subtle contact shadow under the part, realistic materials (black ABS plastic, painted plastic, aluminium, steel, rubber — whatever the real part is made of). New part, clean, no brand names, no logos, no packaging, no hands, no text, no watermark. Square 1:1.;Technical X-ray illustration, one image of a consistent series. Solid deep navy background #0E1726. A generic 50-150cc step-through city scooter (small wheels, floorboard, engine and CVT under the seat), strict side view, nose pointing right, centered, the whole scooter visible and filling about 80% of the width, no brand, no logos. The scooter is drawn as a semi-transparent X-ray / blueprint: thin light steel-blue outlines (#9FB4C8, about 40% opacity), inner parts faintly visible through the body. Only one part is solid and highlighted: starter drive (bendix) (generator and starter on the engine). Render it in brand green #6CAD2F with a soft green glow and a thin white edge, at its real position and real scale on the scooter. If the part is small (a bulb, a seal, a bolt, a sensor), keep it at its real place and add a soft glowing green ring around it so it is easy to spot. Everything else stays dim. No text, no labels, no arrows, no numbers, no watermark. Square 1:1.
starter-idle-gear;Электрика;Генератор и стартер;Шестерня стартера промежуточная;starter idle gear;generator and starter on the engine;petrol;все модели;700;700;starter-idle-gear.webp;starter-idle-gear-where.webp;Studio product photo, one image of a consistent e-commerce series. A single scooter spare part: starter idle gear. Isolated on a pure white seamless background #FFFFFF, centered, three-quarter view from the front-left and slightly above, the part fills about 70% of the frame, soft even studio light, subtle contact shadow under the part, realistic materials (black ABS plastic, painted plastic, aluminium, steel, rubber — whatever the real part is made of). New part, clean, no brand names, no logos, no packaging, no hands, no text, no watermark. Square 1:1.;Technical X-ray illustration, one image of a consistent series. Solid deep navy background #0E1726. A generic 50-150cc step-through city scooter (small wheels, floorboard, engine and CVT under the seat), strict side view, nose pointing right, centered, the whole scooter visible and filling about 80% of the width, no brand, no logos. The scooter is drawn as a semi-transparent X-ray / blueprint: thin light steel-blue outlines (#9FB4C8, about 40% opacity), inner parts faintly visible through the body. Only one part is solid and highlighted: starter idle gear (generator and starter on the engine). Render it in brand green #6CAD2F with a soft green glow and a thin white edge, at its real position and real scale on the scooter. If the part is small (a bulb, a seal, a bolt, a sensor), keep it at its real place and add a soft glowing green ring around it so it is easy to spot. Everything else stays dim. No text, no labels, no arrows, no numbers, no watermark. Square 1:1.
starter-clutch;Электрика;Генератор и стартер;Обгонная муфта стартера;starter one-way clutch;generator and starter on the engine;petrol;"Yamaha 4T (Jog, Vino, Gear); Honda 4T (Dio, Jog AY01); GY6 150 (Tank T150)";1350;2200;starter-clutch.webp;starter-clutch-where.webp;Studio product photo, one image of a consistent e-commerce series. A single scooter spare part: starter one-way clutch. Isolated on a pure white seamless background #FFFFFF, centered, three-quarter view from the front-left and slightly above, the part fills about 70% of the frame, soft even studio light, subtle contact shadow under the part, realistic materials (black ABS plastic, painted plastic, aluminium, steel, rubber — whatever the real part is made of). New part, clean, no brand names, no logos, no packaging, no hands, no text, no watermark. Square 1:1.;Technical X-ray illustration, one image of a consistent series. Solid deep navy background #0E1726. A generic 50-150cc step-through city scooter (small wheels, floorboard, engine and CVT under the seat), strict side view, nose pointing right, centered, the whole scooter visible and filling about 80% of the width, no brand, no logos. The scooter is drawn as a semi-transparent X-ray / blueprint: thin light steel-blue outlines (#9FB4C8, about 40% opacity), inner parts faintly visible through the body. Only one part is solid and highlighted: starter one-way clutch (generator and starter on the engine). Render it in brand green #6CAD2F with a soft green glow and a thin white edge, at its real position and real scale on the scooter. If the part is small (a bulb, a seal, a bolt, a sensor), keep it at its real place and add a soft glowing green ring around it so it is easy to spot. Everything else stays dim. No text, no labels, no arrows, no numbers, no watermark. Square 1:1.
piston-kit;Двигатель;Цилиндр и поршень;ЦПГ в сборе (цилиндр, поршень, кольца);cylinder kit with piston and rings;cylinder and piston inside the engine;petrol;"Yamaha 4T (Jog, Vino, Gear); Honda 4T (Dio, Jog AY01); GY6 150 (Tank T150)";5100;6250;piston-kit.webp;piston-kit-where.webp;Studio product photo, one image of a consistent e-commerce series. A single scooter spare part: cylinder kit with piston and rings. Isolated on a pure white seamless background #FFFFFF, centered, three-quarter view from the front-left and slightly above, the part fills about 70% of the frame, soft even studio light, subtle contact shadow under the part, realistic materials (black ABS plastic, painted plastic, aluminium, steel, rubber — whatever the real part is made of). New part, clean, no brand names, no logos, no packaging, no hands, no text, no watermark. Square 1:1.;Technical X-ray illustration, one image of a consistent series. Solid deep navy background #0E1726. A generic 50-150cc step-through city scooter (small wheels, floorboard, engine and CVT under the seat), strict side view, nose pointing right, centered, the whole scooter visible and filling about 80% of the width, no brand, no logos. The scooter is drawn as a semi-transparent X-ray / blueprint: thin light steel-blue outlines (#9FB4C8, about 40% opacity), inner parts faintly visible through the body. Only one part is solid and highlighted: cylinder kit with piston and rings (cylinder and piston inside the engine). Render it in brand green #6CAD2F with a soft green glow and a thin white edge, at its real position and real scale on the scooter. If the part is small (a bulb, a seal, a bolt, a sensor), keep it at its real place and add a soft glowing green ring around it so it is easy to spot. Everything else stays dim. No text, no labels, no arrows, no numbers, no watermark. Square 1:1.
cylinder;Двигатель;Цилиндр и поршень;Цилиндр;engine cylinder;cylinder and piston inside the engine;petrol;"Yamaha 4T (Jog, Vino, Gear); Honda 4T (Dio, Jog AY01); GY6 150 (Tank T150)";3000;3900;cylinder.webp;cylinder-where.webp;Studio product photo, one image of a consistent e-commerce series. A single scooter spare part: engine cylinder. Isolated on a pure white seamless background #FFFFFF, centered, three-quarter view from the front-left and slightly above, the part fills about 70% of the frame, soft even studio light, subtle contact shadow under the part, realistic materials (black ABS plastic, painted plastic, aluminium, steel, rubber — whatever the real part is made of). New part, clean, no brand names, no logos, no packaging, no hands, no text, no watermark. Square 1:1.;Technical X-ray illustration, one image of a consistent series. Solid deep navy background #0E1726. A generic 50-150cc step-through city scooter (small wheels, floorboard, engine and CVT under the seat), strict side view, nose pointing right, centered, the whole scooter visible and filling about 80% of the width, no brand, no logos. The scooter is drawn as a semi-transparent X-ray / blueprint: thin light steel-blue outlines (#9FB4C8, about 40% opacity), inner parts faintly visible through the body. Only one part is solid and highlighted: engine cylinder (cylinder and piston inside the engine). Render it in brand green #6CAD2F with a soft green glow and a thin white edge, at its real position and real scale on the scooter. If the part is small (a bulb, a seal, a bolt, a sensor), keep it at its real place and add a soft glowing green ring around it so it is easy to spot. Everything else stays dim. No text, no labels, no arrows, no numbers, no watermark. Square 1:1.
piston;Двигатель;Цилиндр и поршень;Поршень с кольцами и пальцем;piston with rings and pin;cylinder and piston inside the engine;petrol;"Yamaha 4T (Jog, Vino, Gear); Honda 4T (Dio, Jog AY01); GY6 150 (Tank T150)";1900;2700;piston.webp;piston-where.webp;Studio product photo, one image of a consistent e-commerce series. A single scooter spare part: piston with rings and pin. Isolated on a pure white seamless background #FFFFFF, centered, three-quarter view from the front-left and slightly above, the part fills about 70% of the frame, soft even studio light, subtle contact shadow under the part, realistic materials (black ABS plastic, painted plastic, aluminium, steel, rubber — whatever the real part is made of). New part, clean, no brand names, no logos, no packaging, no hands, no text, no watermark. Square 1:1.;Technical X-ray illustration, one image of a consistent series. Solid deep navy background #0E1726. A generic 50-150cc step-through city scooter (small wheels, floorboard, engine and CVT under the seat), strict side view, nose pointing right, centered, the whole scooter visible and filling about 80% of the width, no brand, no logos. The scooter is drawn as a semi-transparent X-ray / blueprint: thin light steel-blue outlines (#9FB4C8, about 40% opacity), inner parts faintly visible through the body. Only one part is solid and highlighted: piston with rings and pin (cylinder and piston inside the engine). Render it in brand green #6CAD2F with a soft green glow and a thin white edge, at its real position and real scale on the scooter. If the part is small (a bulb, a seal, a bolt, a sensor), keep it at its real place and add a soft glowing green ring around it so it is easy to spot. Everything else stays dim. No text, no labels, no arrows, no numbers, no watermark. Square 1:1.
piston-rings;Двигатель;Цилиндр и поршень;Кольца поршневые (комплект);set of piston rings;cylinder and piston inside the engine;petrol;"Yamaha 4T (Jog, Vino, Gear); Honda 4T (Dio, Jog AY01); GY6 150 (Tank T150)";700;950;piston-rings.webp;piston-rings-where.webp;Studio product photo, one image of a consistent e-commerce series. A single scooter spare part: set of piston rings. Isolated on a pure white seamless background #FFFFFF, centered, three-quarter view from the front-left and slightly above, the part fills about 70% of the frame, soft even studio light, subtle contact shadow under the part, realistic materials (black ABS plastic, painted plastic, aluminium, steel, rubber — whatever the real part is made of). New part, clean, no brand names, no logos, no packaging, no hands, no text, no watermark. Square 1:1.;Technical X-ray illustration, one image of a consistent series. Solid deep navy background #0E1726. A generic 50-150cc step-through city scooter (small wheels, floorboard, engine and CVT under the seat), strict side view, nose pointing right, centered, the whole scooter visible and filling about 80% of the width, no brand, no logos. The scooter is drawn as a semi-transparent X-ray / blueprint: thin light steel-blue outlines (#9FB4C8, about 40% opacity), inner parts faintly visible through the body. Only one part is solid and highlighted: set of piston rings (cylinder and piston inside the engine). Render it in brand green #6CAD2F with a soft green glow and a thin white edge, at its real position and real scale on the scooter. If the part is small (a bulb, a seal, a bolt, a sensor), keep it at its real place and add a soft glowing green ring around it so it is easy to spot. Everything else stays dim. No text, no labels, no arrows, no numbers, no watermark. Square 1:1.
piston-pin;Двигатель;Цилиндр и поршень;Палец поршня;piston pin;cylinder and piston inside the engine;petrol;"Yamaha 4T (Jog, Vino, Gear); Honda 4T (Dio, Jog AY01); GY6 150 (Tank T150)";300;300;piston-pin.webp;piston-pin-where.webp;Studio product photo, one image of a consistent e-commerce series. A single scooter spare part: piston pin. Isolated on a pure white seamless background #FFFFFF, centered, three-quarter view from the front-left and slightly above, the part fills about 70% of the frame, soft even studio light, subtle contact shadow under the part, realistic materials (black ABS plastic, painted plastic, aluminium, steel, rubber — whatever the real part is made of). New part, clean, no brand names, no logos, no packaging, no hands, no text, no watermark. Square 1:1.;Technical X-ray illustration, one image of a consistent series. Solid deep navy background #0E1726. A generic 50-150cc step-through city scooter (small wheels, floorboard, engine and CVT under the seat), strict side view, nose pointing right, centered, the whole scooter visible and filling about 80% of the width, no brand, no logos. The scooter is drawn as a semi-transparent X-ray / blueprint: thin light steel-blue outlines (#9FB4C8, about 40% opacity), inner parts faintly visible through the body. Only one part is solid and highlighted: piston pin (cylinder and piston inside the engine). Render it in brand green #6CAD2F with a soft green glow and a thin white edge, at its real position and real scale on the scooter. If the part is small (a bulb, a seal, a bolt, a sensor), keep it at its real place and add a soft glowing green ring around it so it is easy to spot. Everything else stays dim. No text, no labels, no arrows, no numbers, no watermark. Square 1:1.
pin-clips;Двигатель;Цилиндр и поршень;Стопорные кольца пальца (пара);piston pin circlips;cylinder and piston inside the engine;petrol;все модели;100;100;pin-clips.webp;pin-clips-where.webp;Studio product photo, one image of a consistent e-commerce series. A single scooter spare part: piston pin circlips. Isolated on a pure white seamless background #FFFFFF, centered, three-quarter view from the front-left and slightly above, the part fills about 70% of the frame, soft even studio light, subtle contact shadow under the part, realistic materials (black ABS plastic, painted plastic, aluminium, steel, rubber — whatever the real part is made of). New part, clean, no brand names, no logos, no packaging, no hands, no text, no watermark. Square 1:1.;Technical X-ray illustration, one image of a consistent series. Solid deep navy background #0E1726. A generic 50-150cc step-through city scooter (small wheels, floorboard, engine and CVT under the seat), strict side view, nose pointing right, centered, the whole scooter visible and filling about 80% of the width, no brand, no logos. The scooter is drawn as a semi-transparent X-ray / blueprint: thin light steel-blue outlines (#9FB4C8, about 40% opacity), inner parts faintly visible through the body. Only one part is solid and highlighted: piston pin circlips (cylinder and piston inside the engine). Render it in brand green #6CAD2F with a soft green glow and a thin white edge, at its real position and real scale on the scooter. If the part is small (a bulb, a seal, a bolt, a sensor), keep it at its real place and add a soft glowing green ring around it so it is easy to spot. Everything else stays dim. No text, no labels, no arrows, no numbers, no watermark. Square 1:1.
cylinder-gasket;Двигатель;Цилиндр и поршень;Прокладка под цилиндр;cylinder base gasket;cylinder and piston inside the engine;petrol;"Yamaha 4T (Jog, Vino, Gear); Honda 4T (Dio, Jog AY01); GY6 150 (Tank T150)";200;250;cylinder-gasket.webp;cylinder-gasket-where.webp;Studio product photo, one image of a consistent e-commerce series. A single scooter spare part: cylinder base gasket. Isolated on a pure white seamless background #FFFFFF, centered, three-quarter view from the front-left and slightly above, the part fills about 70% of the frame, soft even studio light, subtle contact shadow under the part, realistic materials (black ABS plastic, painted plastic, aluminium, steel, rubber — whatever the real part is made of). New part, clean, no brand names, no logos, no packaging, no hands, no text, no watermark. Square 1:1.;Technical X-ray illustration, one image of a consistent series. Solid deep navy background #0E1726. A generic 50-150cc step-through city scooter (small wheels, floorboard, engine and CVT under the seat), strict side view, nose pointing right, centered, the whole scooter visible and filling about 80% of the width, no brand, no logos. The scooter is drawn as a semi-transparent X-ray / blueprint: thin light steel-blue outlines (#9FB4C8, about 40% opacity), inner parts faintly visible through the body. Only one part is solid and highlighted: cylinder base gasket (cylinder and piston inside the engine). Render it in brand green #6CAD2F with a soft green glow and a thin white edge, at its real position and real scale on the scooter. If the part is small (a bulb, a seal, a bolt, a sensor), keep it at its real place and add a soft glowing green ring around it so it is easy to spot. Everything else stays dim. No text, no labels, no arrows, no numbers, no watermark. Square 1:1.
head-gasket;Двигатель;Цилиндр и поршень;Прокладка ГБЦ;cylinder head gasket;cylinder and piston inside the engine;petrol;"Yamaha 4T (Jog, Vino, Gear); Honda 4T (Dio, Jog AY01); GY6 150 (Tank T150)";300;300;head-gasket.webp;head-gasket-where.webp;Studio product photo, one image of a consistent e-commerce series. A single scooter spare part: cylinder head gasket. Isolated on a pure white seamless background #FFFFFF, centered, three-quarter view from the front-left and slightly above, the part fills about 70% of the frame, soft even studio light, subtle contact shadow under the part, realistic materials (black ABS plastic, painted plastic, aluminium, steel, rubber — whatever the real part is made of). New part, clean, no brand names, no logos, no packaging, no hands, no text, no watermark. Square 1:1.;Technical X-ray illustration, one image of a consistent series. Solid deep navy background #0E1726. A generic 50-150cc step-through city scooter (small wheels, floorboard, engine and CVT under the seat), strict side view, nose pointing right, centered, the whole scooter visible and filling about 80% of the width, no brand, no logos. The scooter is drawn as a semi-transparent X-ray / blueprint: thin light steel-blue outlines (#9FB4C8, about 40% opacity), inner parts faintly visible through the body. Only one part is solid and highlighted: cylinder head gasket (cylinder and piston inside the engine). Render it in brand green #6CAD2F with a soft green glow and a thin white edge, at its real position and real scale on the scooter. If the part is small (a bulb, a seal, a bolt, a sensor), keep it at its real place and add a soft glowing green ring around it so it is easy to spot. Everything else stays dim. No text, no labels, no arrows, no numbers, no watermark. Square 1:1.
cylinder-studs;Двигатель;Цилиндр и поршень;Шпильки цилиндра (комплект);cylinder studs set;cylinder and piston inside the engine;petrol;"Yamaha 4T (Jog, Vino, Gear); Honda 4T (Dio, Jog AY01); GY6 150 (Tank T150)";700;850;cylinder-studs.webp;cylinder-studs-where.webp;Studio product photo, one image of a consistent e-commerce series. A single scooter spare part: cylinder studs set. Isolated on a pure white seamless background #FFFFFF, centered, three-quarter view from the front-left and slightly above, the part fills about 70% of the frame, soft even studio light, subtle contact shadow under the part, realistic materials (black ABS plastic, painted plastic, aluminium, steel, rubber — whatever the real part is made of). New part, clean, no brand names, no logos, no packaging, no hands, no text, no watermark. Square 1:1.;Technical X-ray illustration, one image of a consistent series. Solid deep navy background #0E1726. A generic 50-150cc step-through city scooter (small wheels, floorboard, engine and CVT under the seat), strict side view, nose pointing right, centered, the whole scooter visible and filling about 80% of the width, no brand, no logos. The scooter is drawn as a semi-transparent X-ray / blueprint: thin light steel-blue outlines (#9FB4C8, about 40% opacity), inner parts faintly visible through the body. Only one part is solid and highlighted: cylinder studs set (cylinder and piston inside the engine). Render it in brand green #6CAD2F with a soft green glow and a thin white edge, at its real position and real scale on the scooter. If the part is small (a bulb, a seal, a bolt, a sensor), keep it at its real place and add a soft glowing green ring around it so it is easy to spot. Everything else stays dim. No text, no labels, no arrows, no numbers, no watermark. Square 1:1.
cylinder-nuts;Двигатель;Цилиндр и поршень;Гайки шпилек цилиндра с шайбами (комплект);cylinder head nuts and washers;cylinder and piston inside the engine;petrol;все модели;300;300;cylinder-nuts.webp;cylinder-nuts-where.webp;Studio product photo, one image of a consistent e-commerce series. A single scooter spare part: cylinder head nuts and washers. Isolated on a pure white seamless background #FFFFFF, centered, three-quarter view from the front-left and slightly above, the part fills about 70% of the frame, soft even studio light, subtle contact shadow under the part, realistic materials (black ABS plastic, painted plastic, aluminium, steel, rubber — whatever the real part is made of). New part, clean, no brand names, no logos, no packaging, no hands, no text, no watermark. Square 1:1.;Technical X-ray illustration, one image of a consistent series. Solid deep navy background #0E1726. A generic 50-150cc step-through city scooter (small wheels, floorboard, engine and CVT under the seat), strict side view, nose pointing right, centered, the whole scooter visible and filling about 80% of the width, no brand, no logos. The scooter is drawn as a semi-transparent X-ray / blueprint: thin light steel-blue outlines (#9FB4C8, about 40% opacity), inner parts faintly visible through the body. Only one part is solid and highlighted: cylinder head nuts and washers (cylinder and piston inside the engine). Render it in brand green #6CAD2F with a soft green glow and a thin white edge, at its real position and real scale on the scooter. If the part is small (a bulb, a seal, a bolt, a sensor), keep it at its real place and add a soft glowing green ring around it so it is easy to spot. Everything else stays dim. No text, no labels, no arrows, no numbers, no watermark. Square 1:1.
dowel-pins;Двигатель;Цилиндр и поршень;Центровочные втулки цилиндра (пара);cylinder dowel pins;cylinder and piston inside the engine;petrol;все модели;150;150;dowel-pins.webp;dowel-pins-where.webp;Studio product photo, one image of a consistent e-commerce series. A single scooter spare part: cylinder dowel pins. Isolated on a pure white seamless background #FFFFFF, centered, three-quarter view from the front-left and slightly above, the part fills about 70% of the frame, soft even studio light, subtle contact shadow under the part, realistic materials (black ABS plastic, painted plastic, aluminium, steel, rubber — whatever the real part is made of). New part, clean, no brand names, no logos, no packaging, no hands, no text, no watermark. Square 1:1.;Technical X-ray illustration, one image of a consistent series. Solid deep navy background #0E1726. A generic 50-150cc step-through city scooter (small wheels, floorboard, engine and CVT under the seat), strict side view, nose pointing right, centered, the whole scooter visible and filling about 80% of the width, no brand, no logos. The scooter is drawn as a semi-transparent X-ray / blueprint: thin light steel-blue outlines (#9FB4C8, about 40% opacity), inner parts faintly visible through the body. Only one part is solid and highlighted: cylinder dowel pins (cylinder and piston inside the engine). Render it in brand green #6CAD2F with a soft green glow and a thin white edge, at its real position and real scale on the scooter. If the part is small (a bulb, a seal, a bolt, a sensor), keep it at its real place and add a soft glowing green ring around it so it is easy to spot. Everything else stays dim. No text, no labels, no arrows, no numbers, no watermark. Square 1:1.
cylinder-head;Двигатель;Головка и ГРМ;Головка цилиндра в сборе;complete cylinder head;cylinder head and timing chain;petrol;"Yamaha 4T (Jog, Vino, Gear); Honda 4T (Dio, Jog AY01); GY6 150 (Tank T150)";4550;7150;cylinder-head.webp;cylinder-head-where.webp;Studio product photo, one image of a consistent e-commerce series. A single scooter spare part: complete cylinder head. Isolated on a pure white seamless background #FFFFFF, centered, three-quarter view from the front-left and slightly above, the part fills about 70% of the frame, soft even studio light, subtle contact shadow under the part, realistic materials (black ABS plastic, painted plastic, aluminium, steel, rubber — whatever the real part is made of). New part, clean, no brand names, no logos, no packaging, no hands, no text, no watermark. Square 1:1.;Technical X-ray illustration, one image of a consistent series. Solid deep navy background #0E1726. A generic 50-150cc step-through city scooter (small wheels, floorboard, engine and CVT under the seat), strict side view, nose pointing right, centered, the whole scooter visible and filling about 80% of the width, no brand, no logos. The scooter is drawn as a semi-transparent X-ray / blueprint: thin light steel-blue outlines (#9FB4C8, about 40% opacity), inner parts faintly visible through the body. Only one part is solid and highlighted: complete cylinder head (cylinder head and timing chain). Render it in brand green #6CAD2F with a soft green glow and a thin white edge, at its real position and real scale on the scooter. If the part is small (a bulb, a seal, a bolt, a sensor), keep it at its real place and add a soft glowing green ring around it so it is easy to spot. Everything else stays dim. No text, no labels, no arrows, no numbers, no watermark. Square 1:1.
valves;Двигатель;Головка и ГРМ;Клапаны (комплект);intake and exhaust valves;cylinder head and timing chain;petrol;"Yamaha 4T (Jog, Vino, Gear); Honda 4T (Dio, Jog AY01); GY6 150 (Tank T150)";900;1750;valves.webp;valves-where.webp;Studio product photo, one image of a consistent e-commerce series. A single scooter spare part: intake and exhaust valves. Isolated on a pure white seamless background #FFFFFF, centered, three-quarter view from the front-left and slightly above, the part fills about 70% of the frame, soft even studio light, subtle contact shadow under the part, realistic materials (black ABS plastic, painted plastic, aluminium, steel, rubber — whatever the real part is made of). New part, clean, no brand names, no logos, no packaging, no hands, no text, no watermark. Square 1:1.;Technical X-ray illustration, one image of a consistent series. Solid deep navy background #0E1726. A generic 50-150cc step-through city scooter (small wheels, floorboard, engine and CVT under the seat), strict side view, nose pointing right, centered, the whole scooter visible and filling about 80% of the width, no brand, no logos. The scooter is drawn as a semi-transparent X-ray / blueprint: thin light steel-blue outlines (#9FB4C8, about 40% opacity), inner parts faintly visible through the body. Only one part is solid and highlighted: intake and exhaust valves (cylinder head and timing chain). Render it in brand green #6CAD2F with a soft green glow and a thin white edge, at its real position and real scale on the scooter. If the part is small (a bulb, a seal, a bolt, a sensor), keep it at its real place and add a soft glowing green ring around it so it is easy to spot. Everything else stays dim. No text, no labels, no arrows, no numbers, no watermark. Square 1:1.
valve-springs;Двигатель;Головка и ГРМ;Пружины клапанов (комплект);valve springs set;cylinder head and timing chain;petrol;"Yamaha 4T (Jog, Vino, Gear); Honda 4T (Dio, Jog AY01); GY6 150 (Tank T150)";550;600;valve-springs.webp;valve-springs-where.webp;Studio product photo, one image of a consistent e-commerce series. A single scooter spare part: valve springs set. Isolated on a pure white seamless background #FFFFFF, centered, three-quarter view from the front-left and slightly above, the part fills about 70% of the frame, soft even studio light, subtle contact shadow under the part, realistic materials (black ABS plastic, painted plastic, aluminium, steel, rubber — whatever the real part is made of). New part, clean, no brand names, no logos, no packaging, no hands, no text, no watermark. Square 1:1.;Technical X-ray illustration, one image of a consistent series. Solid deep navy background #0E1726. A generic 50-150cc step-through city scooter (small wheels, floorboard, engine and CVT under the seat), strict side view, nose pointing right, centered, the whole scooter visible and filling about 80% of the width, no brand, no logos. The scooter is drawn as a semi-transparent X-ray / blueprint: thin light steel-blue outlines (#9FB4C8, about 40% opacity), inner parts faintly visible through the body. Only one part is solid and highlighted: valve springs set (cylinder head and timing chain). Render it in brand green #6CAD2F with a soft green glow and a thin white edge, at its real position and real scale on the scooter. If the part is small (a bulb, a seal, a bolt, a sensor), keep it at its real place and add a soft glowing green ring around it so it is easy to spot. Everything else stays dim. No text, no labels, no arrows, no numbers, no watermark. Square 1:1.
valve-keepers;Двигатель;Головка и ГРМ;Сухари клапанов (комплект);valve collet keepers;cylinder head and timing chain;petrol;все модели;150;150;valve-keepers.webp;valve-keepers-where.webp;Studio product photo, one image of a consistent e-commerce series. A single scooter spare part: valve collet keepers. Isolated on a pure white seamless background #FFFFFF, centered, three-quarter view from the front-left and slightly above, the part fills about 70% of the frame, soft even studio light, subtle contact shadow under the part, realistic materials (black ABS plastic, painted plastic, aluminium, steel, rubber — whatever the real part is made of). New part, clean, no brand names, no logos, no packaging, no hands, no text, no watermark. Square 1:1.;Technical X-ray illustration, one image of a consistent series. Solid deep navy background #0E1726. A generic 50-150cc step-through city scooter (small wheels, floorboard, engine and CVT under the seat), strict side view, nose pointing right, centered, the whole scooter visible and filling about 80% of the width, no brand, no logos. The scooter is drawn as a semi-transparent X-ray / blueprint: thin light steel-blue outlines (#9FB4C8, about 40% opacity), inner parts faintly visible through the body. Only one part is solid and highlighted: valve collet keepers (cylinder head and timing chain). Render it in brand green #6CAD2F with a soft green glow and a thin white edge, at its real position and real scale on the scooter. If the part is small (a bulb, a seal, a bolt, a sensor), keep it at its real place and add a soft glowing green ring around it so it is easy to spot. Everything else stays dim. No text, no labels, no arrows, no numbers, no watermark. Square 1:1.
valve-seals;Двигатель;Головка и ГРМ;Сальники клапанов (комплект);valve stem seals;cylinder head and timing chain;petrol;все модели;450;450;valve-seals.webp;valve-seals-where.webp;Studio product photo, one image of a consistent e-commerce series. A single scooter spare part: valve stem seals. Isolated on a pure white seamless background #FFFFFF, centered, three-quarter view from the front-left and slightly above, the part fills about 70% of the frame, soft even studio light, subtle contact shadow under the part, realistic materials (black ABS plastic, painted plastic, aluminium, steel, rubber — whatever the real part is made of). New part, clean, no brand names, no logos, no packaging, no hands, no text, no watermark. Square 1:1.;Technical X-ray illustration, one image of a consistent series. Solid deep navy background #0E1726. A generic 50-150cc step-through city scooter (small wheels, floorboard, engine and CVT under the seat), strict side view, nose pointing right, centered, the whole scooter visible and filling about 80% of the width, no brand, no logos. The scooter is drawn as a semi-transparent X-ray / blueprint: thin light steel-blue outlines (#9FB4C8, about 40% opacity), inner parts faintly visible through the body. Only one part is solid and highlighted: valve stem seals (cylinder head and timing chain). Render it in brand green #6CAD2F with a soft green glow and a thin white edge, at its real position and real scale on the scooter. If the part is small (a bulb, a seal, a bolt, a sensor), keep it at its real place and add a soft glowing green ring around it so it is easy to spot. Everything else stays dim. No text, no labels, no arrows, no numbers, no watermark. Square 1:1.
valve-guides;Двигатель;Головка и ГРМ;Направляющие клапанов (пара);valve guides;cylinder head and timing chain;petrol;все модели;700;700;valve-guides.webp;valve-guides-where.webp;Studio product photo, one image of a consistent e-commerce series. A single scooter spare part: valve guides. Isolated on a pure white seamless background #FFFFFF, centered, three-quarter view from the front-left and slightly above, the part fills about 70% of the frame, soft even studio light, subtle contact shadow under the part, realistic materials (black ABS plastic, painted plastic, aluminium, steel, rubber — whatever the real part is made of). New part, clean, no brand names, no logos, no packaging, no hands, no text, no watermark. Square 1:1.;Technical X-ray illustration, one image of a consistent series. Solid deep navy background #0E1726. A generic 50-150cc step-through city scooter (small wheels, floorboard, engine and CVT under the seat), strict side view, nose pointing right, centered, the whole scooter visible and filling about 80% of the width, no brand, no logos. The scooter is drawn as a semi-transparent X-ray / blueprint: thin light steel-blue outlines (#9FB4C8, about 40% opacity), inner parts faintly visible through the body. Only one part is solid and highlighted: valve guides (cylinder head and timing chain). Render it in brand green #6CAD2F with a soft green glow and a thin white edge, at its real position and real scale on the scooter. If the part is small (a bulb, a seal, a bolt, a sensor), keep it at its real place and add a soft glowing green ring around it so it is easy to spot. Everything else stays dim. No text, no labels, no arrows, no numbers, no watermark. Square 1:1.
camshaft;Двигатель;Головка и ГРМ;Распредвал;camshaft;cylinder head and timing chain;petrol;"Yamaha 4T (Jog, Vino, Gear); Honda 4T (Dio, Jog AY01); GY6 150 (Tank T150)";1650;2200;camshaft.webp;camshaft-where.webp;Studio product photo, one image of a consistent e-commerce series. A single scooter spare part: camshaft. Isolated on a pure white seamless background #FFFFFF, centered, three-quarter view from the front-left and slightly above, the part fills about 70% of the frame, soft even studio light, subtle contact shadow under the part, realistic materials (black ABS plastic, painted plastic, aluminium, steel, rubber — whatever the real part is made of). New part, clean, no brand names, no logos, no packaging, no hands, no text, no watermark. Square 1:1.;Technical X-ray illustration, one image of a consistent series. Solid deep navy background #0E1726. A generic 50-150cc step-through city scooter (small wheels, floorboard, engine and CVT under the seat), strict side view, nose pointing right, centered, the whole scooter visible and filling about 80% of the width, no brand, no logos. The scooter is drawn as a semi-transparent X-ray / blueprint: thin light steel-blue outlines (#9FB4C8, about 40% opacity), inner parts faintly visible through the body. Only one part is solid and highlighted: camshaft (cylinder head and timing chain). Render it in brand green #6CAD2F with a soft green glow and a thin white edge, at its real position and real scale on the scooter. If the part is small (a bulb, a seal, a bolt, a sensor), keep it at its real place and add a soft glowing green ring around it so it is easy to spot. Everything else stays dim. No text, no labels, no arrows, no numbers, no watermark. Square 1:1.
rocker-arms;Двигатель;Головка и ГРМ;Коромысла клапанов (пара);valve rocker arms;cylinder head and timing chain;petrol;"Yamaha 4T (Jog, Vino, Gear); Honda 4T (Dio, Jog AY01); GY6 150 (Tank T150)";850;1250;rocker-arms.webp;rocker-arms-where.webp;Studio product photo, one image of a consistent e-commerce series. A single scooter spare part: valve rocker arms. Isolated on a pure white seamless background #FFFFFF, centered, three-quarter view from the front-left and slightly above, the part fills about 70% of the frame, soft even studio light, subtle contact shadow under the part, realistic materials (black ABS plastic, painted plastic, aluminium, steel, rubber — whatever the real part is made of). New part, clean, no brand names, no logos, no packaging, no hands, no text, no watermark. Square 1:1.;Technical X-ray illustration, one image of a consistent series. Solid deep navy background #0E1726. A generic 50-150cc step-through city scooter (small wheels, floorboard, engine and CVT under the seat), strict side view, nose pointing right, centered, the whole scooter visible and filling about 80% of the width, no brand, no logos. The scooter is drawn as a semi-transparent X-ray / blueprint: thin light steel-blue outlines (#9FB4C8, about 40% opacity), inner parts faintly visible through the body. Only one part is solid and highlighted: valve rocker arms (cylinder head and timing chain). Render it in brand green #6CAD2F with a soft green glow and a thin white edge, at its real position and real scale on the scooter. If the part is small (a bulb, a seal, a bolt, a sensor), keep it at its real place and add a soft glowing green ring around it so it is easy to spot. Everything else stays dim. No text, no labels, no arrows, no numbers, no watermark. Square 1:1.
rocker-shafts;Двигатель;Головка и ГРМ;Оси коромысел (пара);rocker arm shafts;cylinder head and timing chain;petrol;все модели;600;600;rocker-shafts.webp;rocker-shafts-where.webp;Studio product photo, one image of a consistent e-commerce series. A single scooter spare part: rocker arm shafts. Isolated on a pure white seamless background #FFFFFF, centered, three-quarter view from the front-left and slightly above, the part fills about 70% of the frame, soft even studio light, subtle contact shadow under the part, realistic materials (black ABS plastic, painted plastic, aluminium, steel, rubber — whatever the real part is made of). New part, clean, no brand names, no logos, no packaging, no hands, no text, no watermark. Square 1:1.;Technical X-ray illustration, one image of a consistent series. Solid deep navy background #0E1726. A generic 50-150cc step-through city scooter (small wheels, floorboard, engine and CVT under the seat), strict side view, nose pointing right, centered, the whole scooter visible and filling about 80% of the width, no brand, no logos. The scooter is drawn as a semi-transparent X-ray / blueprint: thin light steel-blue outlines (#9FB4C8, about 40% opacity), inner parts faintly visible through the body. Only one part is solid and highlighted: rocker arm shafts (cylinder head and timing chain). Render it in brand green #6CAD2F with a soft green glow and a thin white edge, at its real position and real scale on the scooter. If the part is small (a bulb, a seal, a bolt, a sensor), keep it at its real place and add a soft glowing green ring around it so it is easy to spot. Everything else stays dim. No text, no labels, no arrows, no numbers, no watermark. Square 1:1.
valve-adjusters;Двигатель;Головка и ГРМ;Регулировочные винты клапанов с гайками (пара);valve adjusting screws with nuts;cylinder head and timing chain;petrol;все модели;300;300;valve-adjusters.webp;valve-adjusters-where.webp;Studio product photo, one image of a consistent e-commerce series. A single scooter spare part: valve adjusting screws with nuts. Isolated on a pure white seamless background #FFFFFF, centered, three-quarter view from the front-left and slightly above, the part fills about 70% of the frame, soft even studio light, subtle contact shadow under the part, realistic materials (black ABS plastic, painted plastic, aluminium, steel, rubber — whatever the real part is made of). New part, clean, no brand names, no logos, no packaging, no hands, no text, no watermark. Square 1:1.;Technical X-ray illustration, one image of a consistent series. Solid deep navy background #0E1726. A generic 50-150cc step-through city scooter (small wheels, floorboard, engine and CVT under the seat), strict side view, nose pointing right, centered, the whole scooter visible and filling about 80% of the width, no brand, no logos. The scooter is drawn as a semi-transparent X-ray / blueprint: thin light steel-blue outlines (#9FB4C8, about 40% opacity), inner parts faintly visible through the body. Only one part is solid and highlighted: valve adjusting screws with nuts (cylinder head and timing chain). Render it in brand green #6CAD2F with a soft green glow and a thin white edge, at its real position and real scale on the scooter. If the part is small (a bulb, a seal, a bolt, a sensor), keep it at its real place and add a soft glowing green ring around it so it is easy to spot. Everything else stays dim. No text, no labels, no arrows, no numbers, no watermark. Square 1:1.
cam-sprocket;Двигатель;Головка и ГРМ;Звезда распредвала;camshaft sprocket;cylinder head and timing chain;petrol;"Yamaha 4T (Jog, Vino, Gear); Honda 4T (Dio, Jog AY01); GY6 150 (Tank T150)";600;700;cam-sprocket.webp;cam-sprocket-where.webp;Studio product photo, one image of a consistent e-commerce series. A single scooter spare part: camshaft sprocket. Isolated on a pure white seamless background #FFFFFF, centered, three-quarter view from the front-left and slightly above, the part fills about 70% of the frame, soft even studio light, subtle contact shadow under the part, realistic materials (black ABS plastic, painted plastic, aluminium, steel, rubber — whatever the real part is made of). New part, clean, no brand names, no logos, no packaging, no hands, no text, no watermark. Square 1:1.;Technical X-ray illustration, one image of a consistent series. Solid deep navy background #0E1726. A generic 50-150cc step-through city scooter (small wheels, floorboard, engine and CVT under the seat), strict side view, nose pointing right, centered, the whole scooter visible and filling about 80% of the width, no brand, no logos. The scooter is drawn as a semi-transparent X-ray / blueprint: thin light steel-blue outlines (#9FB4C8, about 40% opacity), inner parts faintly visible through the body. Only one part is solid and highlighted: camshaft sprocket (cylinder head and timing chain). Render it in brand green #6CAD2F with a soft green glow and a thin white edge, at its real position and real scale on the scooter. If the part is small (a bulb, a seal, a bolt, a sensor), keep it at its real place and add a soft glowing green ring around it so it is easy to spot. Everything else stays dim. No text, no labels, no arrows, no numbers, no watermark. Square 1:1.
cam-chain;Двигатель;Головка и ГРМ;Цепь ГРМ;timing chain;cylinder head and timing chain;petrol;"Yamaha 4T (Jog, Vino, Gear); Honda 4T (Dio, Jog AY01); GY6 150 (Tank T150)";950;1250;cam-chain.webp;cam-chain-where.webp;Studio product photo, one image of a consistent e-commerce series. A single scooter spare part: timing chain. Isolated on a pure white seamless background #FFFFFF, centered, three-quarter view from the front-left and slightly above, the part fills about 70% of the frame, soft even studio light, subtle contact shadow under the part, realistic materials (black ABS plastic, painted plastic, aluminium, steel, rubber — whatever the real part is made of). New part, clean, no brand names, no logos, no packaging, no hands, no text, no watermark. Square 1:1.;Technical X-ray illustration, one image of a consistent series. Solid deep navy background #0E1726. A generic 50-150cc step-through city scooter (small wheels, floorboard, engine and CVT under the seat), strict side view, nose pointing right, centered, the whole scooter visible and filling about 80% of the width, no brand, no logos. The scooter is drawn as a semi-transparent X-ray / blueprint: thin light steel-blue outlines (#9FB4C8, about 40% opacity), inner parts faintly visible through the body. Only one part is solid and highlighted: timing chain (cylinder head and timing chain). Render it in brand green #6CAD2F with a soft green glow and a thin white edge, at its real position and real scale on the scooter. If the part is small (a bulb, a seal, a bolt, a sensor), keep it at its real place and add a soft glowing green ring around it so it is easy to spot. Everything else stays dim. No text, no labels, no arrows, no numbers, no watermark. Square 1:1.
chain-tensioner;Двигатель;Головка и ГРМ;Натяжитель цепи ГРМ;timing chain tensioner;cylinder head and timing chain;petrol;"Yamaha 4T (Jog, Vino, Gear); Honda 4T (Dio, Jog AY01); GY6 150 (Tank T150)";850;1250;chain-tensioner.webp;chain-tensioner-where.webp;Studio product photo, one image of a consistent e-commerce series. A single scooter spare part: timing chain tensioner. Isolated on a pure white seamless background #FFFFFF, centered, three-quarter view from the front-left and slightly above, the part fills about 70% of the frame, soft even studio light, subtle contact shadow under the part, realistic materials (black ABS plastic, painted plastic, aluminium, steel, rubber — whatever the real part is made of). New part, clean, no brand names, no logos, no packaging, no hands, no text, no watermark. Square 1:1.;Technical X-ray illustration, one image of a consistent series. Solid deep navy background #0E1726. A generic 50-150cc step-through city scooter (small wheels, floorboard, engine and CVT under the seat), strict side view, nose pointing right, centered, the whole scooter visible and filling about 80% of the width, no brand, no logos. The scooter is drawn as a semi-transparent X-ray / blueprint: thin light steel-blue outlines (#9FB4C8, about 40% opacity), inner parts faintly visible through the body. Only one part is solid and highlighted: timing chain tensioner (cylinder head and timing chain). Render it in brand green #6CAD2F with a soft green glow and a thin white edge, at its real position and real scale on the scooter. If the part is small (a bulb, a seal, a bolt, a sensor), keep it at its real place and add a soft glowing green ring around it so it is easy to spot. Everything else stays dim. No text, no labels, no arrows, no numbers, no watermark. Square 1:1.
tensioner-gasket;Двигатель;Головка и ГРМ;Прокладка натяжителя;tensioner gasket;cylinder head and timing chain;petrol;все модели;100;100;tensioner-gasket.webp;tensioner-gasket-where.webp;Studio product photo, one image of a consistent e-commerce series. A single scooter spare part: tensioner gasket. Isolated on a pure white seamless background #FFFFFF, centered, three-quarter view from the front-left and slightly above, the part fills about 70% of the frame, soft even studio light, subtle contact shadow under the part, realistic materials (black ABS plastic, painted plastic, aluminium, steel, rubber — whatever the real part is made of). New part, clean, no brand names, no logos, no packaging, no hands, no text, no watermark. Square 1:1.;Technical X-ray illustration, one image of a consistent series. Solid deep navy background #0E1726. A generic 50-150cc step-through city scooter (small wheels, floorboard, engine and CVT under the seat), strict side view, nose pointing right, centered, the whole scooter visible and filling about 80% of the width, no brand, no logos. The scooter is drawn as a semi-transparent X-ray / blueprint: thin light steel-blue outlines (#9FB4C8, about 40% opacity), inner parts faintly visible through the body. Only one part is solid and highlighted: tensioner gasket (cylinder head and timing chain). Render it in brand green #6CAD2F with a soft green glow and a thin white edge, at its real position and real scale on the scooter. If the part is small (a bulb, a seal, a bolt, a sensor), keep it at its real place and add a soft glowing green ring around it so it is easy to spot. Everything else stays dim. No text, no labels, no arrows, no numbers, no watermark. Square 1:1.
chain-guide;Двигатель;Головка и ГРМ;Успокоитель цепи ГРМ;timing chain guide;cylinder head and timing chain;petrol;все модели;700;700;chain-guide.webp;chain-guide-where.webp;Studio product photo, one image of a consistent e-commerce series. A single scooter spare part: timing chain guide. Isolated on a pure white seamless background #FFFFFF, centered, three-quarter view from the front-left and slightly above, the part fills about 70% of the frame, soft even studio light, subtle contact shadow under the part, realistic materials (black ABS plastic, painted plastic, aluminium, steel, rubber — whatever the real part is made of). New part, clean, no brand names, no logos, no packaging, no hands, no text, no watermark. Square 1:1.;Technical X-ray illustration, one image of a consistent series. Solid deep navy background #0E1726. A generic 50-150cc step-through city scooter (small wheels, floorboard, engine and CVT under the seat), strict side view, nose pointing right, centered, the whole scooter visible and filling about 80% of the width, no brand, no logos. The scooter is drawn as a semi-transparent X-ray / blueprint: thin light steel-blue outlines (#9FB4C8, about 40% opacity), inner parts faintly visible through the body. Only one part is solid and highlighted: timing chain guide (cylinder head and timing chain). Render it in brand green #6CAD2F with a soft green glow and a thin white edge, at its real position and real scale on the scooter. If the part is small (a bulb, a seal, a bolt, a sensor), keep it at its real place and add a soft glowing green ring around it so it is easy to spot. Everything else stays dim. No text, no labels, no arrows, no numbers, no watermark. Square 1:1.
tensioner-blade;Двигатель;Головка и ГРМ;Башмак натяжителя цепи ГРМ;timing chain tensioner blade;cylinder head and timing chain;petrol;все модели;700;700;tensioner-blade.webp;tensioner-blade-where.webp;Studio product photo, one image of a consistent e-commerce series. A single scooter spare part: timing chain tensioner blade. Isolated on a pure white seamless background #FFFFFF, centered, three-quarter view from the front-left and slightly above, the part fills about 70% of the frame, soft even studio light, subtle contact shadow under the part, realistic materials (black ABS plastic, painted plastic, aluminium, steel, rubber — whatever the real part is made of). New part, clean, no brand names, no logos, no packaging, no hands, no text, no watermark. Square 1:1.;Technical X-ray illustration, one image of a consistent series. Solid deep navy background #0E1726. A generic 50-150cc step-through city scooter (small wheels, floorboard, engine and CVT under the seat), strict side view, nose pointing right, centered, the whole scooter visible and filling about 80% of the width, no brand, no logos. The scooter is drawn as a semi-transparent X-ray / blueprint: thin light steel-blue outlines (#9FB4C8, about 40% opacity), inner parts faintly visible through the body. Only one part is solid and highlighted: timing chain tensioner blade (cylinder head and timing chain). Render it in brand green #6CAD2F with a soft green glow and a thin white edge, at its real position and real scale on the scooter. If the part is small (a bulb, a seal, a bolt, a sensor), keep it at its real place and add a soft glowing green ring around it so it is easy to spot. Everything else stays dim. No text, no labels, no arrows, no numbers, no watermark. Square 1:1.
valve-cover;Двигатель;Головка и ГРМ;Крышка клапанов;valve cover;cylinder head and timing chain;petrol;"Yamaha 4T (Jog, Vino, Gear); Honda 4T (Dio, Jog AY01); GY6 150 (Tank T150)";850;1250;valve-cover.webp;valve-cover-where.webp;Studio product photo, one image of a consistent e-commerce series. A single scooter spare part: valve cover. Isolated on a pure white seamless background #FFFFFF, centered, three-quarter view from the front-left and slightly above, the part fills about 70% of the frame, soft even studio light, subtle contact shadow under the part, realistic materials (black ABS plastic, painted plastic, aluminium, steel, rubber — whatever the real part is made of). New part, clean, no brand names, no logos, no packaging, no hands, no text, no watermark. Square 1:1.;Technical X-ray illustration, one image of a consistent series. Solid deep navy background #0E1726. A generic 50-150cc step-through city scooter (small wheels, floorboard, engine and CVT under the seat), strict side view, nose pointing right, centered, the whole scooter visible and filling about 80% of the width, no brand, no logos. The scooter is drawn as a semi-transparent X-ray / blueprint: thin light steel-blue outlines (#9FB4C8, about 40% opacity), inner parts faintly visible through the body. Only one part is solid and highlighted: valve cover (cylinder head and timing chain). Render it in brand green #6CAD2F with a soft green glow and a thin white edge, at its real position and real scale on the scooter. If the part is small (a bulb, a seal, a bolt, a sensor), keep it at its real place and add a soft glowing green ring around it so it is easy to spot. Everything else stays dim. No text, no labels, no arrows, no numbers, no watermark. Square 1:1.
valve-cover-gasket;Двигатель;Головка и ГРМ;Прокладка клапанной крышки;valve cover gasket;cylinder head and timing chain;petrol;все модели;400;400;valve-cover-gasket.webp;valve-cover-gasket-where.webp;Studio product photo, one image of a consistent e-commerce series. A single scooter spare part: valve cover gasket. Isolated on a pure white seamless background #FFFFFF, centered, three-quarter view from the front-left and slightly above, the part fills about 70% of the frame, soft even studio light, subtle contact shadow under the part, realistic materials (black ABS plastic, painted plastic, aluminium, steel, rubber — whatever the real part is made of). New part, clean, no brand names, no logos, no packaging, no hands, no text, no watermark. Square 1:1.;Technical X-ray illustration, one image of a consistent series. Solid deep navy background #0E1726. A generic 50-150cc step-through city scooter (small wheels, floorboard, engine and CVT under the seat), strict side view, nose pointing right, centered, the whole scooter visible and filling about 80% of the width, no brand, no logos. The scooter is drawn as a semi-transparent X-ray / blueprint: thin light steel-blue outlines (#9FB4C8, about 40% opacity), inner parts faintly visible through the body. Only one part is solid and highlighted: valve cover gasket (cylinder head and timing chain). Render it in brand green #6CAD2F with a soft green glow and a thin white edge, at its real position and real scale on the scooter. If the part is small (a bulb, a seal, a bolt, a sensor), keep it at its real place and add a soft glowing green ring around it so it is easy to spot. Everything else stays dim. No text, no labels, no arrows, no numbers, no watermark. Square 1:1.
tappet-caps;Двигатель;Головка и ГРМ;Крышки регулировочных окон с кольцами (пара);valve adjustment caps with o-rings;cylinder head and timing chain;petrol;GY6 150 (Tank T150);400;400;tappet-caps.webp;tappet-caps-where.webp;Studio product photo, one image of a consistent e-commerce series. A single scooter spare part: valve adjustment caps with o-rings. Isolated on a pure white seamless background #FFFFFF, centered, three-quarter view from the front-left and slightly above, the part fills about 70% of the frame, soft even studio light, subtle contact shadow under the part, realistic materials (black ABS plastic, painted plastic, aluminium, steel, rubber — whatever the real part is made of). New part, clean, no brand names, no logos, no packaging, no hands, no text, no watermark. Square 1:1.;Technical X-ray illustration, one image of a consistent series. Solid deep navy background #0E1726. A generic 50-150cc step-through city scooter (small wheels, floorboard, engine and CVT under the seat), strict side view, nose pointing right, centered, the whole scooter visible and filling about 80% of the width, no brand, no logos. The scooter is drawn as a semi-transparent X-ray / blueprint: thin light steel-blue outlines (#9FB4C8, about 40% opacity), inner parts faintly visible through the body. Only one part is solid and highlighted: valve adjustment caps with o-rings (cylinder head and timing chain). Render it in brand green #6CAD2F with a soft green glow and a thin white edge, at its real position and real scale on the scooter. If the part is small (a bulb, a seal, a bolt, a sensor), keep it at its real place and add a soft glowing green ring around it so it is easy to spot. Everything else stays dim. No text, no labels, no arrows, no numbers, no watermark. Square 1:1.
crankshaft;Двигатель;Картер и коленвал;Коленвал;crankshaft with connecting rod;crankcase and crankshaft;petrol;"Yamaha 4T (Jog, Vino, Gear); Honda 4T (Dio, Jog AY01); GY6 150 (Tank T150)";5850;8450;crankshaft.webp;crankshaft-where.webp;Studio product photo, one image of a consistent e-commerce series. A single scooter spare part: crankshaft with connecting rod. Isolated on a pure white seamless background #FFFFFF, centered, three-quarter view from the front-left and slightly above, the part fills about 70% of the frame, soft even studio light, subtle contact shadow under the part, realistic materials (black ABS plastic, painted plastic, aluminium, steel, rubber — whatever the real part is made of). New part, clean, no brand names, no logos, no packaging, no hands, no text, no watermark. Square 1:1.;Technical X-ray illustration, one image of a consistent series. Solid deep navy background #0E1726. A generic 50-150cc step-through city scooter (small wheels, floorboard, engine and CVT under the seat), strict side view, nose pointing right, centered, the whole scooter visible and filling about 80% of the width, no brand, no logos. The scooter is drawn as a semi-transparent X-ray / blueprint: thin light steel-blue outlines (#9FB4C8, about 40% opacity), inner parts faintly visible through the body. Only one part is solid and highlighted: crankshaft with connecting rod (crankcase and crankshaft). Render it in brand green #6CAD2F with a soft green glow and a thin white edge, at its real position and real scale on the scooter. If the part is small (a bulb, a seal, a bolt, a sensor), keep it at its real place and add a soft glowing green ring around it so it is easy to spot. Everything else stays dim. No text, no labels, no arrows, no numbers, no watermark. Square 1:1.
crank-bearings;Двигатель;Картер и коленвал;Подшипники коленвала (пара);crankshaft main bearings;crankcase and crankshaft;petrol;"Yamaha 4T (Jog, Vino, Gear); Honda 4T (Dio, Jog AY01); GY6 150 (Tank T150)";1100;1250;crank-bearings.webp;crank-bearings-where.webp;Studio product photo, one image of a consistent e-commerce series. A single scooter spare part: crankshaft main bearings. Isolated on a pure white seamless background #FFFFFF, centered, three-quarter view from the front-left and slightly above, the part fills about 70% of the frame, soft even studio light, subtle contact shadow under the part, realistic materials (black ABS plastic, painted plastic, aluminium, steel, rubber — whatever the real part is made of). New part, clean, no brand names, no logos, no packaging, no hands, no text, no watermark. Square 1:1.;Technical X-ray illustration, one image of a consistent series. Solid deep navy background #0E1726. A generic 50-150cc step-through city scooter (small wheels, floorboard, engine and CVT under the seat), strict side view, nose pointing right, centered, the whole scooter visible and filling about 80% of the width, no brand, no logos. The scooter is drawn as a semi-transparent X-ray / blueprint: thin light steel-blue outlines (#9FB4C8, about 40% opacity), inner parts faintly visible through the body. Only one part is solid and highlighted: crankshaft main bearings (crankcase and crankshaft). Render it in brand green #6CAD2F with a soft green glow and a thin white edge, at its real position and real scale on the scooter. If the part is small (a bulb, a seal, a bolt, a sensor), keep it at its real place and add a soft glowing green ring around it so it is easy to spot. Everything else stays dim. No text, no labels, no arrows, no numbers, no watermark. Square 1:1.
crank-seals;Двигатель;Картер и коленвал;Сальники коленвала (пара);crankshaft oil seals;crankcase and crankshaft;petrol;"Yamaha 4T, Honda 4T; GY6 150 (Tank T150)";300;400;crank-seals.webp;crank-seals-where.webp;Studio product photo, one image of a consistent e-commerce series. A single scooter spare part: crankshaft oil seals. Isolated on a pure white seamless background #FFFFFF, centered, three-quarter view from the front-left and slightly above, the part fills about 70% of the frame, soft even studio light, subtle contact shadow under the part, realistic materials (black ABS plastic, painted plastic, aluminium, steel, rubber — whatever the real part is made of). New part, clean, no brand names, no logos, no packaging, no hands, no text, no watermark. Square 1:1.;Technical X-ray illustration, one image of a consistent series. Solid deep navy background #0E1726. A generic 50-150cc step-through city scooter (small wheels, floorboard, engine and CVT under the seat), strict side view, nose pointing right, centered, the whole scooter visible and filling about 80% of the width, no brand, no logos. The scooter is drawn as a semi-transparent X-ray / blueprint: thin light steel-blue outlines (#9FB4C8, about 40% opacity), inner parts faintly visible through the body. Only one part is solid and highlighted: crankshaft oil seals (crankcase and crankshaft). Render it in brand green #6CAD2F with a soft green glow and a thin white edge, at its real position and real scale on the scooter. If the part is small (a bulb, a seal, a bolt, a sensor), keep it at its real place and add a soft glowing green ring around it so it is easy to spot. Everything else stays dim. No text, no labels, no arrows, no numbers, no watermark. Square 1:1.
crankcase;Двигатель;Картер и коленвал;Картер (половинка);engine crankcase half;crankcase and crankshaft;petrol;"Yamaha 4T (Jog, Vino, Gear); Honda 4T (Dio, Jog AY01); GY6 150 (Tank T150)";4550;7800;crankcase.webp;crankcase-where.webp;Studio product photo, one image of a consistent e-commerce series. A single scooter spare part: engine crankcase half. Isolated on a pure white seamless background #FFFFFF, centered, three-quarter view from the front-left and slightly above, the part fills about 70% of the frame, soft even studio light, subtle contact shadow under the part, realistic materials (black ABS plastic, painted plastic, aluminium, steel, rubber — whatever the real part is made of). New part, clean, no brand names, no logos, no packaging, no hands, no text, no watermark. Square 1:1.;Technical X-ray illustration, one image of a consistent series. Solid deep navy background #0E1726. A generic 50-150cc step-through city scooter (small wheels, floorboard, engine and CVT under the seat), strict side view, nose pointing right, centered, the whole scooter visible and filling about 80% of the width, no brand, no logos. The scooter is drawn as a semi-transparent X-ray / blueprint: thin light steel-blue outlines (#9FB4C8, about 40% opacity), inner parts faintly visible through the body. Only one part is solid and highlighted: engine crankcase half (crankcase and crankshaft). Render it in brand green #6CAD2F with a soft green glow and a thin white edge, at its real position and real scale on the scooter. If the part is small (a bulb, a seal, a bolt, a sensor), keep it at its real place and add a soft glowing green ring around it so it is easy to spot. Everything else stays dim. No text, no labels, no arrows, no numbers, no watermark. Square 1:1.
crankcase-gasket;Двигатель;Картер и коленвал;Прокладка картера;crankcase gasket;crankcase and crankshaft;petrol;"Yamaha 4T (Jog, Vino, Gear); Honda 4T (Dio, Jog AY01); GY6 150 (Tank T150)";200;250;crankcase-gasket.webp;crankcase-gasket-where.webp;Studio product photo, one image of a consistent e-commerce series. A single scooter spare part: crankcase gasket. Isolated on a pure white seamless background #FFFFFF, centered, three-quarter view from the front-left and slightly above, the part fills about 70% of the frame, soft even studio light, subtle contact shadow under the part, realistic materials (black ABS plastic, painted plastic, aluminium, steel, rubber — whatever the real part is made of). New part, clean, no brand names, no logos, no packaging, no hands, no text, no watermark. Square 1:1.;Technical X-ray illustration, one image of a consistent series. Solid deep navy background #0E1726. A generic 50-150cc step-through city scooter (small wheels, floorboard, engine and CVT under the seat), strict side view, nose pointing right, centered, the whole scooter visible and filling about 80% of the width, no brand, no logos. The scooter is drawn as a semi-transparent X-ray / blueprint: thin light steel-blue outlines (#9FB4C8, about 40% opacity), inner parts faintly visible through the body. Only one part is solid and highlighted: crankcase gasket (crankcase and crankshaft). Render it in brand green #6CAD2F with a soft green glow and a thin white edge, at its real position and real scale on the scooter. If the part is small (a bulb, a seal, a bolt, a sensor), keep it at its real place and add a soft glowing green ring around it so it is easy to spot. Everything else stays dim. No text, no labels, no arrows, no numbers, no watermark. Square 1:1.
crankcase-bolts;Двигатель;Картер и коленвал;Болты картера (комплект);crankcase bolts;crankcase and crankshaft;petrol;все модели;450;450;crankcase-bolts.webp;crankcase-bolts-where.webp;Studio product photo, one image of a consistent e-commerce series. A single scooter spare part: crankcase bolts. Isolated on a pure white seamless background #FFFFFF, centered, three-quarter view from the front-left and slightly above, the part fills about 70% of the frame, soft even studio light, subtle contact shadow under the part, realistic materials (black ABS plastic, painted plastic, aluminium, steel, rubber — whatever the real part is made of). New part, clean, no brand names, no logos, no packaging, no hands, no text, no watermark. Square 1:1.;Technical X-ray illustration, one image of a consistent series. Solid deep navy background #0E1726. A generic 50-150cc step-through city scooter (small wheels, floorboard, engine and CVT under the seat), strict side view, nose pointing right, centered, the whole scooter visible and filling about 80% of the width, no brand, no logos. The scooter is drawn as a semi-transparent X-ray / blueprint: thin light steel-blue outlines (#9FB4C8, about 40% opacity), inner parts faintly visible through the body. Only one part is solid and highlighted: crankcase bolts (crankcase and crankshaft). Render it in brand green #6CAD2F with a soft green glow and a thin white edge, at its real position and real scale on the scooter. If the part is small (a bulb, a seal, a bolt, a sensor), keep it at its real place and add a soft glowing green ring around it so it is easy to spot. Everything else stays dim. No text, no labels, no arrows, no numbers, no watermark. Square 1:1.
generator-cover;Двигатель;Картер и коленвал;Крышка генератора;generator (magneto) cover;crankcase and crankshaft;petrol;"Yamaha 4T (Jog, Vino, Gear); Honda 4T (Dio, Jog AY01); GY6 150 (Tank T150)";1250;2200;generator-cover.webp;generator-cover-where.webp;Studio product photo, one image of a consistent e-commerce series. A single scooter spare part: generator (magneto) cover. Isolated on a pure white seamless background #FFFFFF, centered, three-quarter view from the front-left and slightly above, the part fills about 70% of the frame, soft even studio light, subtle contact shadow under the part, realistic materials (black ABS plastic, painted plastic, aluminium, steel, rubber — whatever the real part is made of). New part, clean, no brand names, no logos, no packaging, no hands, no text, no watermark. Square 1:1.;Technical X-ray illustration, one image of a consistent series. Solid deep navy background #0E1726. A generic 50-150cc step-through city scooter (small wheels, floorboard, engine and CVT under the seat), strict side view, nose pointing right, centered, the whole scooter visible and filling about 80% of the width, no brand, no logos. The scooter is drawn as a semi-transparent X-ray / blueprint: thin light steel-blue outlines (#9FB4C8, about 40% opacity), inner parts faintly visible through the body. Only one part is solid and highlighted: generator (magneto) cover (crankcase and crankshaft). Render it in brand green #6CAD2F with a soft green glow and a thin white edge, at its real position and real scale on the scooter. If the part is small (a bulb, a seal, a bolt, a sensor), keep it at its real place and add a soft glowing green ring around it so it is easy to spot. Everything else stays dim. No text, no labels, no arrows, no numbers, no watermark. Square 1:1.
generator-cover-gasket;Двигатель;Картер и коленвал;Прокладка крышки генератора;generator cover gasket;crankcase and crankshaft;petrol;все модели;200;200;generator-cover-gasket.webp;generator-cover-gasket-where.webp;Studio product photo, one image of a consistent e-commerce series. A single scooter spare part: generator cover gasket. Isolated on a pure white seamless background #FFFFFF, centered, three-quarter view from the front-left and slightly above, the part fills about 70% of the frame, soft even studio light, subtle contact shadow under the part, realistic materials (black ABS plastic, painted plastic, aluminium, steel, rubber — whatever the real part is made of). New part, clean, no brand names, no logos, no packaging, no hands, no text, no watermark. Square 1:1.;Technical X-ray illustration, one image of a consistent series. Solid deep navy background #0E1726. A generic 50-150cc step-through city scooter (small wheels, floorboard, engine and CVT under the seat), strict side view, nose pointing right, centered, the whole scooter visible and filling about 80% of the width, no brand, no logos. The scooter is drawn as a semi-transparent X-ray / blueprint: thin light steel-blue outlines (#9FB4C8, about 40% opacity), inner parts faintly visible through the body. Only one part is solid and highlighted: generator cover gasket (crankcase and crankshaft). Render it in brand green #6CAD2F with a soft green glow and a thin white edge, at its real position and real scale on the scooter. If the part is small (a bulb, a seal, a bolt, a sensor), keep it at its real place and add a soft glowing green ring around it so it is easy to spot. Everything else stays dim. No text, no labels, no arrows, no numbers, no watermark. Square 1:1.
generator-seals;Двигатель;Картер и коленвал;Сальники двигателя со стороны генератора (комплект);engine oil seals on the generator side;crankcase and crankshaft;petrol;Yamaha 4T (Jog, Vino, Gear);350;350;generator-seals.webp;generator-seals-where.webp;Studio product photo, one image of a consistent e-commerce series. A single scooter spare part: engine oil seals on the generator side. Isolated on a pure white seamless background #FFFFFF, centered, three-quarter view from the front-left and slightly above, the part fills about 70% of the frame, soft even studio light, subtle contact shadow under the part, realistic materials (black ABS plastic, painted plastic, aluminium, steel, rubber — whatever the real part is made of). New part, clean, no brand names, no logos, no packaging, no hands, no text, no watermark. Square 1:1.;Technical X-ray illustration, one image of a consistent series. Solid deep navy background #0E1726. A generic 50-150cc step-through city scooter (small wheels, floorboard, engine and CVT under the seat), strict side view, nose pointing right, centered, the whole scooter visible and filling about 80% of the width, no brand, no logos. The scooter is drawn as a semi-transparent X-ray / blueprint: thin light steel-blue outlines (#9FB4C8, about 40% opacity), inner parts faintly visible through the body. Only one part is solid and highlighted: engine oil seals on the generator side (crankcase and crankshaft). Render it in brand green #6CAD2F with a soft green glow and a thin white edge, at its real position and real scale on the scooter. If the part is small (a bulb, a seal, a bolt, a sensor), keep it at its real place and add a soft glowing green ring around it so it is easy to spot. Everything else stays dim. No text, no labels, no arrows, no numbers, no watermark. Square 1:1.
engine-gaskets;Двигатель;Картер и коленвал;Прокладки двигателя (полный комплект);complete engine gasket set;crankcase and crankshaft;petrol;"Yamaha 4T (Jog, Vino, Gear); Honda 4T (Dio, Jog AY01); GY6 150 (Tank T150)";900;1250;engine-gaskets.webp;engine-gaskets-where.webp;Studio product photo, one image of a consistent e-commerce series. A single scooter spare part: complete engine gasket set. Isolated on a pure white seamless background #FFFFFF, centered, three-quarter view from the front-left and slightly above, the part fills about 70% of the frame, soft even studio light, subtle contact shadow under the part, realistic materials (black ABS plastic, painted plastic, aluminium, steel, rubber — whatever the real part is made of). New part, clean, no brand names, no logos, no packaging, no hands, no text, no watermark. Square 1:1.;Technical X-ray illustration, one image of a consistent series. Solid deep navy background #0E1726. A generic 50-150cc step-through city scooter (small wheels, floorboard, engine and CVT under the seat), strict side view, nose pointing right, centered, the whole scooter visible and filling about 80% of the width, no brand, no logos. The scooter is drawn as a semi-transparent X-ray / blueprint: thin light steel-blue outlines (#9FB4C8, about 40% opacity), inner parts faintly visible through the body. Only one part is solid and highlighted: complete engine gasket set (crankcase and crankshaft). Render it in brand green #6CAD2F with a soft green glow and a thin white edge, at its real position and real scale on the scooter. If the part is small (a bulb, a seal, a bolt, a sensor), keep it at its real place and add a soft glowing green ring around it so it is easy to spot. Everything else stays dim. No text, no labels, no arrows, no numbers, no watermark. Square 1:1.
top-end-gaskets;Двигатель;Картер и коленвал;Прокладки ЦПГ (верхний комплект);top end gasket set;crankcase and crankshaft;petrol;"Yamaha 4T (Jog, Vino, Gear); Honda 4T (Dio, Jog AY01); GY6 150 (Tank T150)";450;550;top-end-gaskets.webp;top-end-gaskets-where.webp;Studio product photo, one image of a consistent e-commerce series. A single scooter spare part: top end gasket set. Isolated on a pure white seamless background #FFFFFF, centered, three-quarter view from the front-left and slightly above, the part fills about 70% of the frame, soft even studio light, subtle contact shadow under the part, realistic materials (black ABS plastic, painted plastic, aluminium, steel, rubber — whatever the real part is made of). New part, clean, no brand names, no logos, no packaging, no hands, no text, no watermark. Square 1:1.;Technical X-ray illustration, one image of a consistent series. Solid deep navy background #0E1726. A generic 50-150cc step-through city scooter (small wheels, floorboard, engine and CVT under the seat), strict side view, nose pointing right, centered, the whole scooter visible and filling about 80% of the width, no brand, no logos. The scooter is drawn as a semi-transparent X-ray / blueprint: thin light steel-blue outlines (#9FB4C8, about 40% opacity), inner parts faintly visible through the body. Only one part is solid and highlighted: top end gasket set (crankcase and crankshaft). Render it in brand green #6CAD2F with a soft green glow and a thin white edge, at its real position and real scale on the scooter. If the part is small (a bulb, a seal, a bolt, a sensor), keep it at its real place and add a soft glowing green ring around it so it is easy to spot. Everything else stays dim. No text, no labels, no arrows, no numbers, no watermark. Square 1:1.
engine-assembly;Двигатель;Картер и коленвал;Двигатель в сборе (контрактный);complete scooter engine;crankcase and crankshaft;petrol;"Yamaha 4T (Jog, Vino, Gear); Honda 4T (Dio, Jog AY01); GY6 150 (Tank T150)";21600;31200;engine-assembly.webp;engine-assembly-where.webp;Studio product photo, one image of a consistent e-commerce series. A single scooter spare part: complete scooter engine. Isolated on a pure white seamless background #FFFFFF, centered, three-quarter view from the front-left and slightly above, the part fills about 70% of the frame, soft even studio light, subtle contact shadow under the part, realistic materials (black ABS plastic, painted plastic, aluminium, steel, rubber — whatever the real part is made of). New part, clean, no brand names, no logos, no packaging, no hands, no text, no watermark. Square 1:1.;Technical X-ray illustration, one image of a consistent series. Solid deep navy background #0E1726. A generic 50-150cc step-through city scooter (small wheels, floorboard, engine and CVT under the seat), strict side view, nose pointing right, centered, the whole scooter visible and filling about 80% of the width, no brand, no logos. The scooter is drawn as a semi-transparent X-ray / blueprint: thin light steel-blue outlines (#9FB4C8, about 40% opacity), inner parts faintly visible through the body. Only one part is solid and highlighted: complete scooter engine (crankcase and crankshaft). Render it in brand green #6CAD2F with a soft green glow and a thin white edge, at its real position and real scale on the scooter. If the part is small (a bulb, a seal, a bolt, a sensor), keep it at its real place and add a soft glowing green ring around it so it is easy to spot. Everything else stays dim. No text, no labels, no arrows, no numbers, no watermark. Square 1:1.
oil-pump;Двигатель;Смазка;Масляный насос;oil pump;engine oil system;petrol;"Yamaha 4T (Jog, Vino, Gear); Honda 4T (Dio, Jog AY01); GY6 150 (Tank T150)";950;1350;oil-pump.webp;oil-pump-where.webp;Studio product photo, one image of a consistent e-commerce series. A single scooter spare part: oil pump. Isolated on a pure white seamless background #FFFFFF, centered, three-quarter view from the front-left and slightly above, the part fills about 70% of the frame, soft even studio light, subtle contact shadow under the part, realistic materials (black ABS plastic, painted plastic, aluminium, steel, rubber — whatever the real part is made of). New part, clean, no brand names, no logos, no packaging, no hands, no text, no watermark. Square 1:1.;Technical X-ray illustration, one image of a consistent series. Solid deep navy background #0E1726. A generic 50-150cc step-through city scooter (small wheels, floorboard, engine and CVT under the seat), strict side view, nose pointing right, centered, the whole scooter visible and filling about 80% of the width, no brand, no logos. The scooter is drawn as a semi-transparent X-ray / blueprint: thin light steel-blue outlines (#9FB4C8, about 40% opacity), inner parts faintly visible through the body. Only one part is solid and highlighted: oil pump (engine oil system). Render it in brand green #6CAD2F with a soft green glow and a thin white edge, at its real position and real scale on the scooter. If the part is small (a bulb, a seal, a bolt, a sensor), keep it at its real place and add a soft glowing green ring around it so it is easy to spot. Everything else stays dim. No text, no labels, no arrows, no numbers, no watermark. Square 1:1.
oil-pump-drive;Двигатель;Смазка;Шестерня (цепь) привода маслонасоса;oil pump drive gear or chain;engine oil system;petrol;все модели;600;600;oil-pump-drive.webp;oil-pump-drive-where.webp;Studio product photo, one image of a consistent e-commerce series. A single scooter spare part: oil pump drive gear or chain. Isolated on a pure white seamless background #FFFFFF, centered, three-quarter view from the front-left and slightly above, the part fills about 70% of the frame, soft even studio light, subtle contact shadow under the part, realistic materials (black ABS plastic, painted plastic, aluminium, steel, rubber — whatever the real part is made of). New part, clean, no brand names, no logos, no packaging, no hands, no text, no watermark. Square 1:1.;Technical X-ray illustration, one image of a consistent series. Solid deep navy background #0E1726. A generic 50-150cc step-through city scooter (small wheels, floorboard, engine and CVT under the seat), strict side view, nose pointing right, centered, the whole scooter visible and filling about 80% of the width, no brand, no logos. The scooter is drawn as a semi-transparent X-ray / blueprint: thin light steel-blue outlines (#9FB4C8, about 40% opacity), inner parts faintly visible through the body. Only one part is solid and highlighted: oil pump drive gear or chain (engine oil system). Render it in brand green #6CAD2F with a soft green glow and a thin white edge, at its real position and real scale on the scooter. If the part is small (a bulb, a seal, a bolt, a sensor), keep it at its real place and add a soft glowing green ring around it so it is easy to spot. Everything else stays dim. No text, no labels, no arrows, no numbers, no watermark. Square 1:1.
oil-strainer;Двигатель;Смазка;Сетка маслоприёмника;oil strainer screen;engine oil system;petrol;все модели;300;300;oil-strainer.webp;oil-strainer-where.webp;Studio product photo, one image of a consistent e-commerce series. A single scooter spare part: oil strainer screen. Isolated on a pure white seamless background #FFFFFF, centered, three-quarter view from the front-left and slightly above, the part fills about 70% of the frame, soft even studio light, subtle contact shadow under the part, realistic materials (black ABS plastic, painted plastic, aluminium, steel, rubber — whatever the real part is made of). New part, clean, no brand names, no logos, no packaging, no hands, no text, no watermark. Square 1:1.;Technical X-ray illustration, one image of a consistent series. Solid deep navy background #0E1726. A generic 50-150cc step-through city scooter (small wheels, floorboard, engine and CVT under the seat), strict side view, nose pointing right, centered, the whole scooter visible and filling about 80% of the width, no brand, no logos. The scooter is drawn as a semi-transparent X-ray / blueprint: thin light steel-blue outlines (#9FB4C8, about 40% opacity), inner parts faintly visible through the body. Only one part is solid and highlighted: oil strainer screen (engine oil system). Render it in brand green #6CAD2F with a soft green glow and a thin white edge, at its real position and real scale on the scooter. If the part is small (a bulb, a seal, a bolt, a sensor), keep it at its real place and add a soft glowing green ring around it so it is easy to spot. Everything else stays dim. No text, no labels, no arrows, no numbers, no watermark. Square 1:1.
drain-plug;Двигатель;Смазка;Пробка сливная с прокладкой;oil drain plug with gasket;engine oil system;petrol;все модели;300;300;drain-plug.webp;drain-plug-where.webp;Studio product photo, one image of a consistent e-commerce series. A single scooter spare part: oil drain plug with gasket. Isolated on a pure white seamless background #FFFFFF, centered, three-quarter view from the front-left and slightly above, the part fills about 70% of the frame, soft even studio light, subtle contact shadow under the part, realistic materials (black ABS plastic, painted plastic, aluminium, steel, rubber — whatever the real part is made of). New part, clean, no brand names, no logos, no packaging, no hands, no text, no watermark. Square 1:1.;Technical X-ray illustration, one image of a consistent series. Solid deep navy background #0E1726. A generic 50-150cc step-through city scooter (small wheels, floorboard, engine and CVT under the seat), strict side view, nose pointing right, centered, the whole scooter visible and filling about 80% of the width, no brand, no logos. The scooter is drawn as a semi-transparent X-ray / blueprint: thin light steel-blue outlines (#9FB4C8, about 40% opacity), inner parts faintly visible through the body. Only one part is solid and highlighted: oil drain plug with gasket (engine oil system). Render it in brand green #6CAD2F with a soft green glow and a thin white edge, at its real position and real scale on the scooter. If the part is small (a bulb, a seal, a bolt, a sensor), keep it at its real place and add a soft glowing green ring around it so it is easy to spot. Everything else stays dim. No text, no labels, no arrows, no numbers, no watermark. Square 1:1.
drain-washer;Двигатель;Смазка;Шайба сливной пробки медная;copper drain plug washer;engine oil system;petrol;все модели;100;100;drain-washer.webp;drain-washer-where.webp;Studio product photo, one image of a consistent e-commerce series. A single scooter spare part: copper drain plug washer. Isolated on a pure white seamless background #FFFFFF, centered, three-quarter view from the front-left and slightly above, the part fills about 70% of the frame, soft even studio light, subtle contact shadow under the part, realistic materials (black ABS plastic, painted plastic, aluminium, steel, rubber — whatever the real part is made of). New part, clean, no brand names, no logos, no packaging, no hands, no text, no watermark. Square 1:1.;Technical X-ray illustration, one image of a consistent series. Solid deep navy background #0E1726. A generic 50-150cc step-through city scooter (small wheels, floorboard, engine and CVT under the seat), strict side view, nose pointing right, centered, the whole scooter visible and filling about 80% of the width, no brand, no logos. The scooter is drawn as a semi-transparent X-ray / blueprint: thin light steel-blue outlines (#9FB4C8, about 40% opacity), inner parts faintly visible through the body. Only one part is solid and highlighted: copper drain plug washer (engine oil system). Render it in brand green #6CAD2F with a soft green glow and a thin white edge, at its real position and real scale on the scooter. If the part is small (a bulb, a seal, a bolt, a sensor), keep it at its real place and add a soft glowing green ring around it so it is easy to spot. Everything else stays dim. No text, no labels, no arrows, no numbers, no watermark. Square 1:1.
dipstick;Двигатель;Смазка;Щуп масляный;oil dipstick;engine oil system;petrol;все модели;300;300;dipstick.webp;dipstick-where.webp;Studio product photo, one image of a consistent e-commerce series. A single scooter spare part: oil dipstick. Isolated on a pure white seamless background #FFFFFF, centered, three-quarter view from the front-left and slightly above, the part fills about 70% of the frame, soft even studio light, subtle contact shadow under the part, realistic materials (black ABS plastic, painted plastic, aluminium, steel, rubber — whatever the real part is made of). New part, clean, no brand names, no logos, no packaging, no hands, no text, no watermark. Square 1:1.;Technical X-ray illustration, one image of a consistent series. Solid deep navy background #0E1726. A generic 50-150cc step-through city scooter (small wheels, floorboard, engine and CVT under the seat), strict side view, nose pointing right, centered, the whole scooter visible and filling about 80% of the width, no brand, no logos. The scooter is drawn as a semi-transparent X-ray / blueprint: thin light steel-blue outlines (#9FB4C8, about 40% opacity), inner parts faintly visible through the body. Only one part is solid and highlighted: oil dipstick (engine oil system). Render it in brand green #6CAD2F with a soft green glow and a thin white edge, at its real position and real scale on the scooter. If the part is small (a bulb, a seal, a bolt, a sensor), keep it at its real place and add a soft glowing green ring around it so it is easy to spot. Everything else stays dim. No text, no labels, no arrows, no numbers, no watermark. Square 1:1.
oil-orings;Двигатель;Смазка;Кольца уплотнительные масляные (комплект);oil o-rings set;engine oil system;petrol;все модели;250;250;oil-orings.webp;oil-orings-where.webp;Studio product photo, one image of a consistent e-commerce series. A single scooter spare part: oil o-rings set. Isolated on a pure white seamless background #FFFFFF, centered, three-quarter view from the front-left and slightly above, the part fills about 70% of the frame, soft even studio light, subtle contact shadow under the part, realistic materials (black ABS plastic, painted plastic, aluminium, steel, rubber — whatever the real part is made of). New part, clean, no brand names, no logos, no packaging, no hands, no text, no watermark. Square 1:1.;Technical X-ray illustration, one image of a consistent series. Solid deep navy background #0E1726. A generic 50-150cc step-through city scooter (small wheels, floorboard, engine and CVT under the seat), strict side view, nose pointing right, centered, the whole scooter visible and filling about 80% of the width, no brand, no logos. The scooter is drawn as a semi-transparent X-ray / blueprint: thin light steel-blue outlines (#9FB4C8, about 40% opacity), inner parts faintly visible through the body. Only one part is solid and highlighted: oil o-rings set (engine oil system). Render it in brand green #6CAD2F with a soft green glow and a thin white edge, at its real position and real scale on the scooter. If the part is small (a bulb, a seal, a bolt, a sensor), keep it at its real place and add a soft glowing green ring around it so it is easy to spot. Everything else stays dim. No text, no labels, no arrows, no numbers, no watermark. Square 1:1.
oil-filter-cap;Двигатель;Смазка;Крышка масляного фильтра с пружиной;oil filter cap with spring;engine oil system;petrol;GY6 150 (Tank T150);600;600;oil-filter-cap.webp;oil-filter-cap-where.webp;Studio product photo, one image of a consistent e-commerce series. A single scooter spare part: oil filter cap with spring. Isolated on a pure white seamless background #FFFFFF, centered, three-quarter view from the front-left and slightly above, the part fills about 70% of the frame, soft even studio light, subtle contact shadow under the part, realistic materials (black ABS plastic, painted plastic, aluminium, steel, rubber — whatever the real part is made of). New part, clean, no brand names, no logos, no packaging, no hands, no text, no watermark. Square 1:1.;Technical X-ray illustration, one image of a consistent series. Solid deep navy background #0E1726. A generic 50-150cc step-through city scooter (small wheels, floorboard, engine and CVT under the seat), strict side view, nose pointing right, centered, the whole scooter visible and filling about 80% of the width, no brand, no logos. The scooter is drawn as a semi-transparent X-ray / blueprint: thin light steel-blue outlines (#9FB4C8, about 40% opacity), inner parts faintly visible through the body. Only one part is solid and highlighted: oil filter cap with spring (engine oil system). Render it in brand green #6CAD2F with a soft green glow and a thin white edge, at its real position and real scale on the scooter. If the part is small (a bulb, a seal, a bolt, a sensor), keep it at its real place and add a soft glowing green ring around it so it is easy to spot. Everything else stays dim. No text, no labels, no arrows, no numbers, no watermark. Square 1:1.
kick-shaft;Двигатель;Кикстартер и подвеска двигателя;Вал кикстартера с шестернёй;kick start shaft with gear;kick starter and engine mount;petrol;"Yamaha 4T (Jog, Vino, Gear); GY6 150 (Tank T150)";950;1250;kick-shaft.webp;kick-shaft-where.webp;Studio product photo, one image of a consistent e-commerce series. A single scooter spare part: kick start shaft with gear. Isolated on a pure white seamless background #FFFFFF, centered, three-quarter view from the front-left and slightly above, the part fills about 70% of the frame, soft even studio light, subtle contact shadow under the part, realistic materials (black ABS plastic, painted plastic, aluminium, steel, rubber — whatever the real part is made of). New part, clean, no brand names, no logos, no packaging, no hands, no text, no watermark. Square 1:1.;Technical X-ray illustration, one image of a consistent series. Solid deep navy background #0E1726. A generic 50-150cc step-through city scooter (small wheels, floorboard, engine and CVT under the seat), strict side view, nose pointing right, centered, the whole scooter visible and filling about 80% of the width, no brand, no logos. The scooter is drawn as a semi-transparent X-ray / blueprint: thin light steel-blue outlines (#9FB4C8, about 40% opacity), inner parts faintly visible through the body. Only one part is solid and highlighted: kick start shaft with gear (kick starter and engine mount). Render it in brand green #6CAD2F with a soft green glow and a thin white edge, at its real position and real scale on the scooter. If the part is small (a bulb, a seal, a bolt, a sensor), keep it at its real place and add a soft glowing green ring around it so it is easy to spot. Everything else stays dim. No text, no labels, no arrows, no numbers, no watermark. Square 1:1.
kick-spring;Двигатель;Кикстартер и подвеска двигателя;Пружина кикстартера;kick start return spring;kick starter and engine mount;petrol;все модели;250;250;kick-spring.webp;kick-spring-where.webp;Studio product photo, one image of a consistent e-commerce series. A single scooter spare part: kick start return spring. Isolated on a pure white seamless background #FFFFFF, centered, three-quarter view from the front-left and slightly above, the part fills about 70% of the frame, soft even studio light, subtle contact shadow under the part, realistic materials (black ABS plastic, painted plastic, aluminium, steel, rubber — whatever the real part is made of). New part, clean, no brand names, no logos, no packaging, no hands, no text, no watermark. Square 1:1.;Technical X-ray illustration, one image of a consistent series. Solid deep navy background #0E1726. A generic 50-150cc step-through city scooter (small wheels, floorboard, engine and CVT under the seat), strict side view, nose pointing right, centered, the whole scooter visible and filling about 80% of the width, no brand, no logos. The scooter is drawn as a semi-transparent X-ray / blueprint: thin light steel-blue outlines (#9FB4C8, about 40% opacity), inner parts faintly visible through the body. Only one part is solid and highlighted: kick start return spring (kick starter and engine mount). Render it in brand green #6CAD2F with a soft green glow and a thin white edge, at its real position and real scale on the scooter. If the part is small (a bulb, a seal, a bolt, a sensor), keep it at its real place and add a soft glowing green ring around it so it is easy to spot. Everything else stays dim. No text, no labels, no arrows, no numbers, no watermark. Square 1:1.
kick-ratchet;Двигатель;Кикстартер и подвеска двигателя;Шестерня кикстартера (трещотка);kick start ratchet gear;kick starter and engine mount;petrol;"Yamaha 4T (Jog, Vino, Gear); GY6 150 (Tank T150)";700;850;kick-ratchet.webp;kick-ratchet-where.webp;Studio product photo, one image of a consistent e-commerce series. A single scooter spare part: kick start ratchet gear. Isolated on a pure white seamless background #FFFFFF, centered, three-quarter view from the front-left and slightly above, the part fills about 70% of the frame, soft even studio light, subtle contact shadow under the part, realistic materials (black ABS plastic, painted plastic, aluminium, steel, rubber — whatever the real part is made of). New part, clean, no brand names, no logos, no packaging, no hands, no text, no watermark. Square 1:1.;Technical X-ray illustration, one image of a consistent series. Solid deep navy background #0E1726. A generic 50-150cc step-through city scooter (small wheels, floorboard, engine and CVT under the seat), strict side view, nose pointing right, centered, the whole scooter visible and filling about 80% of the width, no brand, no logos. The scooter is drawn as a semi-transparent X-ray / blueprint: thin light steel-blue outlines (#9FB4C8, about 40% opacity), inner parts faintly visible through the body. Only one part is solid and highlighted: kick start ratchet gear (kick starter and engine mount). Render it in brand green #6CAD2F with a soft green glow and a thin white edge, at its real position and real scale on the scooter. If the part is small (a bulb, a seal, a bolt, a sensor), keep it at its real place and add a soft glowing green ring around it so it is easy to spot. Everything else stays dim. No text, no labels, no arrows, no numbers, no watermark. Square 1:1.
kick-lever;Двигатель;Кикстартер и подвеска двигателя;Ножка кикстартера;kick start lever;kick starter and engine mount;petrol;все модели;700;700;kick-lever.webp;kick-lever-where.webp;Studio product photo, one image of a consistent e-commerce series. A single scooter spare part: kick start lever. Isolated on a pure white seamless background #FFFFFF, centered, three-quarter view from the front-left and slightly above, the part fills about 70% of the frame, soft even studio light, subtle contact shadow under the part, realistic materials (black ABS plastic, painted plastic, aluminium, steel, rubber — whatever the real part is made of). New part, clean, no brand names, no logos, no packaging, no hands, no text, no watermark. Square 1:1.;Technical X-ray illustration, one image of a consistent series. Solid deep navy background #0E1726. A generic 50-150cc step-through city scooter (small wheels, floorboard, engine and CVT under the seat), strict side view, nose pointing right, centered, the whole scooter visible and filling about 80% of the width, no brand, no logos. The scooter is drawn as a semi-transparent X-ray / blueprint: thin light steel-blue outlines (#9FB4C8, about 40% opacity), inner parts faintly visible through the body. Only one part is solid and highlighted: kick start lever (kick starter and engine mount). Render it in brand green #6CAD2F with a soft green glow and a thin white edge, at its real position and real scale on the scooter. If the part is small (a bulb, a seal, a bolt, a sensor), keep it at its real place and add a soft glowing green ring around it so it is easy to spot. Everything else stays dim. No text, no labels, no arrows, no numbers, no watermark. Square 1:1.
engine-mount-bushings;Двигатель;Кикстартер и подвеска двигателя;Сайлентблоки подвески двигателя (комплект);engine mount rubber bushings;kick starter and engine mount;petrol;все модели;1250;1250;engine-mount-bushings.webp;engine-mount-bushings-where.webp;Studio product photo, one image of a consistent e-commerce series. A single scooter spare part: engine mount rubber bushings. Isolated on a pure white seamless background #FFFFFF, centered, three-quarter view from the front-left and slightly above, the part fills about 70% of the frame, soft even studio light, subtle contact shadow under the part, realistic materials (black ABS plastic, painted plastic, aluminium, steel, rubber — whatever the real part is made of). New part, clean, no brand names, no logos, no packaging, no hands, no text, no watermark. Square 1:1.;Technical X-ray illustration, one image of a consistent series. Solid deep navy background #0E1726. A generic 50-150cc step-through city scooter (small wheels, floorboard, engine and CVT under the seat), strict side view, nose pointing right, centered, the whole scooter visible and filling about 80% of the width, no brand, no logos. The scooter is drawn as a semi-transparent X-ray / blueprint: thin light steel-blue outlines (#9FB4C8, about 40% opacity), inner parts faintly visible through the body. Only one part is solid and highlighted: engine mount rubber bushings (kick starter and engine mount). Render it in brand green #6CAD2F with a soft green glow and a thin white edge, at its real position and real scale on the scooter. If the part is small (a bulb, a seal, a bolt, a sensor), keep it at its real place and add a soft glowing green ring around it so it is easy to spot. Everything else stays dim. No text, no labels, no arrows, no numbers, no watermark. Square 1:1.
engine-mount-bolt;Двигатель;Кикстартер и подвеска двигателя;Болт подвески двигателя с гайкой;engine mount bolt with nut;kick starter and engine mount;petrol;все модели;400;400;engine-mount-bolt.webp;engine-mount-bolt-where.webp;Studio product photo, one image of a consistent e-commerce series. A single scooter spare part: engine mount bolt with nut. Isolated on a pure white seamless background #FFFFFF, centered, three-quarter view from the front-left and slightly above, the part fills about 70% of the frame, soft even studio light, subtle contact shadow under the part, realistic materials (black ABS plastic, painted plastic, aluminium, steel, rubber — whatever the real part is made of). New part, clean, no brand names, no logos, no packaging, no hands, no text, no watermark. Square 1:1.;Technical X-ray illustration, one image of a consistent series. Solid deep navy background #0E1726. A generic 50-150cc step-through city scooter (small wheels, floorboard, engine and CVT under the seat), strict side view, nose pointing right, centered, the whole scooter visible and filling about 80% of the width, no brand, no logos. The scooter is drawn as a semi-transparent X-ray / blueprint: thin light steel-blue outlines (#9FB4C8, about 40% opacity), inner parts faintly visible through the body. Only one part is solid and highlighted: engine mount bolt with nut (kick starter and engine mount). Render it in brand green #6CAD2F with a soft green glow and a thin white edge, at its real position and real scale on the scooter. If the part is small (a bulb, a seal, a bolt, a sensor), keep it at its real place and add a soft glowing green ring around it so it is easy to spot. Everything else stays dim. No text, no labels, no arrows, no numbers, no watermark. Square 1:1.
drive-belt;Трансмиссия;Вариатор;Ремень вариатора;CVT drive belt;CVT variator on the left side of the engine;petrol;"810×17,5 — Yamaha Gear 4T; 660×16,5 — Yamaha Jog 4T, Vino 4T; 670×17,7 — Honda Dio AF62/68, Jog AY01; оригинальный Honda 23100-GFC — Dio, Jog AY01; 842×20 — GY6 150 (Tank T150)";1100;6500;drive-belt.webp;drive-belt-where.webp;Studio product photo, one image of a consistent e-commerce series. A single scooter spare part: CVT drive belt. Isolated on a pure white seamless background #FFFFFF, centered, three-quarter view from the front-left and slightly above, the part fills about 70% of the frame, soft even studio light, subtle contact shadow under the part, realistic materials (black ABS plastic, painted plastic, aluminium, steel, rubber — whatever the real part is made of). New part, clean, no brand names, no logos, no packaging, no hands, no text, no watermark. Square 1:1.;Technical X-ray illustration, one image of a consistent series. Solid deep navy background #0E1726. A generic 50-150cc step-through city scooter (small wheels, floorboard, engine and CVT under the seat), strict side view, nose pointing right, centered, the whole scooter visible and filling about 80% of the width, no brand, no logos. The scooter is drawn as a semi-transparent X-ray / blueprint: thin light steel-blue outlines (#9FB4C8, about 40% opacity), inner parts faintly visible through the body. Only one part is solid and highlighted: CVT drive belt (CVT variator on the left side of the engine). Render it in brand green #6CAD2F with a soft green glow and a thin white edge, at its real position and real scale on the scooter. If the part is small (a bulb, a seal, a bolt, a sensor), keep it at its real place and add a soft glowing green ring around it so it is easy to spot. Everything else stays dim. No text, no labels, no arrows, no numbers, no watermark. Square 1:1.
variator-rollers;Трансмиссия;Вариатор;Ролики вариатора (6 шт);set of six variator rollers;CVT variator on the left side of the engine;petrol;"15×12 — Yamaha 4T (Jog, Vino, Gear); 16×13 — Honda 4T (Dio, Jog AY01); 18×14 — GY6 150 (Tank T150)";350;550;variator-rollers.webp;variator-rollers-where.webp;Studio product photo, one image of a consistent e-commerce series. A single scooter spare part: set of six variator rollers. Isolated on a pure white seamless background #FFFFFF, centered, three-quarter view from the front-left and slightly above, the part fills about 70% of the frame, soft even studio light, subtle contact shadow under the part, realistic materials (black ABS plastic, painted plastic, aluminium, steel, rubber — whatever the real part is made of). New part, clean, no brand names, no logos, no packaging, no hands, no text, no watermark. Square 1:1.;Technical X-ray illustration, one image of a consistent series. Solid deep navy background #0E1726. A generic 50-150cc step-through city scooter (small wheels, floorboard, engine and CVT under the seat), strict side view, nose pointing right, centered, the whole scooter visible and filling about 80% of the width, no brand, no logos. The scooter is drawn as a semi-transparent X-ray / blueprint: thin light steel-blue outlines (#9FB4C8, about 40% opacity), inner parts faintly visible through the body. Only one part is solid and highlighted: set of six variator rollers (CVT variator on the left side of the engine). Render it in brand green #6CAD2F with a soft green glow and a thin white edge, at its real position and real scale on the scooter. If the part is small (a bulb, a seal, a bolt, a sensor), keep it at its real place and add a soft glowing green ring around it so it is easy to spot. Everything else stays dim. No text, no labels, no arrows, no numbers, no watermark. Square 1:1.
variator-sliders;Трансмиссия;Вариатор;Слайдеры вариатора (комплект);variator sliders;CVT variator on the left side of the engine;petrol;все модели;400;400;variator-sliders.webp;variator-sliders-where.webp;Studio product photo, one image of a consistent e-commerce series. A single scooter spare part: variator sliders. Isolated on a pure white seamless background #FFFFFF, centered, three-quarter view from the front-left and slightly above, the part fills about 70% of the frame, soft even studio light, subtle contact shadow under the part, realistic materials (black ABS plastic, painted plastic, aluminium, steel, rubber — whatever the real part is made of). New part, clean, no brand names, no logos, no packaging, no hands, no text, no watermark. Square 1:1.;Technical X-ray illustration, one image of a consistent series. Solid deep navy background #0E1726. A generic 50-150cc step-through city scooter (small wheels, floorboard, engine and CVT under the seat), strict side view, nose pointing right, centered, the whole scooter visible and filling about 80% of the width, no brand, no logos. The scooter is drawn as a semi-transparent X-ray / blueprint: thin light steel-blue outlines (#9FB4C8, about 40% opacity), inner parts faintly visible through the body. Only one part is solid and highlighted: variator sliders (CVT variator on the left side of the engine). Render it in brand green #6CAD2F with a soft green glow and a thin white edge, at its real position and real scale on the scooter. If the part is small (a bulb, a seal, a bolt, a sensor), keep it at its real place and add a soft glowing green ring around it so it is easy to spot. Everything else stays dim. No text, no labels, no arrows, no numbers, no watermark. Square 1:1.
variator;Трансмиссия;Вариатор;Передний вариатор в сборе;complete front variator (drive pulley);CVT variator on the left side of the engine;petrol;"Yamaha 4T (Jog, Vino, Gear); Honda 4T (Dio, Jog AY01); GY6 150 (Tank T150)";2250;3000;variator.webp;variator-where.webp;Studio product photo, one image of a consistent e-commerce series. A single scooter spare part: complete front variator (drive pulley). Isolated on a pure white seamless background #FFFFFF, centered, three-quarter view from the front-left and slightly above, the part fills about 70% of the frame, soft even studio light, subtle contact shadow under the part, realistic materials (black ABS plastic, painted plastic, aluminium, steel, rubber — whatever the real part is made of). New part, clean, no brand names, no logos, no packaging, no hands, no text, no watermark. Square 1:1.;Technical X-ray illustration, one image of a consistent series. Solid deep navy background #0E1726. A generic 50-150cc step-through city scooter (small wheels, floorboard, engine and CVT under the seat), strict side view, nose pointing right, centered, the whole scooter visible and filling about 80% of the width, no brand, no logos. The scooter is drawn as a semi-transparent X-ray / blueprint: thin light steel-blue outlines (#9FB4C8, about 40% opacity), inner parts faintly visible through the body. Only one part is solid and highlighted: complete front variator (drive pulley) (CVT variator on the left side of the engine). Render it in brand green #6CAD2F with a soft green glow and a thin white edge, at its real position and real scale on the scooter. If the part is small (a bulb, a seal, a bolt, a sensor), keep it at its real place and add a soft glowing green ring around it so it is easy to spot. Everything else stays dim. No text, no labels, no arrows, no numbers, no watermark. Square 1:1.
fan-pulley;Трансмиссия;Вариатор;Щёчка вариатора неподвижная (крыльчатка);fixed drive face with cooling fins;CVT variator on the left side of the engine;petrol;"Yamaha 4T (Jog, Vino, Gear); Honda 4T (Dio, Jog AY01); GY6 150 (Tank T150)";850;1100;fan-pulley.webp;fan-pulley-where.webp;Studio product photo, one image of a consistent e-commerce series. A single scooter spare part: fixed drive face with cooling fins. Isolated on a pure white seamless background #FFFFFF, centered, three-quarter view from the front-left and slightly above, the part fills about 70% of the frame, soft even studio light, subtle contact shadow under the part, realistic materials (black ABS plastic, painted plastic, aluminium, steel, rubber — whatever the real part is made of). New part, clean, no brand names, no logos, no packaging, no hands, no text, no watermark. Square 1:1.;Technical X-ray illustration, one image of a consistent series. Solid deep navy background #0E1726. A generic 50-150cc step-through city scooter (small wheels, floorboard, engine and CVT under the seat), strict side view, nose pointing right, centered, the whole scooter visible and filling about 80% of the width, no brand, no logos. The scooter is drawn as a semi-transparent X-ray / blueprint: thin light steel-blue outlines (#9FB4C8, about 40% opacity), inner parts faintly visible through the body. Only one part is solid and highlighted: fixed drive face with cooling fins (CVT variator on the left side of the engine). Render it in brand green #6CAD2F with a soft green glow and a thin white edge, at its real position and real scale on the scooter. If the part is small (a bulb, a seal, a bolt, a sensor), keep it at its real place and add a soft glowing green ring around it so it is easy to spot. Everything else stays dim. No text, no labels, no arrows, no numbers, no watermark. Square 1:1.
ramp-plate;Трансмиссия;Вариатор;Опорная шайба (кулиса) вариатора;variator ramp plate;CVT variator on the left side of the engine;petrol;все модели;550;550;ramp-plate.webp;ramp-plate-where.webp;Studio product photo, one image of a consistent e-commerce series. A single scooter spare part: variator ramp plate. Isolated on a pure white seamless background #FFFFFF, centered, three-quarter view from the front-left and slightly above, the part fills about 70% of the frame, soft even studio light, subtle contact shadow under the part, realistic materials (black ABS plastic, painted plastic, aluminium, steel, rubber — whatever the real part is made of). New part, clean, no brand names, no logos, no packaging, no hands, no text, no watermark. Square 1:1.;Technical X-ray illustration, one image of a consistent series. Solid deep navy background #0E1726. A generic 50-150cc step-through city scooter (small wheels, floorboard, engine and CVT under the seat), strict side view, nose pointing right, centered, the whole scooter visible and filling about 80% of the width, no brand, no logos. The scooter is drawn as a semi-transparent X-ray / blueprint: thin light steel-blue outlines (#9FB4C8, about 40% opacity), inner parts faintly visible through the body. Only one part is solid and highlighted: variator ramp plate (CVT variator on the left side of the engine). Render it in brand green #6CAD2F with a soft green glow and a thin white edge, at its real position and real scale on the scooter. If the part is small (a bulb, a seal, a bolt, a sensor), keep it at its real place and add a soft glowing green ring around it so it is easy to spot. Everything else stays dim. No text, no labels, no arrows, no numbers, no watermark. Square 1:1.
variator-bushing;Трансмиссия;Вариатор;Втулка переднего вариатора;variator bushing;CVT variator on the left side of the engine;petrol;все модели;550;550;variator-bushing.webp;variator-bushing-where.webp;Studio product photo, one image of a consistent e-commerce series. A single scooter spare part: variator bushing. Isolated on a pure white seamless background #FFFFFF, centered, three-quarter view from the front-left and slightly above, the part fills about 70% of the frame, soft even studio light, subtle contact shadow under the part, realistic materials (black ABS plastic, painted plastic, aluminium, steel, rubber — whatever the real part is made of). New part, clean, no brand names, no logos, no packaging, no hands, no text, no watermark. Square 1:1.;Technical X-ray illustration, one image of a consistent series. Solid deep navy background #0E1726. A generic 50-150cc step-through city scooter (small wheels, floorboard, engine and CVT under the seat), strict side view, nose pointing right, centered, the whole scooter visible and filling about 80% of the width, no brand, no logos. The scooter is drawn as a semi-transparent X-ray / blueprint: thin light steel-blue outlines (#9FB4C8, about 40% opacity), inner parts faintly visible through the body. Only one part is solid and highlighted: variator bushing (CVT variator on the left side of the engine). Render it in brand green #6CAD2F with a soft green glow and a thin white edge, at its real position and real scale on the scooter. If the part is small (a bulb, a seal, a bolt, a sensor), keep it at its real place and add a soft glowing green ring around it so it is easy to spot. Everything else stays dim. No text, no labels, no arrows, no numbers, no watermark. Square 1:1.
variator-washer;Трансмиссия;Вариатор;Шайба вариатора;variator washer;CVT variator on the left side of the engine;petrol;все модели;150;150;variator-washer.webp;variator-washer-where.webp;Studio product photo, one image of a consistent e-commerce series. A single scooter spare part: variator washer. Isolated on a pure white seamless background #FFFFFF, centered, three-quarter view from the front-left and slightly above, the part fills about 70% of the frame, soft even studio light, subtle contact shadow under the part, realistic materials (black ABS plastic, painted plastic, aluminium, steel, rubber — whatever the real part is made of). New part, clean, no brand names, no logos, no packaging, no hands, no text, no watermark. Square 1:1.;Technical X-ray illustration, one image of a consistent series. Solid deep navy background #0E1726. A generic 50-150cc step-through city scooter (small wheels, floorboard, engine and CVT under the seat), strict side view, nose pointing right, centered, the whole scooter visible and filling about 80% of the width, no brand, no logos. The scooter is drawn as a semi-transparent X-ray / blueprint: thin light steel-blue outlines (#9FB4C8, about 40% opacity), inner parts faintly visible through the body. Only one part is solid and highlighted: variator washer (CVT variator on the left side of the engine). Render it in brand green #6CAD2F with a soft green glow and a thin white edge, at its real position and real scale on the scooter. If the part is small (a bulb, a seal, a bolt, a sensor), keep it at its real place and add a soft glowing green ring around it so it is easy to spot. Everything else stays dim. No text, no labels, no arrows, no numbers, no watermark. Square 1:1.
variator-nut;Трансмиссия;Вариатор;Гайка вариатора;variator nut;CVT variator on the left side of the engine;petrol;все модели;150;150;variator-nut.webp;variator-nut-where.webp;Studio product photo, one image of a consistent e-commerce series. A single scooter spare part: variator nut. Isolated on a pure white seamless background #FFFFFF, centered, three-quarter view from the front-left and slightly above, the part fills about 70% of the frame, soft even studio light, subtle contact shadow under the part, realistic materials (black ABS plastic, painted plastic, aluminium, steel, rubber — whatever the real part is made of). New part, clean, no brand names, no logos, no packaging, no hands, no text, no watermark. Square 1:1.;Technical X-ray illustration, one image of a consistent series. Solid deep navy background #0E1726. A generic 50-150cc step-through city scooter (small wheels, floorboard, engine and CVT under the seat), strict side view, nose pointing right, centered, the whole scooter visible and filling about 80% of the width, no brand, no logos. The scooter is drawn as a semi-transparent X-ray / blueprint: thin light steel-blue outlines (#9FB4C8, about 40% opacity), inner parts faintly visible through the body. Only one part is solid and highlighted: variator nut (CVT variator on the left side of the engine). Render it in brand green #6CAD2F with a soft green glow and a thin white edge, at its real position and real scale on the scooter. If the part is small (a bulb, a seal, a bolt, a sensor), keep it at its real place and add a soft glowing green ring around it so it is easy to spot. Everything else stays dim. No text, no labels, no arrows, no numbers, no watermark. Square 1:1.
cvt-cover;Трансмиссия;Вариатор;Крышка вариатора;CVT side cover;CVT variator on the left side of the engine;petrol;"Yamaha 4T (Jog, Vino, Gear); Honda 4T (Dio, Jog AY01); GY6 150 (Tank T150)";2050;3400;cvt-cover.webp;cvt-cover-where.webp;Studio product photo, one image of a consistent e-commerce series. A single scooter spare part: CVT side cover. Isolated on a pure white seamless background #FFFFFF, centered, three-quarter view from the front-left and slightly above, the part fills about 70% of the frame, soft even studio light, subtle contact shadow under the part, realistic materials (black ABS plastic, painted plastic, aluminium, steel, rubber — whatever the real part is made of). New part, clean, no brand names, no logos, no packaging, no hands, no text, no watermark. Square 1:1.;Technical X-ray illustration, one image of a consistent series. Solid deep navy background #0E1726. A generic 50-150cc step-through city scooter (small wheels, floorboard, engine and CVT under the seat), strict side view, nose pointing right, centered, the whole scooter visible and filling about 80% of the width, no brand, no logos. The scooter is drawn as a semi-transparent X-ray / blueprint: thin light steel-blue outlines (#9FB4C8, about 40% opacity), inner parts faintly visible through the body. Only one part is solid and highlighted: CVT side cover (CVT variator on the left side of the engine). Render it in brand green #6CAD2F with a soft green glow and a thin white edge, at its real position and real scale on the scooter. If the part is small (a bulb, a seal, a bolt, a sensor), keep it at its real place and add a soft glowing green ring around it so it is easy to spot. Everything else stays dim. No text, no labels, no arrows, no numbers, no watermark. Square 1:1.
cvt-cover-seal;Трансмиссия;Вариатор;Уплотнитель крышки вариатора;CVT cover seal;CVT variator on the left side of the engine;petrol;все модели;400;400;cvt-cover-seal.webp;cvt-cover-seal-where.webp;Studio product photo, one image of a consistent e-commerce series. A single scooter spare part: CVT cover seal. Isolated on a pure white seamless background #FFFFFF, centered, three-quarter view from the front-left and slightly above, the part fills about 70% of the frame, soft even studio light, subtle contact shadow under the part, realistic materials (black ABS plastic, painted plastic, aluminium, steel, rubber — whatever the real part is made of). New part, clean, no brand names, no logos, no packaging, no hands, no text, no watermark. Square 1:1.;Technical X-ray illustration, one image of a consistent series. Solid deep navy background #0E1726. A generic 50-150cc step-through city scooter (small wheels, floorboard, engine and CVT under the seat), strict side view, nose pointing right, centered, the whole scooter visible and filling about 80% of the width, no brand, no logos. The scooter is drawn as a semi-transparent X-ray / blueprint: thin light steel-blue outlines (#9FB4C8, about 40% opacity), inner parts faintly visible through the body. Only one part is solid and highlighted: CVT cover seal (CVT variator on the left side of the engine). Render it in brand green #6CAD2F with a soft green glow and a thin white edge, at its real position and real scale on the scooter. If the part is small (a bulb, a seal, a bolt, a sensor), keep it at its real place and add a soft glowing green ring around it so it is easy to spot. Everything else stays dim. No text, no labels, no arrows, no numbers, no watermark. Square 1:1.
cvt-filter;Трансмиссия;Вариатор;Фильтр вариатора;CVT air filter sponge;CVT variator on the left side of the engine;petrol;все модели;450;450;cvt-filter.webp;cvt-filter-where.webp;Studio product photo, one image of a consistent e-commerce series. A single scooter spare part: CVT air filter sponge. Isolated on a pure white seamless background #FFFFFF, centered, three-quarter view from the front-left and slightly above, the part fills about 70% of the frame, soft even studio light, subtle contact shadow under the part, realistic materials (black ABS plastic, painted plastic, aluminium, steel, rubber — whatever the real part is made of). New part, clean, no brand names, no logos, no packaging, no hands, no text, no watermark. Square 1:1.;Technical X-ray illustration, one image of a consistent series. Solid deep navy background #0E1726. A generic 50-150cc step-through city scooter (small wheels, floorboard, engine and CVT under the seat), strict side view, nose pointing right, centered, the whole scooter visible and filling about 80% of the width, no brand, no logos. The scooter is drawn as a semi-transparent X-ray / blueprint: thin light steel-blue outlines (#9FB4C8, about 40% opacity), inner parts faintly visible through the body. Only one part is solid and highlighted: CVT air filter sponge (CVT variator on the left side of the engine). Render it in brand green #6CAD2F with a soft green glow and a thin white edge, at its real position and real scale on the scooter. If the part is small (a bulb, a seal, a bolt, a sensor), keep it at its real place and add a soft glowing green ring around it so it is easy to spot. Everything else stays dim. No text, no labels, no arrows, no numbers, no watermark. Square 1:1.
cvt-cover-bearing;Трансмиссия;Вариатор;Подшипник крышки вариатора;CVT cover bearing;CVT variator on the left side of the engine;petrol;все модели;400;400;cvt-cover-bearing.webp;cvt-cover-bearing-where.webp;Studio product photo, one image of a consistent e-commerce series. A single scooter spare part: CVT cover bearing. Isolated on a pure white seamless background #FFFFFF, centered, three-quarter view from the front-left and slightly above, the part fills about 70% of the frame, soft even studio light, subtle contact shadow under the part, realistic materials (black ABS plastic, painted plastic, aluminium, steel, rubber — whatever the real part is made of). New part, clean, no brand names, no logos, no packaging, no hands, no text, no watermark. Square 1:1.;Technical X-ray illustration, one image of a consistent series. Solid deep navy background #0E1726. A generic 50-150cc step-through city scooter (small wheels, floorboard, engine and CVT under the seat), strict side view, nose pointing right, centered, the whole scooter visible and filling about 80% of the width, no brand, no logos. The scooter is drawn as a semi-transparent X-ray / blueprint: thin light steel-blue outlines (#9FB4C8, about 40% opacity), inner parts faintly visible through the body. Only one part is solid and highlighted: CVT cover bearing (CVT variator on the left side of the engine). Render it in brand green #6CAD2F with a soft green glow and a thin white edge, at its real position and real scale on the scooter. If the part is small (a bulb, a seal, a bolt, a sensor), keep it at its real place and add a soft glowing green ring around it so it is easy to spot. Everything else stays dim. No text, no labels, no arrows, no numbers, no watermark. Square 1:1.
cvt-duct;Трансмиссия;Вариатор;Патрубок охлаждения вариатора;CVT cooling air duct;CVT variator on the left side of the engine;petrol;все модели;700;700;cvt-duct.webp;cvt-duct-where.webp;Studio product photo, one image of a consistent e-commerce series. A single scooter spare part: CVT cooling air duct. Isolated on a pure white seamless background #FFFFFF, centered, three-quarter view from the front-left and slightly above, the part fills about 70% of the frame, soft even studio light, subtle contact shadow under the part, realistic materials (black ABS plastic, painted plastic, aluminium, steel, rubber — whatever the real part is made of). New part, clean, no brand names, no logos, no packaging, no hands, no text, no watermark. Square 1:1.;Technical X-ray illustration, one image of a consistent series. Solid deep navy background #0E1726. A generic 50-150cc step-through city scooter (small wheels, floorboard, engine and CVT under the seat), strict side view, nose pointing right, centered, the whole scooter visible and filling about 80% of the width, no brand, no logos. The scooter is drawn as a semi-transparent X-ray / blueprint: thin light steel-blue outlines (#9FB4C8, about 40% opacity), inner parts faintly visible through the body. Only one part is solid and highlighted: CVT cooling air duct (CVT variator on the left side of the engine). Render it in brand green #6CAD2F with a soft green glow and a thin white edge, at its real position and real scale on the scooter. If the part is small (a bulb, a seal, a bolt, a sensor), keep it at its real place and add a soft glowing green ring around it so it is easy to spot. Everything else stays dim. No text, no labels, no arrows, no numbers, no watermark. Square 1:1.
cvt-cover-bolts;Трансмиссия;Вариатор;Болты крышки вариатора (комплект);CVT cover bolts;CVT variator on the left side of the engine;petrol;все модели;400;400;cvt-cover-bolts.webp;cvt-cover-bolts-where.webp;Studio product photo, one image of a consistent e-commerce series. A single scooter spare part: CVT cover bolts. Isolated on a pure white seamless background #FFFFFF, centered, three-quarter view from the front-left and slightly above, the part fills about 70% of the frame, soft even studio light, subtle contact shadow under the part, realistic materials (black ABS plastic, painted plastic, aluminium, steel, rubber — whatever the real part is made of). New part, clean, no brand names, no logos, no packaging, no hands, no text, no watermark. Square 1:1.;Technical X-ray illustration, one image of a consistent series. Solid deep navy background #0E1726. A generic 50-150cc step-through city scooter (small wheels, floorboard, engine and CVT under the seat), strict side view, nose pointing right, centered, the whole scooter visible and filling about 80% of the width, no brand, no logos. The scooter is drawn as a semi-transparent X-ray / blueprint: thin light steel-blue outlines (#9FB4C8, about 40% opacity), inner parts faintly visible through the body. Only one part is solid and highlighted: CVT cover bolts (CVT variator on the left side of the engine). Render it in brand green #6CAD2F with a soft green glow and a thin white edge, at its real position and real scale on the scooter. If the part is small (a bulb, a seal, a bolt, a sensor), keep it at its real place and add a soft glowing green ring around it so it is easy to spot. Everything else stays dim. No text, no labels, no arrows, no numbers, no watermark. Square 1:1.
rear-pulley;Трансмиссия;Сцепление и задний шкив;Задний шкив в сборе со сцеплением;complete rear pulley with clutch;clutch and rear pulley behind the CVT cover;petrol;"Yamaha 4T (Jog, Vino, Gear); Honda 4T (Dio, Jog AY01); GY6 150 (Tank T150)";3400;4550;rear-pulley.webp;rear-pulley-where.webp;Studio product photo, one image of a consistent e-commerce series. A single scooter spare part: complete rear pulley with clutch. Isolated on a pure white seamless background #FFFFFF, centered, three-quarter view from the front-left and slightly above, the part fills about 70% of the frame, soft even studio light, subtle contact shadow under the part, realistic materials (black ABS plastic, painted plastic, aluminium, steel, rubber — whatever the real part is made of). New part, clean, no brand names, no logos, no packaging, no hands, no text, no watermark. Square 1:1.;Technical X-ray illustration, one image of a consistent series. Solid deep navy background #0E1726. A generic 50-150cc step-through city scooter (small wheels, floorboard, engine and CVT under the seat), strict side view, nose pointing right, centered, the whole scooter visible and filling about 80% of the width, no brand, no logos. The scooter is drawn as a semi-transparent X-ray / blueprint: thin light steel-blue outlines (#9FB4C8, about 40% opacity), inner parts faintly visible through the body. Only one part is solid and highlighted: complete rear pulley with clutch (clutch and rear pulley behind the CVT cover). Render it in brand green #6CAD2F with a soft green glow and a thin white edge, at its real position and real scale on the scooter. If the part is small (a bulb, a seal, a bolt, a sensor), keep it at its real place and add a soft glowing green ring around it so it is easy to spot. Everything else stays dim. No text, no labels, no arrows, no numbers, no watermark. Square 1:1.
clutch-shoes;Трансмиссия;Сцепление и задний шкив;Колодки сцепления;centrifugal clutch shoes;clutch and rear pulley behind the CVT cover;petrol;"Yamaha 4T (Jog, Vino, Gear); Honda 4T (Dio, Jog AY01); GY6 150 (Tank T150)";1650;2050;clutch-shoes.webp;clutch-shoes-where.webp;Studio product photo, one image of a consistent e-commerce series. A single scooter spare part: centrifugal clutch shoes. Isolated on a pure white seamless background #FFFFFF, centered, three-quarter view from the front-left and slightly above, the part fills about 70% of the frame, soft even studio light, subtle contact shadow under the part, realistic materials (black ABS plastic, painted plastic, aluminium, steel, rubber — whatever the real part is made of). New part, clean, no brand names, no logos, no packaging, no hands, no text, no watermark. Square 1:1.;Technical X-ray illustration, one image of a consistent series. Solid deep navy background #0E1726. A generic 50-150cc step-through city scooter (small wheels, floorboard, engine and CVT under the seat), strict side view, nose pointing right, centered, the whole scooter visible and filling about 80% of the width, no brand, no logos. The scooter is drawn as a semi-transparent X-ray / blueprint: thin light steel-blue outlines (#9FB4C8, about 40% opacity), inner parts faintly visible through the body. Only one part is solid and highlighted: centrifugal clutch shoes (clutch and rear pulley behind the CVT cover). Render it in brand green #6CAD2F with a soft green glow and a thin white edge, at its real position and real scale on the scooter. If the part is small (a bulb, a seal, a bolt, a sensor), keep it at its real place and add a soft glowing green ring around it so it is easy to spot. Everything else stays dim. No text, no labels, no arrows, no numbers, no watermark. Square 1:1.
clutch-bell;Трансмиссия;Сцепление и задний шкив;Колокол сцепления;clutch bell;clutch and rear pulley behind the CVT cover;petrol;"Yamaha 4T (Jog, Vino, Gear); Honda 4T (Dio, Jog AY01); GY6 150 (Tank T150)";1350;1800;clutch-bell.webp;clutch-bell-where.webp;Studio product photo, one image of a consistent e-commerce series. A single scooter spare part: clutch bell. Isolated on a pure white seamless background #FFFFFF, centered, three-quarter view from the front-left and slightly above, the part fills about 70% of the frame, soft even studio light, subtle contact shadow under the part, realistic materials (black ABS plastic, painted plastic, aluminium, steel, rubber — whatever the real part is made of). New part, clean, no brand names, no logos, no packaging, no hands, no text, no watermark. Square 1:1.;Technical X-ray illustration, one image of a consistent series. Solid deep navy background #0E1726. A generic 50-150cc step-through city scooter (small wheels, floorboard, engine and CVT under the seat), strict side view, nose pointing right, centered, the whole scooter visible and filling about 80% of the width, no brand, no logos. The scooter is drawn as a semi-transparent X-ray / blueprint: thin light steel-blue outlines (#9FB4C8, about 40% opacity), inner parts faintly visible through the body. Only one part is solid and highlighted: clutch bell (clutch and rear pulley behind the CVT cover). Render it in brand green #6CAD2F with a soft green glow and a thin white edge, at its real position and real scale on the scooter. If the part is small (a bulb, a seal, a bolt, a sensor), keep it at its real place and add a soft glowing green ring around it so it is easy to spot. Everything else stays dim. No text, no labels, no arrows, no numbers, no watermark. Square 1:1.
torque-spring;Трансмиссия;Сцепление и задний шкив;Пружина сцепления (торк-драйвера);torque spring;clutch and rear pulley behind the CVT cover;petrol;все модели;600;600;torque-spring.webp;torque-spring-where.webp;Studio product photo, one image of a consistent e-commerce series. A single scooter spare part: torque spring. Isolated on a pure white seamless background #FFFFFF, centered, three-quarter view from the front-left and slightly above, the part fills about 70% of the frame, soft even studio light, subtle contact shadow under the part, realistic materials (black ABS plastic, painted plastic, aluminium, steel, rubber — whatever the real part is made of). New part, clean, no brand names, no logos, no packaging, no hands, no text, no watermark. Square 1:1.;Technical X-ray illustration, one image of a consistent series. Solid deep navy background #0E1726. A generic 50-150cc step-through city scooter (small wheels, floorboard, engine and CVT under the seat), strict side view, nose pointing right, centered, the whole scooter visible and filling about 80% of the width, no brand, no logos. The scooter is drawn as a semi-transparent X-ray / blueprint: thin light steel-blue outlines (#9FB4C8, about 40% opacity), inner parts faintly visible through the body. Only one part is solid and highlighted: torque spring (clutch and rear pulley behind the CVT cover). Render it in brand green #6CAD2F with a soft green glow and a thin white edge, at its real position and real scale on the scooter. If the part is small (a bulb, a seal, a bolt, a sensor), keep it at its real place and add a soft glowing green ring around it so it is easy to spot. Everything else stays dim. No text, no labels, no arrows, no numbers, no watermark. Square 1:1.
torque-driver;Трансмиссия;Сцепление и задний шкив;Торк-драйвер (подвижная половина шкива);torque driver movable pulley half;clutch and rear pulley behind the CVT cover;petrol;"Yamaha 4T (Jog, Vino, Gear); Honda 4T (Dio, Jog AY01); GY6 150 (Tank T150)";1800;2450;torque-driver.webp;torque-driver-where.webp;Studio product photo, one image of a consistent e-commerce series. A single scooter spare part: torque driver movable pulley half. Isolated on a pure white seamless background #FFFFFF, centered, three-quarter view from the front-left and slightly above, the part fills about 70% of the frame, soft even studio light, subtle contact shadow under the part, realistic materials (black ABS plastic, painted plastic, aluminium, steel, rubber — whatever the real part is made of). New part, clean, no brand names, no logos, no packaging, no hands, no text, no watermark. Square 1:1.;Technical X-ray illustration, one image of a consistent series. Solid deep navy background #0E1726. A generic 50-150cc step-through city scooter (small wheels, floorboard, engine and CVT under the seat), strict side view, nose pointing right, centered, the whole scooter visible and filling about 80% of the width, no brand, no logos. The scooter is drawn as a semi-transparent X-ray / blueprint: thin light steel-blue outlines (#9FB4C8, about 40% opacity), inner parts faintly visible through the body. Only one part is solid and highlighted: torque driver movable pulley half (clutch and rear pulley behind the CVT cover). Render it in brand green #6CAD2F with a soft green glow and a thin white edge, at its real position and real scale on the scooter. If the part is small (a bulb, a seal, a bolt, a sensor), keep it at its real place and add a soft glowing green ring around it so it is easy to spot. Everything else stays dim. No text, no labels, no arrows, no numbers, no watermark. Square 1:1.
torque-pins;Трансмиссия;Сцепление и задний шкив;Направляющие торк-драйвера с роликами;torque driver guide pins with rollers;clutch and rear pulley behind the CVT cover;petrol;все модели;400;400;torque-pins.webp;torque-pins-where.webp;Studio product photo, one image of a consistent e-commerce series. A single scooter spare part: torque driver guide pins with rollers. Isolated on a pure white seamless background #FFFFFF, centered, three-quarter view from the front-left and slightly above, the part fills about 70% of the frame, soft even studio light, subtle contact shadow under the part, realistic materials (black ABS plastic, painted plastic, aluminium, steel, rubber — whatever the real part is made of). New part, clean, no brand names, no logos, no packaging, no hands, no text, no watermark. Square 1:1.;Technical X-ray illustration, one image of a consistent series. Solid deep navy background #0E1726. A generic 50-150cc step-through city scooter (small wheels, floorboard, engine and CVT under the seat), strict side view, nose pointing right, centered, the whole scooter visible and filling about 80% of the width, no brand, no logos. The scooter is drawn as a semi-transparent X-ray / blueprint: thin light steel-blue outlines (#9FB4C8, about 40% opacity), inner parts faintly visible through the body. Only one part is solid and highlighted: torque driver guide pins with rollers (clutch and rear pulley behind the CVT cover). Render it in brand green #6CAD2F with a soft green glow and a thin white edge, at its real position and real scale on the scooter. If the part is small (a bulb, a seal, a bolt, a sensor), keep it at its real place and add a soft glowing green ring around it so it is easy to spot. Everything else stays dim. No text, no labels, no arrows, no numbers, no watermark. Square 1:1.
torque-needle-bearing;Трансмиссия;Сцепление и задний шкив;Подшипник игольчатый торк-драйвера;needle bearing of the torque driver;clutch and rear pulley behind the CVT cover;petrol;все модели;450;450;torque-needle-bearing.webp;torque-needle-bearing-where.webp;Studio product photo, one image of a consistent e-commerce series. A single scooter spare part: needle bearing of the torque driver. Isolated on a pure white seamless background #FFFFFF, centered, three-quarter view from the front-left and slightly above, the part fills about 70% of the frame, soft even studio light, subtle contact shadow under the part, realistic materials (black ABS plastic, painted plastic, aluminium, steel, rubber — whatever the real part is made of). New part, clean, no brand names, no logos, no packaging, no hands, no text, no watermark. Square 1:1.;Technical X-ray illustration, one image of a consistent series. Solid deep navy background #0E1726. A generic 50-150cc step-through city scooter (small wheels, floorboard, engine and CVT under the seat), strict side view, nose pointing right, centered, the whole scooter visible and filling about 80% of the width, no brand, no logos. The scooter is drawn as a semi-transparent X-ray / blueprint: thin light steel-blue outlines (#9FB4C8, about 40% opacity), inner parts faintly visible through the body. Only one part is solid and highlighted: needle bearing of the torque driver (clutch and rear pulley behind the CVT cover). Render it in brand green #6CAD2F with a soft green glow and a thin white edge, at its real position and real scale on the scooter. If the part is small (a bulb, a seal, a bolt, a sensor), keep it at its real place and add a soft glowing green ring around it so it is easy to spot. Everything else stays dim. No text, no labels, no arrows, no numbers, no watermark. Square 1:1.
torque-seals;Трансмиссия;Сцепление и задний шкив;Сальники торк-драйвера (комплект);torque driver seals;clutch and rear pulley behind the CVT cover;petrol;все модели;400;400;torque-seals.webp;torque-seals-where.webp;Studio product photo, one image of a consistent e-commerce series. A single scooter spare part: torque driver seals. Isolated on a pure white seamless background #FFFFFF, centered, three-quarter view from the front-left and slightly above, the part fills about 70% of the frame, soft even studio light, subtle contact shadow under the part, realistic materials (black ABS plastic, painted plastic, aluminium, steel, rubber — whatever the real part is made of). New part, clean, no brand names, no logos, no packaging, no hands, no text, no watermark. Square 1:1.;Technical X-ray illustration, one image of a consistent series. Solid deep navy background #0E1726. A generic 50-150cc step-through city scooter (small wheels, floorboard, engine and CVT under the seat), strict side view, nose pointing right, centered, the whole scooter visible and filling about 80% of the width, no brand, no logos. The scooter is drawn as a semi-transparent X-ray / blueprint: thin light steel-blue outlines (#9FB4C8, about 40% opacity), inner parts faintly visible through the body. Only one part is solid and highlighted: torque driver seals (clutch and rear pulley behind the CVT cover). Render it in brand green #6CAD2F with a soft green glow and a thin white edge, at its real position and real scale on the scooter. If the part is small (a bulb, a seal, a bolt, a sensor), keep it at its real place and add a soft glowing green ring around it so it is easy to spot. Everything else stays dim. No text, no labels, no arrows, no numbers, no watermark. Square 1:1.
clutch-springs;Трансмиссия;Сцепление и задний шкив;Пружины колодок сцепления (3 шт);clutch shoe springs;clutch and rear pulley behind the CVT cover;petrol;все модели;300;300;clutch-springs.webp;clutch-springs-where.webp;Studio product photo, one image of a consistent e-commerce series. A single scooter spare part: clutch shoe springs. Isolated on a pure white seamless background #FFFFFF, centered, three-quarter view from the front-left and slightly above, the part fills about 70% of the frame, soft even studio light, subtle contact shadow under the part, realistic materials (black ABS plastic, painted plastic, aluminium, steel, rubber — whatever the real part is made of). New part, clean, no brand names, no logos, no packaging, no hands, no text, no watermark. Square 1:1.;Technical X-ray illustration, one image of a consistent series. Solid deep navy background #0E1726. A generic 50-150cc step-through city scooter (small wheels, floorboard, engine and CVT under the seat), strict side view, nose pointing right, centered, the whole scooter visible and filling about 80% of the width, no brand, no logos. The scooter is drawn as a semi-transparent X-ray / blueprint: thin light steel-blue outlines (#9FB4C8, about 40% opacity), inner parts faintly visible through the body. Only one part is solid and highlighted: clutch shoe springs (clutch and rear pulley behind the CVT cover). Render it in brand green #6CAD2F with a soft green glow and a thin white edge, at its real position and real scale on the scooter. If the part is small (a bulb, a seal, a bolt, a sensor), keep it at its real place and add a soft glowing green ring around it so it is easy to spot. Everything else stays dim. No text, no labels, no arrows, no numbers, no watermark. Square 1:1.
clutch-nut;Трансмиссия;Сцепление и задний шкив;Гайка сцепления;clutch nut;clutch and rear pulley behind the CVT cover;petrol;все модели;250;250;clutch-nut.webp;clutch-nut-where.webp;Studio product photo, one image of a consistent e-commerce series. A single scooter spare part: clutch nut. Isolated on a pure white seamless background #FFFFFF, centered, three-quarter view from the front-left and slightly above, the part fills about 70% of the frame, soft even studio light, subtle contact shadow under the part, realistic materials (black ABS plastic, painted plastic, aluminium, steel, rubber — whatever the real part is made of). New part, clean, no brand names, no logos, no packaging, no hands, no text, no watermark. Square 1:1.;Technical X-ray illustration, one image of a consistent series. Solid deep navy background #0E1726. A generic 50-150cc step-through city scooter (small wheels, floorboard, engine and CVT under the seat), strict side view, nose pointing right, centered, the whole scooter visible and filling about 80% of the width, no brand, no logos. The scooter is drawn as a semi-transparent X-ray / blueprint: thin light steel-blue outlines (#9FB4C8, about 40% opacity), inner parts faintly visible through the body. Only one part is solid and highlighted: clutch nut (clutch and rear pulley behind the CVT cover). Render it in brand green #6CAD2F with a soft green glow and a thin white edge, at its real position and real scale on the scooter. If the part is small (a bulb, a seal, a bolt, a sensor), keep it at its real place and add a soft glowing green ring around it so it is easy to spot. Everything else stays dim. No text, no labels, no arrows, no numbers, no watermark. Square 1:1.
bell-nut;Трансмиссия;Сцепление и задний шкив;Гайка колокола;clutch bell nut;clutch and rear pulley behind the CVT cover;petrol;все модели;150;150;bell-nut.webp;bell-nut-where.webp;Studio product photo, one image of a consistent e-commerce series. A single scooter spare part: clutch bell nut. Isolated on a pure white seamless background #FFFFFF, centered, three-quarter view from the front-left and slightly above, the part fills about 70% of the frame, soft even studio light, subtle contact shadow under the part, realistic materials (black ABS plastic, painted plastic, aluminium, steel, rubber — whatever the real part is made of). New part, clean, no brand names, no logos, no packaging, no hands, no text, no watermark. Square 1:1.;Technical X-ray illustration, one image of a consistent series. Solid deep navy background #0E1726. A generic 50-150cc step-through city scooter (small wheels, floorboard, engine and CVT under the seat), strict side view, nose pointing right, centered, the whole scooter visible and filling about 80% of the width, no brand, no logos. The scooter is drawn as a semi-transparent X-ray / blueprint: thin light steel-blue outlines (#9FB4C8, about 40% opacity), inner parts faintly visible through the body. Only one part is solid and highlighted: clutch bell nut (clutch and rear pulley behind the CVT cover). Render it in brand green #6CAD2F with a soft green glow and a thin white edge, at its real position and real scale on the scooter. If the part is small (a bulb, a seal, a bolt, a sensor), keep it at its real place and add a soft glowing green ring around it so it is easy to spot. Everything else stays dim. No text, no labels, no arrows, no numbers, no watermark. Square 1:1.
gear-set;Трансмиссия;Редуктор;Шестерни редуктора (комплект);final drive gear set;final drive gearbox at the rear wheel;petrol;"Yamaha 4T (Jog, Vino, Gear); Honda 4T (Dio, Jog AY01); GY6 150 (Tank T150)";3000;3400;gear-set.webp;gear-set-where.webp;Studio product photo, one image of a consistent e-commerce series. A single scooter spare part: final drive gear set. Isolated on a pure white seamless background #FFFFFF, centered, three-quarter view from the front-left and slightly above, the part fills about 70% of the frame, soft even studio light, subtle contact shadow under the part, realistic materials (black ABS plastic, painted plastic, aluminium, steel, rubber — whatever the real part is made of). New part, clean, no brand names, no logos, no packaging, no hands, no text, no watermark. Square 1:1.;Technical X-ray illustration, one image of a consistent series. Solid deep navy background #0E1726. A generic 50-150cc step-through city scooter (small wheels, floorboard, engine and CVT under the seat), strict side view, nose pointing right, centered, the whole scooter visible and filling about 80% of the width, no brand, no logos. The scooter is drawn as a semi-transparent X-ray / blueprint: thin light steel-blue outlines (#9FB4C8, about 40% opacity), inner parts faintly visible through the body. Only one part is solid and highlighted: final drive gear set (final drive gearbox at the rear wheel). Render it in brand green #6CAD2F with a soft green glow and a thin white edge, at its real position and real scale on the scooter. If the part is small (a bulb, a seal, a bolt, a sensor), keep it at its real place and add a soft glowing green ring around it so it is easy to spot. Everything else stays dim. No text, no labels, no arrows, no numbers, no watermark. Square 1:1.
rear-axle;Трансмиссия;Редуктор;Вал заднего колеса;rear wheel axle shaft;final drive gearbox at the rear wheel;petrol;"Yamaha 4T, Honda 4T; GY6 150 (Tank T150)";1650;2050;rear-axle.webp;rear-axle-where.webp;Studio product photo, one image of a consistent e-commerce series. A single scooter spare part: rear wheel axle shaft. Isolated on a pure white seamless background #FFFFFF, centered, three-quarter view from the front-left and slightly above, the part fills about 70% of the frame, soft even studio light, subtle contact shadow under the part, realistic materials (black ABS plastic, painted plastic, aluminium, steel, rubber — whatever the real part is made of). New part, clean, no brand names, no logos, no packaging, no hands, no text, no watermark. Square 1:1.;Technical X-ray illustration, one image of a consistent series. Solid deep navy background #0E1726. A generic 50-150cc step-through city scooter (small wheels, floorboard, engine and CVT under the seat), strict side view, nose pointing right, centered, the whole scooter visible and filling about 80% of the width, no brand, no logos. The scooter is drawn as a semi-transparent X-ray / blueprint: thin light steel-blue outlines (#9FB4C8, about 40% opacity), inner parts faintly visible through the body. Only one part is solid and highlighted: rear wheel axle shaft (final drive gearbox at the rear wheel). Render it in brand green #6CAD2F with a soft green glow and a thin white edge, at its real position and real scale on the scooter. If the part is small (a bulb, a seal, a bolt, a sensor), keep it at its real place and add a soft glowing green ring around it so it is easy to spot. Everything else stays dim. No text, no labels, no arrows, no numbers, no watermark. Square 1:1.
drive-shaft;Трансмиссия;Редуктор;Первичный вал редуктора;gearbox input shaft;final drive gearbox at the rear wheel;petrol;"Yamaha 4T (Jog, Vino, Gear); Honda 4T (Dio, Jog AY01); GY6 150 (Tank T150)";1350;1650;drive-shaft.webp;drive-shaft-where.webp;Studio product photo, one image of a consistent e-commerce series. A single scooter spare part: gearbox input shaft. Isolated on a pure white seamless background #FFFFFF, centered, three-quarter view from the front-left and slightly above, the part fills about 70% of the frame, soft even studio light, subtle contact shadow under the part, realistic materials (black ABS plastic, painted plastic, aluminium, steel, rubber — whatever the real part is made of). New part, clean, no brand names, no logos, no packaging, no hands, no text, no watermark. Square 1:1.;Technical X-ray illustration, one image of a consistent series. Solid deep navy background #0E1726. A generic 50-150cc step-through city scooter (small wheels, floorboard, engine and CVT under the seat), strict side view, nose pointing right, centered, the whole scooter visible and filling about 80% of the width, no brand, no logos. The scooter is drawn as a semi-transparent X-ray / blueprint: thin light steel-blue outlines (#9FB4C8, about 40% opacity), inner parts faintly visible through the body. Only one part is solid and highlighted: gearbox input shaft (final drive gearbox at the rear wheel). Render it in brand green #6CAD2F with a soft green glow and a thin white edge, at its real position and real scale on the scooter. If the part is small (a bulb, a seal, a bolt, a sensor), keep it at its real place and add a soft glowing green ring around it so it is easy to spot. Everything else stays dim. No text, no labels, no arrows, no numbers, no watermark. Square 1:1.
gearbox-bearings;Трансмиссия;Редуктор;Подшипники редуктора (комплект);gearbox bearings;final drive gearbox at the rear wheel;petrol;все модели;1100;1100;gearbox-bearings.webp;gearbox-bearings-where.webp;Studio product photo, one image of a consistent e-commerce series. A single scooter spare part: gearbox bearings. Isolated on a pure white seamless background #FFFFFF, centered, three-quarter view from the front-left and slightly above, the part fills about 70% of the frame, soft even studio light, subtle contact shadow under the part, realistic materials (black ABS plastic, painted plastic, aluminium, steel, rubber — whatever the real part is made of). New part, clean, no brand names, no logos, no packaging, no hands, no text, no watermark. Square 1:1.;Technical X-ray illustration, one image of a consistent series. Solid deep navy background #0E1726. A generic 50-150cc step-through city scooter (small wheels, floorboard, engine and CVT under the seat), strict side view, nose pointing right, centered, the whole scooter visible and filling about 80% of the width, no brand, no logos. The scooter is drawn as a semi-transparent X-ray / blueprint: thin light steel-blue outlines (#9FB4C8, about 40% opacity), inner parts faintly visible through the body. Only one part is solid and highlighted: gearbox bearings (final drive gearbox at the rear wheel). Render it in brand green #6CAD2F with a soft green glow and a thin white edge, at its real position and real scale on the scooter. If the part is small (a bulb, a seal, a bolt, a sensor), keep it at its real place and add a soft glowing green ring around it so it is easy to spot. Everything else stays dim. No text, no labels, no arrows, no numbers, no watermark. Square 1:1.
gearbox-seals;Трансмиссия;Редуктор;Сальники редуктора (комплект);gearbox oil seals;final drive gearbox at the rear wheel;petrol;все модели;400;400;gearbox-seals.webp;gearbox-seals-where.webp;Studio product photo, one image of a consistent e-commerce series. A single scooter spare part: gearbox oil seals. Isolated on a pure white seamless background #FFFFFF, centered, three-quarter view from the front-left and slightly above, the part fills about 70% of the frame, soft even studio light, subtle contact shadow under the part, realistic materials (black ABS plastic, painted plastic, aluminium, steel, rubber — whatever the real part is made of). New part, clean, no brand names, no logos, no packaging, no hands, no text, no watermark. Square 1:1.;Technical X-ray illustration, one image of a consistent series. Solid deep navy background #0E1726. A generic 50-150cc step-through city scooter (small wheels, floorboard, engine and CVT under the seat), strict side view, nose pointing right, centered, the whole scooter visible and filling about 80% of the width, no brand, no logos. The scooter is drawn as a semi-transparent X-ray / blueprint: thin light steel-blue outlines (#9FB4C8, about 40% opacity), inner parts faintly visible through the body. Only one part is solid and highlighted: gearbox oil seals (final drive gearbox at the rear wheel). Render it in brand green #6CAD2F with a soft green glow and a thin white edge, at its real position and real scale on the scooter. If the part is small (a bulb, a seal, a bolt, a sensor), keep it at its real place and add a soft glowing green ring around it so it is easy to spot. Everything else stays dim. No text, no labels, no arrows, no numbers, no watermark. Square 1:1.
gearbox-gasket;Трансмиссия;Редуктор;Прокладка редуктора;gearbox cover gasket;final drive gearbox at the rear wheel;petrol;все модели;250;250;gearbox-gasket.webp;gearbox-gasket-where.webp;Studio product photo, one image of a consistent e-commerce series. A single scooter spare part: gearbox cover gasket. Isolated on a pure white seamless background #FFFFFF, centered, three-quarter view from the front-left and slightly above, the part fills about 70% of the frame, soft even studio light, subtle contact shadow under the part, realistic materials (black ABS plastic, painted plastic, aluminium, steel, rubber — whatever the real part is made of). New part, clean, no brand names, no logos, no packaging, no hands, no text, no watermark. Square 1:1.;Technical X-ray illustration, one image of a consistent series. Solid deep navy background #0E1726. A generic 50-150cc step-through city scooter (small wheels, floorboard, engine and CVT under the seat), strict side view, nose pointing right, centered, the whole scooter visible and filling about 80% of the width, no brand, no logos. The scooter is drawn as a semi-transparent X-ray / blueprint: thin light steel-blue outlines (#9FB4C8, about 40% opacity), inner parts faintly visible through the body. Only one part is solid and highlighted: gearbox cover gasket (final drive gearbox at the rear wheel). Render it in brand green #6CAD2F with a soft green glow and a thin white edge, at its real position and real scale on the scooter. If the part is small (a bulb, a seal, a bolt, a sensor), keep it at its real place and add a soft glowing green ring around it so it is easy to spot. Everything else stays dim. No text, no labels, no arrows, no numbers, no watermark. Square 1:1.
gearbox-cover;Трансмиссия;Редуктор;Крышка редуктора;gearbox cover;final drive gearbox at the rear wheel;petrol;"Yamaha 4T (Jog, Vino, Gear); Honda 4T (Dio, Jog AY01); GY6 150 (Tank T150)";2050;2700;gearbox-cover.webp;gearbox-cover-where.webp;Studio product photo, one image of a consistent e-commerce series. A single scooter spare part: gearbox cover. Isolated on a pure white seamless background #FFFFFF, centered, three-quarter view from the front-left and slightly above, the part fills about 70% of the frame, soft even studio light, subtle contact shadow under the part, realistic materials (black ABS plastic, painted plastic, aluminium, steel, rubber — whatever the real part is made of). New part, clean, no brand names, no logos, no packaging, no hands, no text, no watermark. Square 1:1.;Technical X-ray illustration, one image of a consistent series. Solid deep navy background #0E1726. A generic 50-150cc step-through city scooter (small wheels, floorboard, engine and CVT under the seat), strict side view, nose pointing right, centered, the whole scooter visible and filling about 80% of the width, no brand, no logos. The scooter is drawn as a semi-transparent X-ray / blueprint: thin light steel-blue outlines (#9FB4C8, about 40% opacity), inner parts faintly visible through the body. Only one part is solid and highlighted: gearbox cover (final drive gearbox at the rear wheel). Render it in brand green #6CAD2F with a soft green glow and a thin white edge, at its real position and real scale on the scooter. If the part is small (a bulb, a seal, a bolt, a sensor), keep it at its real place and add a soft glowing green ring around it so it is easy to spot. Everything else stays dim. No text, no labels, no arrows, no numbers, no watermark. Square 1:1.
gearbox-fill-bolt;Трансмиссия;Редуктор;Болт заливной с шайбой;gearbox oil fill bolt;final drive gearbox at the rear wheel;petrol;все модели;250;250;gearbox-fill-bolt.webp;gearbox-fill-bolt-where.webp;Studio product photo, one image of a consistent e-commerce series. A single scooter spare part: gearbox oil fill bolt. Isolated on a pure white seamless background #FFFFFF, centered, three-quarter view from the front-left and slightly above, the part fills about 70% of the frame, soft even studio light, subtle contact shadow under the part, realistic materials (black ABS plastic, painted plastic, aluminium, steel, rubber — whatever the real part is made of). New part, clean, no brand names, no logos, no packaging, no hands, no text, no watermark. Square 1:1.;Technical X-ray illustration, one image of a consistent series. Solid deep navy background #0E1726. A generic 50-150cc step-through city scooter (small wheels, floorboard, engine and CVT under the seat), strict side view, nose pointing right, centered, the whole scooter visible and filling about 80% of the width, no brand, no logos. The scooter is drawn as a semi-transparent X-ray / blueprint: thin light steel-blue outlines (#9FB4C8, about 40% opacity), inner parts faintly visible through the body. Only one part is solid and highlighted: gearbox oil fill bolt (final drive gearbox at the rear wheel). Render it in brand green #6CAD2F with a soft green glow and a thin white edge, at its real position and real scale on the scooter. If the part is small (a bulb, a seal, a bolt, a sensor), keep it at its real place and add a soft glowing green ring around it so it is easy to spot. Everything else stays dim. No text, no labels, no arrows, no numbers, no watermark. Square 1:1.
gearbox-bolts;Трансмиссия;Редуктор;Болты крышки редуктора (комплект);gearbox cover bolts;final drive gearbox at the rear wheel;petrol;все модели;300;300;gearbox-bolts.webp;gearbox-bolts-where.webp;Studio product photo, one image of a consistent e-commerce series. A single scooter spare part: gearbox cover bolts. Isolated on a pure white seamless background #FFFFFF, centered, three-quarter view from the front-left and slightly above, the part fills about 70% of the frame, soft even studio light, subtle contact shadow under the part, realistic materials (black ABS plastic, painted plastic, aluminium, steel, rubber — whatever the real part is made of). New part, clean, no brand names, no logos, no packaging, no hands, no text, no watermark. Square 1:1.;Technical X-ray illustration, one image of a consistent series. Solid deep navy background #0E1726. A generic 50-150cc step-through city scooter (small wheels, floorboard, engine and CVT under the seat), strict side view, nose pointing right, centered, the whole scooter visible and filling about 80% of the width, no brand, no logos. The scooter is drawn as a semi-transparent X-ray / blueprint: thin light steel-blue outlines (#9FB4C8, about 40% opacity), inner parts faintly visible through the body. Only one part is solid and highlighted: gearbox cover bolts (final drive gearbox at the rear wheel). Render it in brand green #6CAD2F with a soft green glow and a thin white edge, at its real position and real scale on the scooter. If the part is small (a bulb, a seal, a bolt, a sensor), keep it at its real place and add a soft glowing green ring around it so it is easy to spot. Everything else stays dim. No text, no labels, no arrows, no numbers, no watermark. Square 1:1.
fuel-tank;Топливо, впуск и выпуск;Бак и подача топлива;Бензобак;fuel tank;fuel tank under the seat or floor;petrol;"Yamaha Gear 4T; Yamaha Jog 4T; Yamaha Jog AY01; Honda Dio AF62/68; Tank T150";3000;4550;fuel-tank.webp;fuel-tank-where.webp;Studio product photo, one image of a consistent e-commerce series. A single scooter spare part: fuel tank. Isolated on a pure white seamless background #FFFFFF, centered, three-quarter view from the front-left and slightly above, the part fills about 70% of the frame, soft even studio light, subtle contact shadow under the part, realistic materials (black ABS plastic, painted plastic, aluminium, steel, rubber — whatever the real part is made of). New part, clean, no brand names, no logos, no packaging, no hands, no text, no watermark. Square 1:1.;Technical X-ray illustration, one image of a consistent series. Solid deep navy background #0E1726. A generic 50-150cc step-through city scooter (small wheels, floorboard, engine and CVT under the seat), strict side view, nose pointing right, centered, the whole scooter visible and filling about 80% of the width, no brand, no logos. The scooter is drawn as a semi-transparent X-ray / blueprint: thin light steel-blue outlines (#9FB4C8, about 40% opacity), inner parts faintly visible through the body. Only one part is solid and highlighted: fuel tank (fuel tank under the seat or floor). Render it in brand green #6CAD2F with a soft green glow and a thin white edge, at its real position and real scale on the scooter. If the part is small (a bulb, a seal, a bolt, a sensor), keep it at its real place and add a soft glowing green ring around it so it is easy to spot. Everything else stays dim. No text, no labels, no arrows, no numbers, no watermark. Square 1:1.
fuel-cap;Топливо, впуск и выпуск;Бак и подача топлива;Крышка бензобака;fuel tank cap;fuel tank under the seat or floor;petrol;все модели;700;700;fuel-cap.webp;fuel-cap-where.webp;Studio product photo, one image of a consistent e-commerce series. A single scooter spare part: fuel tank cap. Isolated on a pure white seamless background #FFFFFF, centered, three-quarter view from the front-left and slightly above, the part fills about 70% of the frame, soft even studio light, subtle contact shadow under the part, realistic materials (black ABS plastic, painted plastic, aluminium, steel, rubber — whatever the real part is made of). New part, clean, no brand names, no logos, no packaging, no hands, no text, no watermark. Square 1:1.;Technical X-ray illustration, one image of a consistent series. Solid deep navy background #0E1726. A generic 50-150cc step-through city scooter (small wheels, floorboard, engine and CVT under the seat), strict side view, nose pointing right, centered, the whole scooter visible and filling about 80% of the width, no brand, no logos. The scooter is drawn as a semi-transparent X-ray / blueprint: thin light steel-blue outlines (#9FB4C8, about 40% opacity), inner parts faintly visible through the body. Only one part is solid and highlighted: fuel tank cap (fuel tank under the seat or floor). Render it in brand green #6CAD2F with a soft green glow and a thin white edge, at its real position and real scale on the scooter. If the part is small (a bulb, a seal, a bolt, a sensor), keep it at its real place and add a soft glowing green ring around it so it is easy to spot. Everything else stays dim. No text, no labels, no arrows, no numbers, no watermark. Square 1:1.
fuel-pump;Топливо, впуск и выпуск;Бак и подача топлива;Бензонасос;electric fuel pump;fuel tank under the seat or floor;petrol;"Yamaha 4T (Jog, Vino, Gear); Honda 4T (Dio, Jog AY01)";2650;3800;fuel-pump.webp;fuel-pump-where.webp;Studio product photo, one image of a consistent e-commerce series. A single scooter spare part: electric fuel pump. Isolated on a pure white seamless background #FFFFFF, centered, three-quarter view from the front-left and slightly above, the part fills about 70% of the frame, soft even studio light, subtle contact shadow under the part, realistic materials (black ABS plastic, painted plastic, aluminium, steel, rubber — whatever the real part is made of). New part, clean, no brand names, no logos, no packaging, no hands, no text, no watermark. Square 1:1.;Technical X-ray illustration, one image of a consistent series. Solid deep navy background #0E1726. A generic 50-150cc step-through city scooter (small wheels, floorboard, engine and CVT under the seat), strict side view, nose pointing right, centered, the whole scooter visible and filling about 80% of the width, no brand, no logos. The scooter is drawn as a semi-transparent X-ray / blueprint: thin light steel-blue outlines (#9FB4C8, about 40% opacity), inner parts faintly visible through the body. Only one part is solid and highlighted: electric fuel pump (fuel tank under the seat or floor). Render it in brand green #6CAD2F with a soft green glow and a thin white edge, at its real position and real scale on the scooter. If the part is small (a bulb, a seal, a bolt, a sensor), keep it at its real place and add a soft glowing green ring around it so it is easy to spot. Everything else stays dim. No text, no labels, no arrows, no numbers, no watermark. Square 1:1.
fuel-pump-seal;Топливо, впуск и выпуск;Бак и подача топлива;Уплотнитель бензонасоса;fuel pump seal ring;fuel tank under the seat or floor;petrol;Yamaha 4T, Honda 4T;400;400;fuel-pump-seal.webp;fuel-pump-seal-where.webp;Studio product photo, one image of a consistent e-commerce series. A single scooter spare part: fuel pump seal ring. Isolated on a pure white seamless background #FFFFFF, centered, three-quarter view from the front-left and slightly above, the part fills about 70% of the frame, soft even studio light, subtle contact shadow under the part, realistic materials (black ABS plastic, painted plastic, aluminium, steel, rubber — whatever the real part is made of). New part, clean, no brand names, no logos, no packaging, no hands, no text, no watermark. Square 1:1.;Technical X-ray illustration, one image of a consistent series. Solid deep navy background #0E1726. A generic 50-150cc step-through city scooter (small wheels, floorboard, engine and CVT under the seat), strict side view, nose pointing right, centered, the whole scooter visible and filling about 80% of the width, no brand, no logos. The scooter is drawn as a semi-transparent X-ray / blueprint: thin light steel-blue outlines (#9FB4C8, about 40% opacity), inner parts faintly visible through the body. Only one part is solid and highlighted: fuel pump seal ring (fuel tank under the seat or floor). Render it in brand green #6CAD2F with a soft green glow and a thin white edge, at its real position and real scale on the scooter. If the part is small (a bulb, a seal, a bolt, a sensor), keep it at its real place and add a soft glowing green ring around it so it is easy to spot. Everything else stays dim. No text, no labels, no arrows, no numbers, no watermark. Square 1:1.
fuel-filter;Топливо, впуск и выпуск;Бак и подача топлива;Фильтр топливный;inline fuel filter;fuel tank under the seat or floor;petrol;все модели;150;150;fuel-filter.webp;fuel-filter-where.webp;Studio product photo, one image of a consistent e-commerce series. A single scooter spare part: inline fuel filter. Isolated on a pure white seamless background #FFFFFF, centered, three-quarter view from the front-left and slightly above, the part fills about 70% of the frame, soft even studio light, subtle contact shadow under the part, realistic materials (black ABS plastic, painted plastic, aluminium, steel, rubber — whatever the real part is made of). New part, clean, no brand names, no logos, no packaging, no hands, no text, no watermark. Square 1:1.;Technical X-ray illustration, one image of a consistent series. Solid deep navy background #0E1726. A generic 50-150cc step-through city scooter (small wheels, floorboard, engine and CVT under the seat), strict side view, nose pointing right, centered, the whole scooter visible and filling about 80% of the width, no brand, no logos. The scooter is drawn as a semi-transparent X-ray / blueprint: thin light steel-blue outlines (#9FB4C8, about 40% opacity), inner parts faintly visible through the body. Only one part is solid and highlighted: inline fuel filter (fuel tank under the seat or floor). Render it in brand green #6CAD2F with a soft green glow and a thin white edge, at its real position and real scale on the scooter. If the part is small (a bulb, a seal, a bolt, a sensor), keep it at its real place and add a soft glowing green ring around it so it is easy to spot. Everything else stays dim. No text, no labels, no arrows, no numbers, no watermark. Square 1:1.
fuel-hose;Топливо, впуск и выпуск;Бак и подача топлива;Шланг топливный (1 м);fuel hose;fuel tank under the seat or floor;petrol;все модели;150;150;fuel-hose.webp;fuel-hose-where.webp;Studio product photo, one image of a consistent e-commerce series. A single scooter spare part: fuel hose. Isolated on a pure white seamless background #FFFFFF, centered, three-quarter view from the front-left and slightly above, the part fills about 70% of the frame, soft even studio light, subtle contact shadow under the part, realistic materials (black ABS plastic, painted plastic, aluminium, steel, rubber — whatever the real part is made of). New part, clean, no brand names, no logos, no packaging, no hands, no text, no watermark. Square 1:1.;Technical X-ray illustration, one image of a consistent series. Solid deep navy background #0E1726. A generic 50-150cc step-through city scooter (small wheels, floorboard, engine and CVT under the seat), strict side view, nose pointing right, centered, the whole scooter visible and filling about 80% of the width, no brand, no logos. The scooter is drawn as a semi-transparent X-ray / blueprint: thin light steel-blue outlines (#9FB4C8, about 40% opacity), inner parts faintly visible through the body. Only one part is solid and highlighted: fuel hose (fuel tank under the seat or floor). Render it in brand green #6CAD2F with a soft green glow and a thin white edge, at its real position and real scale on the scooter. If the part is small (a bulb, a seal, a bolt, a sensor), keep it at its real place and add a soft glowing green ring around it so it is easy to spot. Everything else stays dim. No text, no labels, no arrows, no numbers, no watermark. Square 1:1.
hose-clamps;Топливо, впуск и выпуск;Бак и подача топлива;Хомуты шлангов (10 шт);hose clamps;fuel tank under the seat or floor;petrol;все модели;250;250;hose-clamps.webp;hose-clamps-where.webp;Studio product photo, one image of a consistent e-commerce series. A single scooter spare part: hose clamps. Isolated on a pure white seamless background #FFFFFF, centered, three-quarter view from the front-left and slightly above, the part fills about 70% of the frame, soft even studio light, subtle contact shadow under the part, realistic materials (black ABS plastic, painted plastic, aluminium, steel, rubber — whatever the real part is made of). New part, clean, no brand names, no logos, no packaging, no hands, no text, no watermark. Square 1:1.;Technical X-ray illustration, one image of a consistent series. Solid deep navy background #0E1726. A generic 50-150cc step-through city scooter (small wheels, floorboard, engine and CVT under the seat), strict side view, nose pointing right, centered, the whole scooter visible and filling about 80% of the width, no brand, no logos. The scooter is drawn as a semi-transparent X-ray / blueprint: thin light steel-blue outlines (#9FB4C8, about 40% opacity), inner parts faintly visible through the body. Only one part is solid and highlighted: hose clamps (fuel tank under the seat or floor). Render it in brand green #6CAD2F with a soft green glow and a thin white edge, at its real position and real scale on the scooter. If the part is small (a bulb, a seal, a bolt, a sensor), keep it at its real place and add a soft glowing green ring around it so it is easy to spot. Everything else stays dim. No text, no labels, no arrows, no numbers, no watermark. Square 1:1.
fuel-valve;Топливо, впуск и выпуск;Бак и подача топлива;Бензокран вакуумный;vacuum fuel petcock;fuel tank under the seat or floor;petrol;GY6 150 (Tank T150);550;550;fuel-valve.webp;fuel-valve-where.webp;Studio product photo, one image of a consistent e-commerce series. A single scooter spare part: vacuum fuel petcock. Isolated on a pure white seamless background #FFFFFF, centered, three-quarter view from the front-left and slightly above, the part fills about 70% of the frame, soft even studio light, subtle contact shadow under the part, realistic materials (black ABS plastic, painted plastic, aluminium, steel, rubber — whatever the real part is made of). New part, clean, no brand names, no logos, no packaging, no hands, no text, no watermark. Square 1:1.;Technical X-ray illustration, one image of a consistent series. Solid deep navy background #0E1726. A generic 50-150cc step-through city scooter (small wheels, floorboard, engine and CVT under the seat), strict side view, nose pointing right, centered, the whole scooter visible and filling about 80% of the width, no brand, no logos. The scooter is drawn as a semi-transparent X-ray / blueprint: thin light steel-blue outlines (#9FB4C8, about 40% opacity), inner parts faintly visible through the body. Only one part is solid and highlighted: vacuum fuel petcock (fuel tank under the seat or floor). Render it in brand green #6CAD2F with a soft green glow and a thin white edge, at its real position and real scale on the scooter. If the part is small (a bulb, a seal, a bolt, a sensor), keep it at its real place and add a soft glowing green ring around it so it is easy to spot. Everything else stays dim. No text, no labels, no arrows, no numbers, no watermark. Square 1:1.
vacuum-hose;Топливо, впуск и выпуск;Бак и подача топлива;Шланг вакуумный (1 м);vacuum hose;fuel tank under the seat or floor;petrol;все модели;150;150;vacuum-hose.webp;vacuum-hose-where.webp;Studio product photo, one image of a consistent e-commerce series. A single scooter spare part: vacuum hose. Isolated on a pure white seamless background #FFFFFF, centered, three-quarter view from the front-left and slightly above, the part fills about 70% of the frame, soft even studio light, subtle contact shadow under the part, realistic materials (black ABS plastic, painted plastic, aluminium, steel, rubber — whatever the real part is made of). New part, clean, no brand names, no logos, no packaging, no hands, no text, no watermark. Square 1:1.;Technical X-ray illustration, one image of a consistent series. Solid deep navy background #0E1726. A generic 50-150cc step-through city scooter (small wheels, floorboard, engine and CVT under the seat), strict side view, nose pointing right, centered, the whole scooter visible and filling about 80% of the width, no brand, no logos. The scooter is drawn as a semi-transparent X-ray / blueprint: thin light steel-blue outlines (#9FB4C8, about 40% opacity), inner parts faintly visible through the body. Only one part is solid and highlighted: vacuum hose (fuel tank under the seat or floor). Render it in brand green #6CAD2F with a soft green glow and a thin white edge, at its real position and real scale on the scooter. If the part is small (a bulb, a seal, a bolt, a sensor), keep it at its real place and add a soft glowing green ring around it so it is easy to spot. Everything else stays dim. No text, no labels, no arrows, no numbers, no watermark. Square 1:1.
fuel-line;Топливо, впуск и выпуск;Бак и подача топлива;Топливопровод высокого давления;high-pressure fuel line;fuel tank under the seat or floor;petrol;"Yamaha 4T (Jog, Vino, Gear); Honda 4T (Dio, Jog AY01)";1250;1350;fuel-line.webp;fuel-line-where.webp;Studio product photo, one image of a consistent e-commerce series. A single scooter spare part: high-pressure fuel line. Isolated on a pure white seamless background #FFFFFF, centered, three-quarter view from the front-left and slightly above, the part fills about 70% of the frame, soft even studio light, subtle contact shadow under the part, realistic materials (black ABS plastic, painted plastic, aluminium, steel, rubber — whatever the real part is made of). New part, clean, no brand names, no logos, no packaging, no hands, no text, no watermark. Square 1:1.;Technical X-ray illustration, one image of a consistent series. Solid deep navy background #0E1726. A generic 50-150cc step-through city scooter (small wheels, floorboard, engine and CVT under the seat), strict side view, nose pointing right, centered, the whole scooter visible and filling about 80% of the width, no brand, no logos. The scooter is drawn as a semi-transparent X-ray / blueprint: thin light steel-blue outlines (#9FB4C8, about 40% opacity), inner parts faintly visible through the body. Only one part is solid and highlighted: high-pressure fuel line (fuel tank under the seat or floor). Render it in brand green #6CAD2F with a soft green glow and a thin white edge, at its real position and real scale on the scooter. If the part is small (a bulb, a seal, a bolt, a sensor), keep it at its real place and add a soft glowing green ring around it so it is easy to spot. Everything else stays dim. No text, no labels, no arrows, no numbers, no watermark. Square 1:1.
injector;Топливо, впуск и выпуск;Инжектор и карбюратор;Форсунка инжектора;fuel injector;throttle body or carburetor behind the engine;petrol;"Yamaha 4T (Jog, Vino, Gear); Honda 4T (Dio, Jog AY01)";2200;3000;injector.webp;injector-where.webp;Studio product photo, one image of a consistent e-commerce series. A single scooter spare part: fuel injector. Isolated on a pure white seamless background #FFFFFF, centered, three-quarter view from the front-left and slightly above, the part fills about 70% of the frame, soft even studio light, subtle contact shadow under the part, realistic materials (black ABS plastic, painted plastic, aluminium, steel, rubber — whatever the real part is made of). New part, clean, no brand names, no logos, no packaging, no hands, no text, no watermark. Square 1:1.;Technical X-ray illustration, one image of a consistent series. Solid deep navy background #0E1726. A generic 50-150cc step-through city scooter (small wheels, floorboard, engine and CVT under the seat), strict side view, nose pointing right, centered, the whole scooter visible and filling about 80% of the width, no brand, no logos. The scooter is drawn as a semi-transparent X-ray / blueprint: thin light steel-blue outlines (#9FB4C8, about 40% opacity), inner parts faintly visible through the body. Only one part is solid and highlighted: fuel injector (throttle body or carburetor behind the engine). Render it in brand green #6CAD2F with a soft green glow and a thin white edge, at its real position and real scale on the scooter. If the part is small (a bulb, a seal, a bolt, a sensor), keep it at its real place and add a soft glowing green ring around it so it is easy to spot. Everything else stays dim. No text, no labels, no arrows, no numbers, no watermark. Square 1:1.
injector-seals;Топливо, впуск и выпуск;Инжектор и карбюратор;Уплотнители форсунки (комплект);fuel injector seals;throttle body or carburetor behind the engine;petrol;Yamaha 4T, Honda 4T;300;300;injector-seals.webp;injector-seals-where.webp;Studio product photo, one image of a consistent e-commerce series. A single scooter spare part: fuel injector seals. Isolated on a pure white seamless background #FFFFFF, centered, three-quarter view from the front-left and slightly above, the part fills about 70% of the frame, soft even studio light, subtle contact shadow under the part, realistic materials (black ABS plastic, painted plastic, aluminium, steel, rubber — whatever the real part is made of). New part, clean, no brand names, no logos, no packaging, no hands, no text, no watermark. Square 1:1.;Technical X-ray illustration, one image of a consistent series. Solid deep navy background #0E1726. A generic 50-150cc step-through city scooter (small wheels, floorboard, engine and CVT under the seat), strict side view, nose pointing right, centered, the whole scooter visible and filling about 80% of the width, no brand, no logos. The scooter is drawn as a semi-transparent X-ray / blueprint: thin light steel-blue outlines (#9FB4C8, about 40% opacity), inner parts faintly visible through the body. Only one part is solid and highlighted: fuel injector seals (throttle body or carburetor behind the engine). Render it in brand green #6CAD2F with a soft green glow and a thin white edge, at its real position and real scale on the scooter. If the part is small (a bulb, a seal, a bolt, a sensor), keep it at its real place and add a soft glowing green ring around it so it is easy to spot. Everything else stays dim. No text, no labels, no arrows, no numbers, no watermark. Square 1:1.
throttle-body;Топливо, впуск и выпуск;Инжектор и карбюратор;Дроссельный узел;throttle body;throttle body or carburetor behind the engine;petrol;"Yamaha 4T (Jog, Vino, Gear); Honda 4T (Dio, Jog AY01)";5850;6500;throttle-body.webp;throttle-body-where.webp;Studio product photo, one image of a consistent e-commerce series. A single scooter spare part: throttle body. Isolated on a pure white seamless background #FFFFFF, centered, three-quarter view from the front-left and slightly above, the part fills about 70% of the frame, soft even studio light, subtle contact shadow under the part, realistic materials (black ABS plastic, painted plastic, aluminium, steel, rubber — whatever the real part is made of). New part, clean, no brand names, no logos, no packaging, no hands, no text, no watermark. Square 1:1.;Technical X-ray illustration, one image of a consistent series. Solid deep navy background #0E1726. A generic 50-150cc step-through city scooter (small wheels, floorboard, engine and CVT under the seat), strict side view, nose pointing right, centered, the whole scooter visible and filling about 80% of the width, no brand, no logos. The scooter is drawn as a semi-transparent X-ray / blueprint: thin light steel-blue outlines (#9FB4C8, about 40% opacity), inner parts faintly visible through the body. Only one part is solid and highlighted: throttle body (throttle body or carburetor behind the engine). Render it in brand green #6CAD2F with a soft green glow and a thin white edge, at its real position and real scale on the scooter. If the part is small (a bulb, a seal, a bolt, a sensor), keep it at its real place and add a soft glowing green ring around it so it is easy to spot. Everything else stays dim. No text, no labels, no arrows, no numbers, no watermark. Square 1:1.
idle-valve;Топливо, впуск и выпуск;Инжектор и карбюратор;Регулятор холостого хода;idle air control valve;throttle body or carburetor behind the engine;petrol;Yamaha 4T, Honda 4T;2450;2450;idle-valve.webp;idle-valve-where.webp;Studio product photo, one image of a consistent e-commerce series. A single scooter spare part: idle air control valve. Isolated on a pure white seamless background #FFFFFF, centered, three-quarter view from the front-left and slightly above, the part fills about 70% of the frame, soft even studio light, subtle contact shadow under the part, realistic materials (black ABS plastic, painted plastic, aluminium, steel, rubber — whatever the real part is made of). New part, clean, no brand names, no logos, no packaging, no hands, no text, no watermark. Square 1:1.;Technical X-ray illustration, one image of a consistent series. Solid deep navy background #0E1726. A generic 50-150cc step-through city scooter (small wheels, floorboard, engine and CVT under the seat), strict side view, nose pointing right, centered, the whole scooter visible and filling about 80% of the width, no brand, no logos. The scooter is drawn as a semi-transparent X-ray / blueprint: thin light steel-blue outlines (#9FB4C8, about 40% opacity), inner parts faintly visible through the body. Only one part is solid and highlighted: idle air control valve (throttle body or carburetor behind the engine). Render it in brand green #6CAD2F with a soft green glow and a thin white edge, at its real position and real scale on the scooter. If the part is small (a bulb, a seal, a bolt, a sensor), keep it at its real place and add a soft glowing green ring around it so it is easy to spot. Everything else stays dim. No text, no labels, no arrows, no numbers, no watermark. Square 1:1.
carburetor;Топливо, впуск и выпуск;Инжектор и карбюратор;Карбюратор PD24J;PD24J carburetor;throttle body or carburetor behind the engine;petrol;GY6 150 (Tank T150);2450;2450;carburetor.webp;carburetor-where.webp;Studio product photo, one image of a consistent e-commerce series. A single scooter spare part: PD24J carburetor. Isolated on a pure white seamless background #FFFFFF, centered, three-quarter view from the front-left and slightly above, the part fills about 70% of the frame, soft even studio light, subtle contact shadow under the part, realistic materials (black ABS plastic, painted plastic, aluminium, steel, rubber — whatever the real part is made of). New part, clean, no brand names, no logos, no packaging, no hands, no text, no watermark. Square 1:1.;Technical X-ray illustration, one image of a consistent series. Solid deep navy background #0E1726. A generic 50-150cc step-through city scooter (small wheels, floorboard, engine and CVT under the seat), strict side view, nose pointing right, centered, the whole scooter visible and filling about 80% of the width, no brand, no logos. The scooter is drawn as a semi-transparent X-ray / blueprint: thin light steel-blue outlines (#9FB4C8, about 40% opacity), inner parts faintly visible through the body. Only one part is solid and highlighted: PD24J carburetor (throttle body or carburetor behind the engine). Render it in brand green #6CAD2F with a soft green glow and a thin white edge, at its real position and real scale on the scooter. If the part is small (a bulb, a seal, a bolt, a sensor), keep it at its real place and add a soft glowing green ring around it so it is easy to spot. Everything else stays dim. No text, no labels, no arrows, no numbers, no watermark. Square 1:1.
carb-kit;Топливо, впуск и выпуск;Инжектор и карбюратор;Ремкомплект карбюратора;carburetor rebuild kit;throttle body or carburetor behind the engine;petrol;GY6 150 (Tank T150);700;700;carb-kit.webp;carb-kit-where.webp;Studio product photo, one image of a consistent e-commerce series. A single scooter spare part: carburetor rebuild kit. Isolated on a pure white seamless background #FFFFFF, centered, three-quarter view from the front-left and slightly above, the part fills about 70% of the frame, soft even studio light, subtle contact shadow under the part, realistic materials (black ABS plastic, painted plastic, aluminium, steel, rubber — whatever the real part is made of). New part, clean, no brand names, no logos, no packaging, no hands, no text, no watermark. Square 1:1.;Technical X-ray illustration, one image of a consistent series. Solid deep navy background #0E1726. A generic 50-150cc step-through city scooter (small wheels, floorboard, engine and CVT under the seat), strict side view, nose pointing right, centered, the whole scooter visible and filling about 80% of the width, no brand, no logos. The scooter is drawn as a semi-transparent X-ray / blueprint: thin light steel-blue outlines (#9FB4C8, about 40% opacity), inner parts faintly visible through the body. Only one part is solid and highlighted: carburetor rebuild kit (throttle body or carburetor behind the engine). Render it in brand green #6CAD2F with a soft green glow and a thin white edge, at its real position and real scale on the scooter. If the part is small (a bulb, a seal, a bolt, a sensor), keep it at its real place and add a soft glowing green ring around it so it is easy to spot. Everything else stays dim. No text, no labels, no arrows, no numbers, no watermark. Square 1:1.
carb-diaphragm;Топливо, впуск и выпуск;Инжектор и карбюратор;Мембрана с плунжером карбюратора;carburetor vacuum diaphragm with slide;throttle body or carburetor behind the engine;petrol;GY6 150 (Tank T150);600;600;carb-diaphragm.webp;carb-diaphragm-where.webp;Studio product photo, one image of a consistent e-commerce series. A single scooter spare part: carburetor vacuum diaphragm with slide. Isolated on a pure white seamless background #FFFFFF, centered, three-quarter view from the front-left and slightly above, the part fills about 70% of the frame, soft even studio light, subtle contact shadow under the part, realistic materials (black ABS plastic, painted plastic, aluminium, steel, rubber — whatever the real part is made of). New part, clean, no brand names, no logos, no packaging, no hands, no text, no watermark. Square 1:1.;Technical X-ray illustration, one image of a consistent series. Solid deep navy background #0E1726. A generic 50-150cc step-through city scooter (small wheels, floorboard, engine and CVT under the seat), strict side view, nose pointing right, centered, the whole scooter visible and filling about 80% of the width, no brand, no logos. The scooter is drawn as a semi-transparent X-ray / blueprint: thin light steel-blue outlines (#9FB4C8, about 40% opacity), inner parts faintly visible through the body. Only one part is solid and highlighted: carburetor vacuum diaphragm with slide (throttle body or carburetor behind the engine). Render it in brand green #6CAD2F with a soft green glow and a thin white edge, at its real position and real scale on the scooter. If the part is small (a bulb, a seal, a bolt, a sensor), keep it at its real place and add a soft glowing green ring around it so it is easy to spot. Everything else stays dim. No text, no labels, no arrows, no numbers, no watermark. Square 1:1.
carb-jets;Топливо, впуск и выпуск;Инжектор и карбюратор;Жиклёры карбюратора (комплект);carburetor jets;throttle body or carburetor behind the engine;petrol;GY6 150 (Tank T150);450;450;carb-jets.webp;carb-jets-where.webp;Studio product photo, one image of a consistent e-commerce series. A single scooter spare part: carburetor jets. Isolated on a pure white seamless background #FFFFFF, centered, three-quarter view from the front-left and slightly above, the part fills about 70% of the frame, soft even studio light, subtle contact shadow under the part, realistic materials (black ABS plastic, painted plastic, aluminium, steel, rubber — whatever the real part is made of). New part, clean, no brand names, no logos, no packaging, no hands, no text, no watermark. Square 1:1.;Technical X-ray illustration, one image of a consistent series. Solid deep navy background #0E1726. A generic 50-150cc step-through city scooter (small wheels, floorboard, engine and CVT under the seat), strict side view, nose pointing right, centered, the whole scooter visible and filling about 80% of the width, no brand, no logos. The scooter is drawn as a semi-transparent X-ray / blueprint: thin light steel-blue outlines (#9FB4C8, about 40% opacity), inner parts faintly visible through the body. Only one part is solid and highlighted: carburetor jets (throttle body or carburetor behind the engine). Render it in brand green #6CAD2F with a soft green glow and a thin white edge, at its real position and real scale on the scooter. If the part is small (a bulb, a seal, a bolt, a sensor), keep it at its real place and add a soft glowing green ring around it so it is easy to spot. Everything else stays dim. No text, no labels, no arrows, no numbers, no watermark. Square 1:1.
carb-float;Топливо, впуск и выпуск;Инжектор и карбюратор;Поплавок карбюратора с иглой;carburetor float with needle;throttle body or carburetor behind the engine;petrol;GY6 150 (Tank T150);400;400;carb-float.webp;carb-float-where.webp;Studio product photo, one image of a consistent e-commerce series. A single scooter spare part: carburetor float with needle. Isolated on a pure white seamless background #FFFFFF, centered, three-quarter view from the front-left and slightly above, the part fills about 70% of the frame, soft even studio light, subtle contact shadow under the part, realistic materials (black ABS plastic, painted plastic, aluminium, steel, rubber — whatever the real part is made of). New part, clean, no brand names, no logos, no packaging, no hands, no text, no watermark. Square 1:1.;Technical X-ray illustration, one image of a consistent series. Solid deep navy background #0E1726. A generic 50-150cc step-through city scooter (small wheels, floorboard, engine and CVT under the seat), strict side view, nose pointing right, centered, the whole scooter visible and filling about 80% of the width, no brand, no logos. The scooter is drawn as a semi-transparent X-ray / blueprint: thin light steel-blue outlines (#9FB4C8, about 40% opacity), inner parts faintly visible through the body. Only one part is solid and highlighted: carburetor float with needle (throttle body or carburetor behind the engine). Render it in brand green #6CAD2F with a soft green glow and a thin white edge, at its real position and real scale on the scooter. If the part is small (a bulb, a seal, a bolt, a sensor), keep it at its real place and add a soft glowing green ring around it so it is easy to spot. Everything else stays dim. No text, no labels, no arrows, no numbers, no watermark. Square 1:1.
auto-choke;Топливо, впуск и выпуск;Инжектор и карбюратор;Электроподсос (автоматический);electric auto choke;throttle body or carburetor behind the engine;petrol;GY6 150 (Tank T150);700;700;auto-choke.webp;auto-choke-where.webp;Studio product photo, one image of a consistent e-commerce series. A single scooter spare part: electric auto choke. Isolated on a pure white seamless background #FFFFFF, centered, three-quarter view from the front-left and slightly above, the part fills about 70% of the frame, soft even studio light, subtle contact shadow under the part, realistic materials (black ABS plastic, painted plastic, aluminium, steel, rubber — whatever the real part is made of). New part, clean, no brand names, no logos, no packaging, no hands, no text, no watermark. Square 1:1.;Technical X-ray illustration, one image of a consistent series. Solid deep navy background #0E1726. A generic 50-150cc step-through city scooter (small wheels, floorboard, engine and CVT under the seat), strict side view, nose pointing right, centered, the whole scooter visible and filling about 80% of the width, no brand, no logos. The scooter is drawn as a semi-transparent X-ray / blueprint: thin light steel-blue outlines (#9FB4C8, about 40% opacity), inner parts faintly visible through the body. Only one part is solid and highlighted: electric auto choke (throttle body or carburetor behind the engine). Render it in brand green #6CAD2F with a soft green glow and a thin white edge, at its real position and real scale on the scooter. If the part is small (a bulb, a seal, a bolt, a sensor), keep it at its real place and add a soft glowing green ring around it so it is easy to spot. Everything else stays dim. No text, no labels, no arrows, no numbers, no watermark. Square 1:1.
intake-manifold;Топливо, впуск и выпуск;Впуск;Впускной коллектор;intake manifold;intake: air filter box on the left of the engine;petrol;"Yamaha Gear 4T; Yamaha Jog 4T, Vino 4T; Honda 4T (Dio, Jog AY01); GY6 150 (Tank T150)";700;1500;intake-manifold.webp;intake-manifold-where.webp;Studio product photo, one image of a consistent e-commerce series. A single scooter spare part: intake manifold. Isolated on a pure white seamless background #FFFFFF, centered, three-quarter view from the front-left and slightly above, the part fills about 70% of the frame, soft even studio light, subtle contact shadow under the part, realistic materials (black ABS plastic, painted plastic, aluminium, steel, rubber — whatever the real part is made of). New part, clean, no brand names, no logos, no packaging, no hands, no text, no watermark. Square 1:1.;Technical X-ray illustration, one image of a consistent series. Solid deep navy background #0E1726. A generic 50-150cc step-through city scooter (small wheels, floorboard, engine and CVT under the seat), strict side view, nose pointing right, centered, the whole scooter visible and filling about 80% of the width, no brand, no logos. The scooter is drawn as a semi-transparent X-ray / blueprint: thin light steel-blue outlines (#9FB4C8, about 40% opacity), inner parts faintly visible through the body. Only one part is solid and highlighted: intake manifold (intake: air filter box on the left of the engine). Render it in brand green #6CAD2F with a soft green glow and a thin white edge, at its real position and real scale on the scooter. If the part is small (a bulb, a seal, a bolt, a sensor), keep it at its real place and add a soft glowing green ring around it so it is easy to spot. Everything else stays dim. No text, no labels, no arrows, no numbers, no watermark. Square 1:1.
intake-gasket;Топливо, впуск и выпуск;Впуск;Прокладка впускного коллектора;intake manifold gasket;intake: air filter box on the left of the engine;petrol;все модели;150;150;intake-gasket.webp;intake-gasket-where.webp;Studio product photo, one image of a consistent e-commerce series. A single scooter spare part: intake manifold gasket. Isolated on a pure white seamless background #FFFFFF, centered, three-quarter view from the front-left and slightly above, the part fills about 70% of the frame, soft even studio light, subtle contact shadow under the part, realistic materials (black ABS plastic, painted plastic, aluminium, steel, rubber — whatever the real part is made of). New part, clean, no brand names, no logos, no packaging, no hands, no text, no watermark. Square 1:1.;Technical X-ray illustration, one image of a consistent series. Solid deep navy background #0E1726. A generic 50-150cc step-through city scooter (small wheels, floorboard, engine and CVT under the seat), strict side view, nose pointing right, centered, the whole scooter visible and filling about 80% of the width, no brand, no logos. The scooter is drawn as a semi-transparent X-ray / blueprint: thin light steel-blue outlines (#9FB4C8, about 40% opacity), inner parts faintly visible through the body. Only one part is solid and highlighted: intake manifold gasket (intake: air filter box on the left of the engine). Render it in brand green #6CAD2F with a soft green glow and a thin white edge, at its real position and real scale on the scooter. If the part is small (a bulb, a seal, a bolt, a sensor), keep it at its real place and add a soft glowing green ring around it so it is easy to spot. Everything else stays dim. No text, no labels, no arrows, no numbers, no watermark. Square 1:1.
airbox;Топливо, впуск и выпуск;Впуск;Воздушный фильтр в сборе (корпус);complete air filter box;intake: air filter box on the left of the engine;petrol;"Yamaha Gear 4T; Yamaha Jog 4T; Yamaha Jog AY01; Honda Dio AF62/68; Tank T150";1650;3000;airbox.webp;airbox-where.webp;Studio product photo, one image of a consistent e-commerce series. A single scooter spare part: complete air filter box. Isolated on a pure white seamless background #FFFFFF, centered, three-quarter view from the front-left and slightly above, the part fills about 70% of the frame, soft even studio light, subtle contact shadow under the part, realistic materials (black ABS plastic, painted plastic, aluminium, steel, rubber — whatever the real part is made of). New part, clean, no brand names, no logos, no packaging, no hands, no text, no watermark. Square 1:1.;Technical X-ray illustration, one image of a consistent series. Solid deep navy background #0E1726. A generic 50-150cc step-through city scooter (small wheels, floorboard, engine and CVT under the seat), strict side view, nose pointing right, centered, the whole scooter visible and filling about 80% of the width, no brand, no logos. The scooter is drawn as a semi-transparent X-ray / blueprint: thin light steel-blue outlines (#9FB4C8, about 40% opacity), inner parts faintly visible through the body. Only one part is solid and highlighted: complete air filter box (intake: air filter box on the left of the engine). Render it in brand green #6CAD2F with a soft green glow and a thin white edge, at its real position and real scale on the scooter. If the part is small (a bulb, a seal, a bolt, a sensor), keep it at its real place and add a soft glowing green ring around it so it is easy to spot. Everything else stays dim. No text, no labels, no arrows, no numbers, no watermark. Square 1:1.
air-filter;Топливо, впуск и выпуск;Впуск;Элемент воздушного фильтра;air filter element;intake: air filter box on the left of the engine;petrol;"Yamaha Gear 4T; Yamaha Jog 4T, Vino 4T; Honda 4T (Dio, Jog AY01); GY6 150 (Tank T150)";550;900;air-filter.webp;air-filter-where.webp;Studio product photo, one image of a consistent e-commerce series. A single scooter spare part: air filter element. Isolated on a pure white seamless background #FFFFFF, centered, three-quarter view from the front-left and slightly above, the part fills about 70% of the frame, soft even studio light, subtle contact shadow under the part, realistic materials (black ABS plastic, painted plastic, aluminium, steel, rubber — whatever the real part is made of). New part, clean, no brand names, no logos, no packaging, no hands, no text, no watermark. Square 1:1.;Technical X-ray illustration, one image of a consistent series. Solid deep navy background #0E1726. A generic 50-150cc step-through city scooter (small wheels, floorboard, engine and CVT under the seat), strict side view, nose pointing right, centered, the whole scooter visible and filling about 80% of the width, no brand, no logos. The scooter is drawn as a semi-transparent X-ray / blueprint: thin light steel-blue outlines (#9FB4C8, about 40% opacity), inner parts faintly visible through the body. Only one part is solid and highlighted: air filter element (intake: air filter box on the left of the engine). Render it in brand green #6CAD2F with a soft green glow and a thin white edge, at its real position and real scale on the scooter. If the part is small (a bulb, a seal, a bolt, a sensor), keep it at its real place and add a soft glowing green ring around it so it is easy to spot. Everything else stays dim. No text, no labels, no arrows, no numbers, no watermark. Square 1:1.
air-duct;Топливо, впуск и выпуск;Впуск;Патрубок воздушного фильтра;air filter intake duct;intake: air filter box on the left of the engine;petrol;"Yamaha 4T (Jog, Vino, Gear); Honda 4T (Dio, Jog AY01); GY6 150 (Tank T150)";550;700;air-duct.webp;air-duct-where.webp;Studio product photo, one image of a consistent e-commerce series. A single scooter spare part: air filter intake duct. Isolated on a pure white seamless background #FFFFFF, centered, three-quarter view from the front-left and slightly above, the part fills about 70% of the frame, soft even studio light, subtle contact shadow under the part, realistic materials (black ABS plastic, painted plastic, aluminium, steel, rubber — whatever the real part is made of). New part, clean, no brand names, no logos, no packaging, no hands, no text, no watermark. Square 1:1.;Technical X-ray illustration, one image of a consistent series. Solid deep navy background #0E1726. A generic 50-150cc step-through city scooter (small wheels, floorboard, engine and CVT under the seat), strict side view, nose pointing right, centered, the whole scooter visible and filling about 80% of the width, no brand, no logos. The scooter is drawn as a semi-transparent X-ray / blueprint: thin light steel-blue outlines (#9FB4C8, about 40% opacity), inner parts faintly visible through the body. Only one part is solid and highlighted: air filter intake duct (intake: air filter box on the left of the engine). Render it in brand green #6CAD2F with a soft green glow and a thin white edge, at its real position and real scale on the scooter. If the part is small (a bulb, a seal, a bolt, a sensor), keep it at its real place and add a soft glowing green ring around it so it is easy to spot. Everything else stays dim. No text, no labels, no arrows, no numbers, no watermark. Square 1:1.
airbox-screws;Топливо, впуск и выпуск;Впуск;Винты крышки воздушного фильтра (комплект);air filter cover screws;intake: air filter box on the left of the engine;petrol;все модели;150;150;airbox-screws.webp;airbox-screws-where.webp;Studio product photo, one image of a consistent e-commerce series. A single scooter spare part: air filter cover screws. Isolated on a pure white seamless background #FFFFFF, centered, three-quarter view from the front-left and slightly above, the part fills about 70% of the frame, soft even studio light, subtle contact shadow under the part, realistic materials (black ABS plastic, painted plastic, aluminium, steel, rubber — whatever the real part is made of). New part, clean, no brand names, no logos, no packaging, no hands, no text, no watermark. Square 1:1.;Technical X-ray illustration, one image of a consistent series. Solid deep navy background #0E1726. A generic 50-150cc step-through city scooter (small wheels, floorboard, engine and CVT under the seat), strict side view, nose pointing right, centered, the whole scooter visible and filling about 80% of the width, no brand, no logos. The scooter is drawn as a semi-transparent X-ray / blueprint: thin light steel-blue outlines (#9FB4C8, about 40% opacity), inner parts faintly visible through the body. Only one part is solid and highlighted: air filter cover screws (intake: air filter box on the left of the engine). Render it in brand green #6CAD2F with a soft green glow and a thin white edge, at its real position and real scale on the scooter. If the part is small (a bulb, a seal, a bolt, a sensor), keep it at its real place and add a soft glowing green ring around it so it is easy to spot. Everything else stays dim. No text, no labels, no arrows, no numbers, no watermark. Square 1:1.
muffler;Топливо, впуск и выпуск;Выпуск;Глушитель;exhaust muffler;exhaust muffler on the right side;petrol;"Yamaha Gear 4T; Yamaha Jog 4T; Yamaha Jog AY01; Honda Dio AF62/68; Tank T150";4200;6250;muffler.webp;muffler-where.webp;Studio product photo, one image of a consistent e-commerce series. A single scooter spare part: exhaust muffler. Isolated on a pure white seamless background #FFFFFF, centered, three-quarter view from the front-left and slightly above, the part fills about 70% of the frame, soft even studio light, subtle contact shadow under the part, realistic materials (black ABS plastic, painted plastic, aluminium, steel, rubber — whatever the real part is made of). New part, clean, no brand names, no logos, no packaging, no hands, no text, no watermark. Square 1:1.;Technical X-ray illustration, one image of a consistent series. Solid deep navy background #0E1726. A generic 50-150cc step-through city scooter (small wheels, floorboard, engine and CVT under the seat), strict side view, nose pointing right, centered, the whole scooter visible and filling about 80% of the width, no brand, no logos. The scooter is drawn as a semi-transparent X-ray / blueprint: thin light steel-blue outlines (#9FB4C8, about 40% opacity), inner parts faintly visible through the body. Only one part is solid and highlighted: exhaust muffler (exhaust muffler on the right side). Render it in brand green #6CAD2F with a soft green glow and a thin white edge, at its real position and real scale on the scooter. If the part is small (a bulb, a seal, a bolt, a sensor), keep it at its real place and add a soft glowing green ring around it so it is easy to spot. Everything else stays dim. No text, no labels, no arrows, no numbers, no watermark. Square 1:1.
exhaust-gasket;Топливо, впуск и выпуск;Выпуск;Прокладка глушителя;exhaust gasket ring;exhaust muffler on the right side;petrol;все модели;150;150;exhaust-gasket.webp;exhaust-gasket-where.webp;Studio product photo, one image of a consistent e-commerce series. A single scooter spare part: exhaust gasket ring. Isolated on a pure white seamless background #FFFFFF, centered, three-quarter view from the front-left and slightly above, the part fills about 70% of the frame, soft even studio light, subtle contact shadow under the part, realistic materials (black ABS plastic, painted plastic, aluminium, steel, rubber — whatever the real part is made of). New part, clean, no brand names, no logos, no packaging, no hands, no text, no watermark. Square 1:1.;Technical X-ray illustration, one image of a consistent series. Solid deep navy background #0E1726. A generic 50-150cc step-through city scooter (small wheels, floorboard, engine and CVT under the seat), strict side view, nose pointing right, centered, the whole scooter visible and filling about 80% of the width, no brand, no logos. The scooter is drawn as a semi-transparent X-ray / blueprint: thin light steel-blue outlines (#9FB4C8, about 40% opacity), inner parts faintly visible through the body. Only one part is solid and highlighted: exhaust gasket ring (exhaust muffler on the right side). Render it in brand green #6CAD2F with a soft green glow and a thin white edge, at its real position and real scale on the scooter. If the part is small (a bulb, a seal, a bolt, a sensor), keep it at its real place and add a soft glowing green ring around it so it is easy to spot. Everything else stays dim. No text, no labels, no arrows, no numbers, no watermark. Square 1:1.
exhaust-studs;Топливо, впуск и выпуск;Выпуск;Шпильки глушителя (комплект);exhaust studs;exhaust muffler on the right side;petrol;все модели;250;250;exhaust-studs.webp;exhaust-studs-where.webp;Studio product photo, one image of a consistent e-commerce series. A single scooter spare part: exhaust studs. Isolated on a pure white seamless background #FFFFFF, centered, three-quarter view from the front-left and slightly above, the part fills about 70% of the frame, soft even studio light, subtle contact shadow under the part, realistic materials (black ABS plastic, painted plastic, aluminium, steel, rubber — whatever the real part is made of). New part, clean, no brand names, no logos, no packaging, no hands, no text, no watermark. Square 1:1.;Technical X-ray illustration, one image of a consistent series. Solid deep navy background #0E1726. A generic 50-150cc step-through city scooter (small wheels, floorboard, engine and CVT under the seat), strict side view, nose pointing right, centered, the whole scooter visible and filling about 80% of the width, no brand, no logos. The scooter is drawn as a semi-transparent X-ray / blueprint: thin light steel-blue outlines (#9FB4C8, about 40% opacity), inner parts faintly visible through the body. Only one part is solid and highlighted: exhaust studs (exhaust muffler on the right side). Render it in brand green #6CAD2F with a soft green glow and a thin white edge, at its real position and real scale on the scooter. If the part is small (a bulb, a seal, a bolt, a sensor), keep it at its real place and add a soft glowing green ring around it so it is easy to spot. Everything else stays dim. No text, no labels, no arrows, no numbers, no watermark. Square 1:1.
exhaust-nuts;Топливо, впуск и выпуск;Выпуск;Гайки глушителя (комплект);exhaust nuts;exhaust muffler on the right side;petrol;все модели;150;150;exhaust-nuts.webp;exhaust-nuts-where.webp;Studio product photo, one image of a consistent e-commerce series. A single scooter spare part: exhaust nuts. Isolated on a pure white seamless background #FFFFFF, centered, three-quarter view from the front-left and slightly above, the part fills about 70% of the frame, soft even studio light, subtle contact shadow under the part, realistic materials (black ABS plastic, painted plastic, aluminium, steel, rubber — whatever the real part is made of). New part, clean, no brand names, no logos, no packaging, no hands, no text, no watermark. Square 1:1.;Technical X-ray illustration, one image of a consistent series. Solid deep navy background #0E1726. A generic 50-150cc step-through city scooter (small wheels, floorboard, engine and CVT under the seat), strict side view, nose pointing right, centered, the whole scooter visible and filling about 80% of the width, no brand, no logos. The scooter is drawn as a semi-transparent X-ray / blueprint: thin light steel-blue outlines (#9FB4C8, about 40% opacity), inner parts faintly visible through the body. Only one part is solid and highlighted: exhaust nuts (exhaust muffler on the right side). Render it in brand green #6CAD2F with a soft green glow and a thin white edge, at its real position and real scale on the scooter. If the part is small (a bulb, a seal, a bolt, a sensor), keep it at its real place and add a soft glowing green ring around it so it is easy to spot. Everything else stays dim. No text, no labels, no arrows, no numbers, no watermark. Square 1:1.
heat-shield;Топливо, впуск и выпуск;Выпуск;Защитный экран глушителя;muffler heat shield;exhaust muffler on the right side;petrol;все модели;1250;1250;heat-shield.webp;heat-shield-where.webp;Studio product photo, one image of a consistent e-commerce series. A single scooter spare part: muffler heat shield. Isolated on a pure white seamless background #FFFFFF, centered, three-quarter view from the front-left and slightly above, the part fills about 70% of the frame, soft even studio light, subtle contact shadow under the part, realistic materials (black ABS plastic, painted plastic, aluminium, steel, rubber — whatever the real part is made of). New part, clean, no brand names, no logos, no packaging, no hands, no text, no watermark. Square 1:1.;Technical X-ray illustration, one image of a consistent series. Solid deep navy background #0E1726. A generic 50-150cc step-through city scooter (small wheels, floorboard, engine and CVT under the seat), strict side view, nose pointing right, centered, the whole scooter visible and filling about 80% of the width, no brand, no logos. The scooter is drawn as a semi-transparent X-ray / blueprint: thin light steel-blue outlines (#9FB4C8, about 40% opacity), inner parts faintly visible through the body. Only one part is solid and highlighted: muffler heat shield (exhaust muffler on the right side). Render it in brand green #6CAD2F with a soft green glow and a thin white edge, at its real position and real scale on the scooter. If the part is small (a bulb, a seal, a bolt, a sensor), keep it at its real place and add a soft glowing green ring around it so it is easy to spot. Everything else stays dim. No text, no labels, no arrows, no numbers, no watermark. Square 1:1.
muffler-bolts;Топливо, впуск и выпуск;Выпуск;Болты крепления глушителя (комплект);muffler mounting bolts;exhaust muffler on the right side;petrol;все модели;300;300;muffler-bolts.webp;muffler-bolts-where.webp;Studio product photo, one image of a consistent e-commerce series. A single scooter spare part: muffler mounting bolts. Isolated on a pure white seamless background #FFFFFF, centered, three-quarter view from the front-left and slightly above, the part fills about 70% of the frame, soft even studio light, subtle contact shadow under the part, realistic materials (black ABS plastic, painted plastic, aluminium, steel, rubber — whatever the real part is made of). New part, clean, no brand names, no logos, no packaging, no hands, no text, no watermark. Square 1:1.;Technical X-ray illustration, one image of a consistent series. Solid deep navy background #0E1726. A generic 50-150cc step-through city scooter (small wheels, floorboard, engine and CVT under the seat), strict side view, nose pointing right, centered, the whole scooter visible and filling about 80% of the width, no brand, no logos. The scooter is drawn as a semi-transparent X-ray / blueprint: thin light steel-blue outlines (#9FB4C8, about 40% opacity), inner parts faintly visible through the body. Only one part is solid and highlighted: muffler mounting bolts (exhaust muffler on the right side). Render it in brand green #6CAD2F with a soft green glow and a thin white edge, at its real position and real scale on the scooter. If the part is small (a bulb, a seal, a bolt, a sensor), keep it at its real place and add a soft glowing green ring around it so it is easy to spot. Everything else stays dim. No text, no labels, no arrows, no numbers, no watermark. Square 1:1.
radiator;Охлаждение;Жидкостное (Yamaha 4T);Радиатор в сборе;radiator;liquid cooling: radiator next to the engine;petrol;"Yamaha Jog 4T, Vino 4T; Yamaha Gear 4T";4900;5100;radiator.webp;radiator-where.webp;Studio product photo, one image of a consistent e-commerce series. A single scooter spare part: radiator. Isolated on a pure white seamless background #FFFFFF, centered, three-quarter view from the front-left and slightly above, the part fills about 70% of the frame, soft even studio light, subtle contact shadow under the part, realistic materials (black ABS plastic, painted plastic, aluminium, steel, rubber — whatever the real part is made of). New part, clean, no brand names, no logos, no packaging, no hands, no text, no watermark. Square 1:1.;Technical X-ray illustration, one image of a consistent series. Solid deep navy background #0E1726. A generic 50-150cc step-through city scooter (small wheels, floorboard, engine and CVT under the seat), strict side view, nose pointing right, centered, the whole scooter visible and filling about 80% of the width, no brand, no logos. The scooter is drawn as a semi-transparent X-ray / blueprint: thin light steel-blue outlines (#9FB4C8, about 40% opacity), inner parts faintly visible through the body. Only one part is solid and highlighted: radiator (liquid cooling: radiator next to the engine). Render it in brand green #6CAD2F with a soft green glow and a thin white edge, at its real position and real scale on the scooter. If the part is small (a bulb, a seal, a bolt, a sensor), keep it at its real place and add a soft glowing green ring around it so it is easy to spot. Everything else stays dim. No text, no labels, no arrows, no numbers, no watermark. Square 1:1.
radiator-cover;Охлаждение;Жидкостное (Yamaha 4T);Кожух (защита) радиатора;radiator cover guard;liquid cooling: radiator next to the engine;petrol;Yamaha 4T (Jog, Vino, Gear);1500;1500;radiator-cover.webp;radiator-cover-where.webp;Studio product photo, one image of a consistent e-commerce series. A single scooter spare part: radiator cover guard. Isolated on a pure white seamless background #FFFFFF, centered, three-quarter view from the front-left and slightly above, the part fills about 70% of the frame, soft even studio light, subtle contact shadow under the part, realistic materials (black ABS plastic, painted plastic, aluminium, steel, rubber — whatever the real part is made of). New part, clean, no brand names, no logos, no packaging, no hands, no text, no watermark. Square 1:1.;Technical X-ray illustration, one image of a consistent series. Solid deep navy background #0E1726. A generic 50-150cc step-through city scooter (small wheels, floorboard, engine and CVT under the seat), strict side view, nose pointing right, centered, the whole scooter visible and filling about 80% of the width, no brand, no logos. The scooter is drawn as a semi-transparent X-ray / blueprint: thin light steel-blue outlines (#9FB4C8, about 40% opacity), inner parts faintly visible through the body. Only one part is solid and highlighted: radiator cover guard (liquid cooling: radiator next to the engine). Render it in brand green #6CAD2F with a soft green glow and a thin white edge, at its real position and real scale on the scooter. If the part is small (a bulb, a seal, a bolt, a sensor), keep it at its real place and add a soft glowing green ring around it so it is easy to spot. Everything else stays dim. No text, no labels, no arrows, no numbers, no watermark. Square 1:1.
radiator-cap;Охлаждение;Жидкостное (Yamaha 4T);Крышка радиатора;radiator cap;liquid cooling: radiator next to the engine;petrol;Yamaha 4T (Jog, Vino, Gear);600;600;radiator-cap.webp;radiator-cap-where.webp;Studio product photo, one image of a consistent e-commerce series. A single scooter spare part: radiator cap. Isolated on a pure white seamless background #FFFFFF, centered, three-quarter view from the front-left and slightly above, the part fills about 70% of the frame, soft even studio light, subtle contact shadow under the part, realistic materials (black ABS plastic, painted plastic, aluminium, steel, rubber — whatever the real part is made of). New part, clean, no brand names, no logos, no packaging, no hands, no text, no watermark. Square 1:1.;Technical X-ray illustration, one image of a consistent series. Solid deep navy background #0E1726. A generic 50-150cc step-through city scooter (small wheels, floorboard, engine and CVT under the seat), strict side view, nose pointing right, centered, the whole scooter visible and filling about 80% of the width, no brand, no logos. The scooter is drawn as a semi-transparent X-ray / blueprint: thin light steel-blue outlines (#9FB4C8, about 40% opacity), inner parts faintly visible through the body. Only one part is solid and highlighted: radiator cap (liquid cooling: radiator next to the engine). Render it in brand green #6CAD2F with a soft green glow and a thin white edge, at its real position and real scale on the scooter. If the part is small (a bulb, a seal, a bolt, a sensor), keep it at its real place and add a soft glowing green ring around it so it is easy to spot. Everything else stays dim. No text, no labels, no arrows, no numbers, no watermark. Square 1:1.
coolant-tank;Охлаждение;Жидкостное (Yamaha 4T);Расширительный бачок;coolant reservoir tank;liquid cooling: radiator next to the engine;petrol;Yamaha 4T (Jog, Vino, Gear);950;950;coolant-tank.webp;coolant-tank-where.webp;Studio product photo, one image of a consistent e-commerce series. A single scooter spare part: coolant reservoir tank. Isolated on a pure white seamless background #FFFFFF, centered, three-quarter view from the front-left and slightly above, the part fills about 70% of the frame, soft even studio light, subtle contact shadow under the part, realistic materials (black ABS plastic, painted plastic, aluminium, steel, rubber — whatever the real part is made of). New part, clean, no brand names, no logos, no packaging, no hands, no text, no watermark. Square 1:1.;Technical X-ray illustration, one image of a consistent series. Solid deep navy background #0E1726. A generic 50-150cc step-through city scooter (small wheels, floorboard, engine and CVT under the seat), strict side view, nose pointing right, centered, the whole scooter visible and filling about 80% of the width, no brand, no logos. The scooter is drawn as a semi-transparent X-ray / blueprint: thin light steel-blue outlines (#9FB4C8, about 40% opacity), inner parts faintly visible through the body. Only one part is solid and highlighted: coolant reservoir tank (liquid cooling: radiator next to the engine). Render it in brand green #6CAD2F with a soft green glow and a thin white edge, at its real position and real scale on the scooter. If the part is small (a bulb, a seal, a bolt, a sensor), keep it at its real place and add a soft glowing green ring around it so it is easy to spot. Everything else stays dim. No text, no labels, no arrows, no numbers, no watermark. Square 1:1.
water-pump-kit;Охлаждение;Жидкостное (Yamaha 4T);Ремкомплект помпы;water pump repair kit;liquid cooling: radiator next to the engine;petrol;Yamaha 4T (Jog, Vino, Gear);1700;1700;water-pump-kit.webp;water-pump-kit-where.webp;Studio product photo, one image of a consistent e-commerce series. A single scooter spare part: water pump repair kit. Isolated on a pure white seamless background #FFFFFF, centered, three-quarter view from the front-left and slightly above, the part fills about 70% of the frame, soft even studio light, subtle contact shadow under the part, realistic materials (black ABS plastic, painted plastic, aluminium, steel, rubber — whatever the real part is made of). New part, clean, no brand names, no logos, no packaging, no hands, no text, no watermark. Square 1:1.;Technical X-ray illustration, one image of a consistent series. Solid deep navy background #0E1726. A generic 50-150cc step-through city scooter (small wheels, floorboard, engine and CVT under the seat), strict side view, nose pointing right, centered, the whole scooter visible and filling about 80% of the width, no brand, no logos. The scooter is drawn as a semi-transparent X-ray / blueprint: thin light steel-blue outlines (#9FB4C8, about 40% opacity), inner parts faintly visible through the body. Only one part is solid and highlighted: water pump repair kit (liquid cooling: radiator next to the engine). Render it in brand green #6CAD2F with a soft green glow and a thin white edge, at its real position and real scale on the scooter. If the part is small (a bulb, a seal, a bolt, a sensor), keep it at its real place and add a soft glowing green ring around it so it is easy to spot. Everything else stays dim. No text, no labels, no arrows, no numbers, no watermark. Square 1:1.
water-pump-seal;Охлаждение;Жидкостное (Yamaha 4T);Сальник помпы;water pump seal;liquid cooling: radiator next to the engine;petrol;Yamaha 4T (Jog, Vino, Gear);450;450;water-pump-seal.webp;water-pump-seal-where.webp;Studio product photo, one image of a consistent e-commerce series. A single scooter spare part: water pump seal. Isolated on a pure white seamless background #FFFFFF, centered, three-quarter view from the front-left and slightly above, the part fills about 70% of the frame, soft even studio light, subtle contact shadow under the part, realistic materials (black ABS plastic, painted plastic, aluminium, steel, rubber — whatever the real part is made of). New part, clean, no brand names, no logos, no packaging, no hands, no text, no watermark. Square 1:1.;Technical X-ray illustration, one image of a consistent series. Solid deep navy background #0E1726. A generic 50-150cc step-through city scooter (small wheels, floorboard, engine and CVT under the seat), strict side view, nose pointing right, centered, the whole scooter visible and filling about 80% of the width, no brand, no logos. The scooter is drawn as a semi-transparent X-ray / blueprint: thin light steel-blue outlines (#9FB4C8, about 40% opacity), inner parts faintly visible through the body. Only one part is solid and highlighted: water pump seal (liquid cooling: radiator next to the engine). Render it in brand green #6CAD2F with a soft green glow and a thin white edge, at its real position and real scale on the scooter. If the part is small (a bulb, a seal, a bolt, a sensor), keep it at its real place and add a soft glowing green ring around it so it is easy to spot. Everything else stays dim. No text, no labels, no arrows, no numbers, no watermark. Square 1:1.
water-pump-impeller;Охлаждение;Жидкостное (Yamaha 4T);Крыльчатка помпы;water pump impeller;liquid cooling: radiator next to the engine;petrol;Yamaha 4T (Jog, Vino, Gear);850;850;water-pump-impeller.webp;water-pump-impeller-where.webp;Studio product photo, one image of a consistent e-commerce series. A single scooter spare part: water pump impeller. Isolated on a pure white seamless background #FFFFFF, centered, three-quarter view from the front-left and slightly above, the part fills about 70% of the frame, soft even studio light, subtle contact shadow under the part, realistic materials (black ABS plastic, painted plastic, aluminium, steel, rubber — whatever the real part is made of). New part, clean, no brand names, no logos, no packaging, no hands, no text, no watermark. Square 1:1.;Technical X-ray illustration, one image of a consistent series. Solid deep navy background #0E1726. A generic 50-150cc step-through city scooter (small wheels, floorboard, engine and CVT under the seat), strict side view, nose pointing right, centered, the whole scooter visible and filling about 80% of the width, no brand, no logos. The scooter is drawn as a semi-transparent X-ray / blueprint: thin light steel-blue outlines (#9FB4C8, about 40% opacity), inner parts faintly visible through the body. Only one part is solid and highlighted: water pump impeller (liquid cooling: radiator next to the engine). Render it in brand green #6CAD2F with a soft green glow and a thin white edge, at its real position and real scale on the scooter. If the part is small (a bulb, a seal, a bolt, a sensor), keep it at its real place and add a soft glowing green ring around it so it is easy to spot. Everything else stays dim. No text, no labels, no arrows, no numbers, no watermark. Square 1:1.
thermostat;Охлаждение;Жидкостное (Yamaha 4T);Термостат;thermostat;liquid cooling: radiator next to the engine;petrol;Yamaha 4T (Jog, Vino, Gear);1250;1250;thermostat.webp;thermostat-where.webp;Studio product photo, one image of a consistent e-commerce series. A single scooter spare part: thermostat. Isolated on a pure white seamless background #FFFFFF, centered, three-quarter view from the front-left and slightly above, the part fills about 70% of the frame, soft even studio light, subtle contact shadow under the part, realistic materials (black ABS plastic, painted plastic, aluminium, steel, rubber — whatever the real part is made of). New part, clean, no brand names, no logos, no packaging, no hands, no text, no watermark. Square 1:1.;Technical X-ray illustration, one image of a consistent series. Solid deep navy background #0E1726. A generic 50-150cc step-through city scooter (small wheels, floorboard, engine and CVT under the seat), strict side view, nose pointing right, centered, the whole scooter visible and filling about 80% of the width, no brand, no logos. The scooter is drawn as a semi-transparent X-ray / blueprint: thin light steel-blue outlines (#9FB4C8, about 40% opacity), inner parts faintly visible through the body. Only one part is solid and highlighted: thermostat (liquid cooling: radiator next to the engine). Render it in brand green #6CAD2F with a soft green glow and a thin white edge, at its real position and real scale on the scooter. If the part is small (a bulb, a seal, a bolt, a sensor), keep it at its real place and add a soft glowing green ring around it so it is easy to spot. Everything else stays dim. No text, no labels, no arrows, no numbers, no watermark. Square 1:1.
coolant-hoses;Охлаждение;Жидкостное (Yamaha 4T);Патрубки охлаждения (комплект);coolant hoses;liquid cooling: radiator next to the engine;petrol;Yamaha 4T (Jog, Vino, Gear);1100;1100;coolant-hoses.webp;coolant-hoses-where.webp;Studio product photo, one image of a consistent e-commerce series. A single scooter spare part: coolant hoses. Isolated on a pure white seamless background #FFFFFF, centered, three-quarter view from the front-left and slightly above, the part fills about 70% of the frame, soft even studio light, subtle contact shadow under the part, realistic materials (black ABS plastic, painted plastic, aluminium, steel, rubber — whatever the real part is made of). New part, clean, no brand names, no logos, no packaging, no hands, no text, no watermark. Square 1:1.;Technical X-ray illustration, one image of a consistent series. Solid deep navy background #0E1726. A generic 50-150cc step-through city scooter (small wheels, floorboard, engine and CVT under the seat), strict side view, nose pointing right, centered, the whole scooter visible and filling about 80% of the width, no brand, no logos. The scooter is drawn as a semi-transparent X-ray / blueprint: thin light steel-blue outlines (#9FB4C8, about 40% opacity), inner parts faintly visible through the body. Only one part is solid and highlighted: coolant hoses (liquid cooling: radiator next to the engine). Render it in brand green #6CAD2F with a soft green glow and a thin white edge, at its real position and real scale on the scooter. If the part is small (a bulb, a seal, a bolt, a sensor), keep it at its real place and add a soft glowing green ring around it so it is easy to spot. Everything else stays dim. No text, no labels, no arrows, no numbers, no watermark. Square 1:1.
coolant-clamps;Охлаждение;Жидкостное (Yamaha 4T);Хомуты патрубков (комплект);coolant hose clamps;liquid cooling: radiator next to the engine;petrol;все модели;250;250;coolant-clamps.webp;coolant-clamps-where.webp;Studio product photo, one image of a consistent e-commerce series. A single scooter spare part: coolant hose clamps. Isolated on a pure white seamless background #FFFFFF, centered, three-quarter view from the front-left and slightly above, the part fills about 70% of the frame, soft even studio light, subtle contact shadow under the part, realistic materials (black ABS plastic, painted plastic, aluminium, steel, rubber — whatever the real part is made of). New part, clean, no brand names, no logos, no packaging, no hands, no text, no watermark. Square 1:1.;Technical X-ray illustration, one image of a consistent series. Solid deep navy background #0E1726. A generic 50-150cc step-through city scooter (small wheels, floorboard, engine and CVT under the seat), strict side view, nose pointing right, centered, the whole scooter visible and filling about 80% of the width, no brand, no logos. The scooter is drawn as a semi-transparent X-ray / blueprint: thin light steel-blue outlines (#9FB4C8, about 40% opacity), inner parts faintly visible through the body. Only one part is solid and highlighted: coolant hose clamps (liquid cooling: radiator next to the engine). Render it in brand green #6CAD2F with a soft green glow and a thin white edge, at its real position and real scale on the scooter. If the part is small (a bulb, a seal, a bolt, a sensor), keep it at its real place and add a soft glowing green ring around it so it is easy to spot. Everything else stays dim. No text, no labels, no arrows, no numbers, no watermark. Square 1:1.
cooling-fan;Охлаждение;Воздушное (Honda 4T, GY6);Крыльчатка охлаждения на генераторе;engine cooling fan on the flywheel;air cooling shroud around the cylinder;petrol;"Honda 4T (Dio, Jog AY01); GY6 150 (Tank T150)";550;600;cooling-fan.webp;cooling-fan-where.webp;Studio product photo, one image of a consistent e-commerce series. A single scooter spare part: engine cooling fan on the flywheel. Isolated on a pure white seamless background #FFFFFF, centered, three-quarter view from the front-left and slightly above, the part fills about 70% of the frame, soft even studio light, subtle contact shadow under the part, realistic materials (black ABS plastic, painted plastic, aluminium, steel, rubber — whatever the real part is made of). New part, clean, no brand names, no logos, no packaging, no hands, no text, no watermark. Square 1:1.;Technical X-ray illustration, one image of a consistent series. Solid deep navy background #0E1726. A generic 50-150cc step-through city scooter (small wheels, floorboard, engine and CVT under the seat), strict side view, nose pointing right, centered, the whole scooter visible and filling about 80% of the width, no brand, no logos. The scooter is drawn as a semi-transparent X-ray / blueprint: thin light steel-blue outlines (#9FB4C8, about 40% opacity), inner parts faintly visible through the body. Only one part is solid and highlighted: engine cooling fan on the flywheel (air cooling shroud around the cylinder). Render it in brand green #6CAD2F with a soft green glow and a thin white edge, at its real position and real scale on the scooter. If the part is small (a bulb, a seal, a bolt, a sensor), keep it at its real place and add a soft glowing green ring around it so it is easy to spot. Everything else stays dim. No text, no labels, no arrows, no numbers, no watermark. Square 1:1.
cooling-shroud;Охлаждение;Воздушное (Honda 4T, GY6);Кожух охлаждения цилиндра;cylinder cooling shroud;air cooling shroud around the cylinder;petrol;"Honda 4T (Dio, Jog AY01); GY6 150 (Tank T150)";1250;1650;cooling-shroud.webp;cooling-shroud-where.webp;Studio product photo, one image of a consistent e-commerce series. A single scooter spare part: cylinder cooling shroud. Isolated on a pure white seamless background #FFFFFF, centered, three-quarter view from the front-left and slightly above, the part fills about 70% of the frame, soft even studio light, subtle contact shadow under the part, realistic materials (black ABS plastic, painted plastic, aluminium, steel, rubber — whatever the real part is made of). New part, clean, no brand names, no logos, no packaging, no hands, no text, no watermark. Square 1:1.;Technical X-ray illustration, one image of a consistent series. Solid deep navy background #0E1726. A generic 50-150cc step-through city scooter (small wheels, floorboard, engine and CVT under the seat), strict side view, nose pointing right, centered, the whole scooter visible and filling about 80% of the width, no brand, no logos. The scooter is drawn as a semi-transparent X-ray / blueprint: thin light steel-blue outlines (#9FB4C8, about 40% opacity), inner parts faintly visible through the body. Only one part is solid and highlighted: cylinder cooling shroud (air cooling shroud around the cylinder). Render it in brand green #6CAD2F with a soft green glow and a thin white edge, at its real position and real scale on the scooter. If the part is small (a bulb, a seal, a bolt, a sensor), keep it at its real place and add a soft glowing green ring around it so it is easy to spot. Everything else stays dim. No text, no labels, no arrows, no numbers, no watermark. Square 1:1.
cooling-shroud-lower;Охлаждение;Воздушное (Honda 4T, GY6);Кожух охлаждения нижний;lower cooling shroud;air cooling shroud around the cylinder;petrol;"Honda 4T (Dio, Jog AY01); GY6 150 (Tank T150)";850;1100;cooling-shroud-lower.webp;cooling-shroud-lower-where.webp;Studio product photo, one image of a consistent e-commerce series. A single scooter spare part: lower cooling shroud. Isolated on a pure white seamless background #FFFFFF, centered, three-quarter view from the front-left and slightly above, the part fills about 70% of the frame, soft even studio light, subtle contact shadow under the part, realistic materials (black ABS plastic, painted plastic, aluminium, steel, rubber — whatever the real part is made of). New part, clean, no brand names, no logos, no packaging, no hands, no text, no watermark. Square 1:1.;Technical X-ray illustration, one image of a consistent series. Solid deep navy background #0E1726. A generic 50-150cc step-through city scooter (small wheels, floorboard, engine and CVT under the seat), strict side view, nose pointing right, centered, the whole scooter visible and filling about 80% of the width, no brand, no logos. The scooter is drawn as a semi-transparent X-ray / blueprint: thin light steel-blue outlines (#9FB4C8, about 40% opacity), inner parts faintly visible through the body. Only one part is solid and highlighted: lower cooling shroud (air cooling shroud around the cylinder). Render it in brand green #6CAD2F with a soft green glow and a thin white edge, at its real position and real scale on the scooter. If the part is small (a bulb, a seal, a bolt, a sensor), keep it at its real place and add a soft glowing green ring around it so it is easy to spot. Everything else stays dim. No text, no labels, no arrows, no numbers, no watermark. Square 1:1.
shroud-screws;Охлаждение;Воздушное (Honda 4T, GY6);Винты кожухов охлаждения (комплект);cooling shroud screws;air cooling shroud around the cylinder;petrol;все модели;150;150;shroud-screws.webp;shroud-screws-where.webp;Studio product photo, one image of a consistent e-commerce series. A single scooter spare part: cooling shroud screws. Isolated on a pure white seamless background #FFFFFF, centered, three-quarter view from the front-left and slightly above, the part fills about 70% of the frame, soft even studio light, subtle contact shadow under the part, realistic materials (black ABS plastic, painted plastic, aluminium, steel, rubber — whatever the real part is made of). New part, clean, no brand names, no logos, no packaging, no hands, no text, no watermark. Square 1:1.;Technical X-ray illustration, one image of a consistent series. Solid deep navy background #0E1726. A generic 50-150cc step-through city scooter (small wheels, floorboard, engine and CVT under the seat), strict side view, nose pointing right, centered, the whole scooter visible and filling about 80% of the width, no brand, no logos. The scooter is drawn as a semi-transparent X-ray / blueprint: thin light steel-blue outlines (#9FB4C8, about 40% opacity), inner parts faintly visible through the body. Only one part is solid and highlighted: cooling shroud screws (air cooling shroud around the cylinder). Render it in brand green #6CAD2F with a soft green glow and a thin white edge, at its real position and real scale on the scooter. If the part is small (a bulb, a seal, a bolt, a sensor), keep it at its real place and add a soft glowing green ring around it so it is easy to spot. Everything else stays dim. No text, no labels, no arrows, no numbers, no watermark. Square 1:1.
drum-shoes;Тормоза;Барабанные;Колодки барабанные;drum brake shoes;drum brake inside the wheel hub;petrol;"d150 — Yamaha Gear 4T; d130 — Yamaha Jog 4T, Vino 4T; Honda Dio AF62/68; Yamaha Jog AY01; GY6 150 (Tank T150)";600;900;drum-shoes.webp;drum-shoes-where.webp;Studio product photo, one image of a consistent e-commerce series. A single scooter spare part: drum brake shoes. Isolated on a pure white seamless background #FFFFFF, centered, three-quarter view from the front-left and slightly above, the part fills about 70% of the frame, soft even studio light, subtle contact shadow under the part, realistic materials (black ABS plastic, painted plastic, aluminium, steel, rubber — whatever the real part is made of). New part, clean, no brand names, no logos, no packaging, no hands, no text, no watermark. Square 1:1.;Technical X-ray illustration, one image of a consistent series. Solid deep navy background #0E1726. A generic 50-150cc step-through city scooter (small wheels, floorboard, engine and CVT under the seat), strict side view, nose pointing right, centered, the whole scooter visible and filling about 80% of the width, no brand, no logos. The scooter is drawn as a semi-transparent X-ray / blueprint: thin light steel-blue outlines (#9FB4C8, about 40% opacity), inner parts faintly visible through the body. Only one part is solid and highlighted: drum brake shoes (drum brake inside the wheel hub). Render it in brand green #6CAD2F with a soft green glow and a thin white edge, at its real position and real scale on the scooter. If the part is small (a bulb, a seal, a bolt, a sensor), keep it at its real place and add a soft glowing green ring around it so it is easy to spot. Everything else stays dim. No text, no labels, no arrows, no numbers, no watermark. Square 1:1.
shoe-springs;Тормоза;Барабанные;Пружины тормозных колодок (пара);brake shoe springs;drum brake inside the wheel hub;petrol;все модели;250;250;shoe-springs.webp;shoe-springs-where.webp;Studio product photo, one image of a consistent e-commerce series. A single scooter spare part: brake shoe springs. Isolated on a pure white seamless background #FFFFFF, centered, three-quarter view from the front-left and slightly above, the part fills about 70% of the frame, soft even studio light, subtle contact shadow under the part, realistic materials (black ABS plastic, painted plastic, aluminium, steel, rubber — whatever the real part is made of). New part, clean, no brand names, no logos, no packaging, no hands, no text, no watermark. Square 1:1.;Technical X-ray illustration, one image of a consistent series. Solid deep navy background #0E1726. A generic 50-150cc step-through city scooter (small wheels, floorboard, engine and CVT under the seat), strict side view, nose pointing right, centered, the whole scooter visible and filling about 80% of the width, no brand, no logos. The scooter is drawn as a semi-transparent X-ray / blueprint: thin light steel-blue outlines (#9FB4C8, about 40% opacity), inner parts faintly visible through the body. Only one part is solid and highlighted: brake shoe springs (drum brake inside the wheel hub). Render it in brand green #6CAD2F with a soft green glow and a thin white edge, at its real position and real scale on the scooter. If the part is small (a bulb, a seal, a bolt, a sensor), keep it at its real place and add a soft glowing green ring around it so it is easy to spot. Everything else stays dim. No text, no labels, no arrows, no numbers, no watermark. Square 1:1.
brake-cam;Тормоза;Барабанные;Кулачок тормоза с рычагом;brake cam with lever arm;drum brake inside the wheel hub;petrol;все модели;700;700;brake-cam.webp;brake-cam-where.webp;Studio product photo, one image of a consistent e-commerce series. A single scooter spare part: brake cam with lever arm. Isolated on a pure white seamless background #FFFFFF, centered, three-quarter view from the front-left and slightly above, the part fills about 70% of the frame, soft even studio light, subtle contact shadow under the part, realistic materials (black ABS plastic, painted plastic, aluminium, steel, rubber — whatever the real part is made of). New part, clean, no brand names, no logos, no packaging, no hands, no text, no watermark. Square 1:1.;Technical X-ray illustration, one image of a consistent series. Solid deep navy background #0E1726. A generic 50-150cc step-through city scooter (small wheels, floorboard, engine and CVT under the seat), strict side view, nose pointing right, centered, the whole scooter visible and filling about 80% of the width, no brand, no logos. The scooter is drawn as a semi-transparent X-ray / blueprint: thin light steel-blue outlines (#9FB4C8, about 40% opacity), inner parts faintly visible through the body. Only one part is solid and highlighted: brake cam with lever arm (drum brake inside the wheel hub). Render it in brand green #6CAD2F with a soft green glow and a thin white edge, at its real position and real scale on the scooter. If the part is small (a bulb, a seal, a bolt, a sensor), keep it at its real place and add a soft glowing green ring around it so it is easy to spot. Everything else stays dim. No text, no labels, no arrows, no numbers, no watermark. Square 1:1.
brake-arm-spring;Тормоза;Барабанные;Возвратная пружина рычага тормоза;brake arm return spring;drum brake inside the wheel hub;petrol;все модели;150;150;brake-arm-spring.webp;brake-arm-spring-where.webp;Studio product photo, one image of a consistent e-commerce series. A single scooter spare part: brake arm return spring. Isolated on a pure white seamless background #FFFFFF, centered, three-quarter view from the front-left and slightly above, the part fills about 70% of the frame, soft even studio light, subtle contact shadow under the part, realistic materials (black ABS plastic, painted plastic, aluminium, steel, rubber — whatever the real part is made of). New part, clean, no brand names, no logos, no packaging, no hands, no text, no watermark. Square 1:1.;Technical X-ray illustration, one image of a consistent series. Solid deep navy background #0E1726. A generic 50-150cc step-through city scooter (small wheels, floorboard, engine and CVT under the seat), strict side view, nose pointing right, centered, the whole scooter visible and filling about 80% of the width, no brand, no logos. The scooter is drawn as a semi-transparent X-ray / blueprint: thin light steel-blue outlines (#9FB4C8, about 40% opacity), inner parts faintly visible through the body. Only one part is solid and highlighted: brake arm return spring (drum brake inside the wheel hub). Render it in brand green #6CAD2F with a soft green glow and a thin white edge, at its real position and real scale on the scooter. If the part is small (a bulb, a seal, a bolt, a sensor), keep it at its real place and add a soft glowing green ring around it so it is easy to spot. Everything else stays dim. No text, no labels, no arrows, no numbers, no watermark. Square 1:1.
brake-adjuster;Тормоза;Барабанные;Гайка регулировки тормоза;brake adjusting nut;drum brake inside the wheel hub;petrol;все модели;100;100;brake-adjuster.webp;brake-adjuster-where.webp;Studio product photo, one image of a consistent e-commerce series. A single scooter spare part: brake adjusting nut. Isolated on a pure white seamless background #FFFFFF, centered, three-quarter view from the front-left and slightly above, the part fills about 70% of the frame, soft even studio light, subtle contact shadow under the part, realistic materials (black ABS plastic, painted plastic, aluminium, steel, rubber — whatever the real part is made of). New part, clean, no brand names, no logos, no packaging, no hands, no text, no watermark. Square 1:1.;Technical X-ray illustration, one image of a consistent series. Solid deep navy background #0E1726. A generic 50-150cc step-through city scooter (small wheels, floorboard, engine and CVT under the seat), strict side view, nose pointing right, centered, the whole scooter visible and filling about 80% of the width, no brand, no logos. The scooter is drawn as a semi-transparent X-ray / blueprint: thin light steel-blue outlines (#9FB4C8, about 40% opacity), inner parts faintly visible through the body. Only one part is solid and highlighted: brake adjusting nut (drum brake inside the wheel hub). Render it in brand green #6CAD2F with a soft green glow and a thin white edge, at its real position and real scale on the scooter. If the part is small (a bulb, a seal, a bolt, a sensor), keep it at its real place and add a soft glowing green ring around it so it is easy to spot. Everything else stays dim. No text, no labels, no arrows, no numbers, no watermark. Square 1:1.
brake-panel;Тормоза;Барабанные;Тормозной щит переднего колеса;front brake panel;drum brake inside the wheel hub;petrol;"Yamaha Gear 4T; Yamaha Jog 4T; Yamaha Jog AY01; Honda Dio AF62/68; Tank T150";900;1700;brake-panel.webp;brake-panel-where.webp;Studio product photo, one image of a consistent e-commerce series. A single scooter spare part: front brake panel. Isolated on a pure white seamless background #FFFFFF, centered, three-quarter view from the front-left and slightly above, the part fills about 70% of the frame, soft even studio light, subtle contact shadow under the part, realistic materials (black ABS plastic, painted plastic, aluminium, steel, rubber — whatever the real part is made of). New part, clean, no brand names, no logos, no packaging, no hands, no text, no watermark. Square 1:1.;Technical X-ray illustration, one image of a consistent series. Solid deep navy background #0E1726. A generic 50-150cc step-through city scooter (small wheels, floorboard, engine and CVT under the seat), strict side view, nose pointing right, centered, the whole scooter visible and filling about 80% of the width, no brand, no logos. The scooter is drawn as a semi-transparent X-ray / blueprint: thin light steel-blue outlines (#9FB4C8, about 40% opacity), inner parts faintly visible through the body. Only one part is solid and highlighted: front brake panel (drum brake inside the wheel hub). Render it in brand green #6CAD2F with a soft green glow and a thin white edge, at its real position and real scale on the scooter. If the part is small (a bulb, a seal, a bolt, a sensor), keep it at its real place and add a soft glowing green ring around it so it is easy to spot. Everything else stays dim. No text, no labels, no arrows, no numbers, no watermark. Square 1:1.
brake-equalizer;Тормоза;Барабанные;Уравнитель комбинированного тормоза;combined brake equalizer;drum brake inside the wheel hub;petrol;Yamaha 4T, Honda 4T;1250;1250;brake-equalizer.webp;brake-equalizer-where.webp;Studio product photo, one image of a consistent e-commerce series. A single scooter spare part: combined brake equalizer. Isolated on a pure white seamless background #FFFFFF, centered, three-quarter view from the front-left and slightly above, the part fills about 70% of the frame, soft even studio light, subtle contact shadow under the part, realistic materials (black ABS plastic, painted plastic, aluminium, steel, rubber — whatever the real part is made of). New part, clean, no brand names, no logos, no packaging, no hands, no text, no watermark. Square 1:1.;Technical X-ray illustration, one image of a consistent series. Solid deep navy background #0E1726. A generic 50-150cc step-through city scooter (small wheels, floorboard, engine and CVT under the seat), strict side view, nose pointing right, centered, the whole scooter visible and filling about 80% of the width, no brand, no logos. The scooter is drawn as a semi-transparent X-ray / blueprint: thin light steel-blue outlines (#9FB4C8, about 40% opacity), inner parts faintly visible through the body. Only one part is solid and highlighted: combined brake equalizer (drum brake inside the wheel hub). Render it in brand green #6CAD2F with a soft green glow and a thin white edge, at its real position and real scale on the scooter. If the part is small (a bulb, a seal, a bolt, a sensor), keep it at its real place and add a soft glowing green ring around it so it is easy to spot. Everything else stays dim. No text, no labels, no arrows, no numbers, no watermark. Square 1:1.
disc-pads;Тормоза;Дисковые;Колодки дисковые передние;disc brake pads;front disc brake;petrol;"Yamaha Jog, Gear (с дисковым тормозом); Honda Dio; GY6 150 (Tank T150)";700;700;disc-pads.webp;disc-pads-where.webp;Studio product photo, one image of a consistent e-commerce series. A single scooter spare part: disc brake pads. Isolated on a pure white seamless background #FFFFFF, centered, three-quarter view from the front-left and slightly above, the part fills about 70% of the frame, soft even studio light, subtle contact shadow under the part, realistic materials (black ABS plastic, painted plastic, aluminium, steel, rubber — whatever the real part is made of). New part, clean, no brand names, no logos, no packaging, no hands, no text, no watermark. Square 1:1.;Technical X-ray illustration, one image of a consistent series. Solid deep navy background #0E1726. A generic 50-150cc step-through city scooter (small wheels, floorboard, engine and CVT under the seat), strict side view, nose pointing right, centered, the whole scooter visible and filling about 80% of the width, no brand, no logos. The scooter is drawn as a semi-transparent X-ray / blueprint: thin light steel-blue outlines (#9FB4C8, about 40% opacity), inner parts faintly visible through the body. Only one part is solid and highlighted: disc brake pads (front disc brake). Render it in brand green #6CAD2F with a soft green glow and a thin white edge, at its real position and real scale on the scooter. If the part is small (a bulb, a seal, a bolt, a sensor), keep it at its real place and add a soft glowing green ring around it so it is easy to spot. Everything else stays dim. No text, no labels, no arrows, no numbers, no watermark. Square 1:1.
brake-disc;Тормоза;Дисковые;Тормозной диск передний;front brake disc rotor;front disc brake;petrol;"Yamaha Jog, Gear (с дисковым тормозом); GY6 150 (Tank T150)";2050;2450;brake-disc.webp;brake-disc-where.webp;Studio product photo, one image of a consistent e-commerce series. A single scooter spare part: front brake disc rotor. Isolated on a pure white seamless background #FFFFFF, centered, three-quarter view from the front-left and slightly above, the part fills about 70% of the frame, soft even studio light, subtle contact shadow under the part, realistic materials (black ABS plastic, painted plastic, aluminium, steel, rubber — whatever the real part is made of). New part, clean, no brand names, no logos, no packaging, no hands, no text, no watermark. Square 1:1.;Technical X-ray illustration, one image of a consistent series. Solid deep navy background #0E1726. A generic 50-150cc step-through city scooter (small wheels, floorboard, engine and CVT under the seat), strict side view, nose pointing right, centered, the whole scooter visible and filling about 80% of the width, no brand, no logos. The scooter is drawn as a semi-transparent X-ray / blueprint: thin light steel-blue outlines (#9FB4C8, about 40% opacity), inner parts faintly visible through the body. Only one part is solid and highlighted: front brake disc rotor (front disc brake). Render it in brand green #6CAD2F with a soft green glow and a thin white edge, at its real position and real scale on the scooter. If the part is small (a bulb, a seal, a bolt, a sensor), keep it at its real place and add a soft glowing green ring around it so it is easy to spot. Everything else stays dim. No text, no labels, no arrows, no numbers, no watermark. Square 1:1.
caliper;Тормоза;Дисковые;Суппорт передний;front brake caliper;front disc brake;petrol;все модели;2600;2600;caliper.webp;caliper-where.webp;Studio product photo, one image of a consistent e-commerce series. A single scooter spare part: front brake caliper. Isolated on a pure white seamless background #FFFFFF, centered, three-quarter view from the front-left and slightly above, the part fills about 70% of the frame, soft even studio light, subtle contact shadow under the part, realistic materials (black ABS plastic, painted plastic, aluminium, steel, rubber — whatever the real part is made of). New part, clean, no brand names, no logos, no packaging, no hands, no text, no watermark. Square 1:1.;Technical X-ray illustration, one image of a consistent series. Solid deep navy background #0E1726. A generic 50-150cc step-through city scooter (small wheels, floorboard, engine and CVT under the seat), strict side view, nose pointing right, centered, the whole scooter visible and filling about 80% of the width, no brand, no logos. The scooter is drawn as a semi-transparent X-ray / blueprint: thin light steel-blue outlines (#9FB4C8, about 40% opacity), inner parts faintly visible through the body. Only one part is solid and highlighted: front brake caliper (front disc brake). Render it in brand green #6CAD2F with a soft green glow and a thin white edge, at its real position and real scale on the scooter. If the part is small (a bulb, a seal, a bolt, a sensor), keep it at its real place and add a soft glowing green ring around it so it is easy to spot. Everything else stays dim. No text, no labels, no arrows, no numbers, no watermark. Square 1:1.
caliper-piston;Тормоза;Дисковые;Поршень суппорта;brake caliper piston;front disc brake;petrol;все модели;600;600;caliper-piston.webp;caliper-piston-where.webp;Studio product photo, one image of a consistent e-commerce series. A single scooter spare part: brake caliper piston. Isolated on a pure white seamless background #FFFFFF, centered, three-quarter view from the front-left and slightly above, the part fills about 70% of the frame, soft even studio light, subtle contact shadow under the part, realistic materials (black ABS plastic, painted plastic, aluminium, steel, rubber — whatever the real part is made of). New part, clean, no brand names, no logos, no packaging, no hands, no text, no watermark. Square 1:1.;Technical X-ray illustration, one image of a consistent series. Solid deep navy background #0E1726. A generic 50-150cc step-through city scooter (small wheels, floorboard, engine and CVT under the seat), strict side view, nose pointing right, centered, the whole scooter visible and filling about 80% of the width, no brand, no logos. The scooter is drawn as a semi-transparent X-ray / blueprint: thin light steel-blue outlines (#9FB4C8, about 40% opacity), inner parts faintly visible through the body. Only one part is solid and highlighted: brake caliper piston (front disc brake). Render it in brand green #6CAD2F with a soft green glow and a thin white edge, at its real position and real scale on the scooter. If the part is small (a bulb, a seal, a bolt, a sensor), keep it at its real place and add a soft glowing green ring around it so it is easy to spot. Everything else stays dim. No text, no labels, no arrows, no numbers, no watermark. Square 1:1.
caliper-kit;Тормоза;Дисковые;Ремкомплект суппорта;caliper seal kit;front disc brake;petrol;все модели;600;600;caliper-kit.webp;caliper-kit-where.webp;Studio product photo, one image of a consistent e-commerce series. A single scooter spare part: caliper seal kit. Isolated on a pure white seamless background #FFFFFF, centered, three-quarter view from the front-left and slightly above, the part fills about 70% of the frame, soft even studio light, subtle contact shadow under the part, realistic materials (black ABS plastic, painted plastic, aluminium, steel, rubber — whatever the real part is made of). New part, clean, no brand names, no logos, no packaging, no hands, no text, no watermark. Square 1:1.;Technical X-ray illustration, one image of a consistent series. Solid deep navy background #0E1726. A generic 50-150cc step-through city scooter (small wheels, floorboard, engine and CVT under the seat), strict side view, nose pointing right, centered, the whole scooter visible and filling about 80% of the width, no brand, no logos. The scooter is drawn as a semi-transparent X-ray / blueprint: thin light steel-blue outlines (#9FB4C8, about 40% opacity), inner parts faintly visible through the body. Only one part is solid and highlighted: caliper seal kit (front disc brake). Render it in brand green #6CAD2F with a soft green glow and a thin white edge, at its real position and real scale on the scooter. If the part is small (a bulb, a seal, a bolt, a sensor), keep it at its real place and add a soft glowing green ring around it so it is easy to spot. Everything else stays dim. No text, no labels, no arrows, no numbers, no watermark. Square 1:1.
caliper-pins;Тормоза;Дисковые;Направляющие суппорта с пыльниками;caliper slide pins with boots;front disc brake;petrol;все модели;450;450;caliper-pins.webp;caliper-pins-where.webp;Studio product photo, one image of a consistent e-commerce series. A single scooter spare part: caliper slide pins with boots. Isolated on a pure white seamless background #FFFFFF, centered, three-quarter view from the front-left and slightly above, the part fills about 70% of the frame, soft even studio light, subtle contact shadow under the part, realistic materials (black ABS plastic, painted plastic, aluminium, steel, rubber — whatever the real part is made of). New part, clean, no brand names, no logos, no packaging, no hands, no text, no watermark. Square 1:1.;Technical X-ray illustration, one image of a consistent series. Solid deep navy background #0E1726. A generic 50-150cc step-through city scooter (small wheels, floorboard, engine and CVT under the seat), strict side view, nose pointing right, centered, the whole scooter visible and filling about 80% of the width, no brand, no logos. The scooter is drawn as a semi-transparent X-ray / blueprint: thin light steel-blue outlines (#9FB4C8, about 40% opacity), inner parts faintly visible through the body. Only one part is solid and highlighted: caliper slide pins with boots (front disc brake). Render it in brand green #6CAD2F with a soft green glow and a thin white edge, at its real position and real scale on the scooter. If the part is small (a bulb, a seal, a bolt, a sensor), keep it at its real place and add a soft glowing green ring around it so it is easy to spot. Everything else stays dim. No text, no labels, no arrows, no numbers, no watermark. Square 1:1.
master-cylinder;Тормоза;Дисковые;Главный тормозной цилиндр;brake master cylinder;front disc brake;petrol;все модели;2200;2200;master-cylinder.webp;master-cylinder-where.webp;Studio product photo, one image of a consistent e-commerce series. A single scooter spare part: brake master cylinder. Isolated on a pure white seamless background #FFFFFF, centered, three-quarter view from the front-left and slightly above, the part fills about 70% of the frame, soft even studio light, subtle contact shadow under the part, realistic materials (black ABS plastic, painted plastic, aluminium, steel, rubber — whatever the real part is made of). New part, clean, no brand names, no logos, no packaging, no hands, no text, no watermark. Square 1:1.;Technical X-ray illustration, one image of a consistent series. Solid deep navy background #0E1726. A generic 50-150cc step-through city scooter (small wheels, floorboard, engine and CVT under the seat), strict side view, nose pointing right, centered, the whole scooter visible and filling about 80% of the width, no brand, no logos. The scooter is drawn as a semi-transparent X-ray / blueprint: thin light steel-blue outlines (#9FB4C8, about 40% opacity), inner parts faintly visible through the body. Only one part is solid and highlighted: brake master cylinder (front disc brake). Render it in brand green #6CAD2F with a soft green glow and a thin white edge, at its real position and real scale on the scooter. If the part is small (a bulb, a seal, a bolt, a sensor), keep it at its real place and add a soft glowing green ring around it so it is easy to spot. Everything else stays dim. No text, no labels, no arrows, no numbers, no watermark. Square 1:1.
master-cylinder-kit;Тормоза;Дисковые;Ремкомплект главного цилиндра;master cylinder rebuild kit;front disc brake;petrol;все модели;700;700;master-cylinder-kit.webp;master-cylinder-kit-where.webp;Studio product photo, one image of a consistent e-commerce series. A single scooter spare part: master cylinder rebuild kit. Isolated on a pure white seamless background #FFFFFF, centered, three-quarter view from the front-left and slightly above, the part fills about 70% of the frame, soft even studio light, subtle contact shadow under the part, realistic materials (black ABS plastic, painted plastic, aluminium, steel, rubber — whatever the real part is made of). New part, clean, no brand names, no logos, no packaging, no hands, no text, no watermark. Square 1:1.;Technical X-ray illustration, one image of a consistent series. Solid deep navy background #0E1726. A generic 50-150cc step-through city scooter (small wheels, floorboard, engine and CVT under the seat), strict side view, nose pointing right, centered, the whole scooter visible and filling about 80% of the width, no brand, no logos. The scooter is drawn as a semi-transparent X-ray / blueprint: thin light steel-blue outlines (#9FB4C8, about 40% opacity), inner parts faintly visible through the body. Only one part is solid and highlighted: master cylinder rebuild kit (front disc brake). Render it in brand green #6CAD2F with a soft green glow and a thin white edge, at its real position and real scale on the scooter. If the part is small (a bulb, a seal, a bolt, a sensor), keep it at its real place and add a soft glowing green ring around it so it is easy to spot. Everything else stays dim. No text, no labels, no arrows, no numbers, no watermark. Square 1:1.
reservoir-cap;Тормоза;Дисковые;Крышка бачка тормозной жидкости с мембраной;brake fluid reservoir cap with diaphragm;front disc brake;petrol;все модели;400;400;reservoir-cap.webp;reservoir-cap-where.webp;Studio product photo, one image of a consistent e-commerce series. A single scooter spare part: brake fluid reservoir cap with diaphragm. Isolated on a pure white seamless background #FFFFFF, centered, three-quarter view from the front-left and slightly above, the part fills about 70% of the frame, soft even studio light, subtle contact shadow under the part, realistic materials (black ABS plastic, painted plastic, aluminium, steel, rubber — whatever the real part is made of). New part, clean, no brand names, no logos, no packaging, no hands, no text, no watermark. Square 1:1.;Technical X-ray illustration, one image of a consistent series. Solid deep navy background #0E1726. A generic 50-150cc step-through city scooter (small wheels, floorboard, engine and CVT under the seat), strict side view, nose pointing right, centered, the whole scooter visible and filling about 80% of the width, no brand, no logos. The scooter is drawn as a semi-transparent X-ray / blueprint: thin light steel-blue outlines (#9FB4C8, about 40% opacity), inner parts faintly visible through the body. Only one part is solid and highlighted: brake fluid reservoir cap with diaphragm (front disc brake). Render it in brand green #6CAD2F with a soft green glow and a thin white edge, at its real position and real scale on the scooter. If the part is small (a bulb, a seal, a bolt, a sensor), keep it at its real place and add a soft glowing green ring around it so it is easy to spot. Everything else stays dim. No text, no labels, no arrows, no numbers, no watermark. Square 1:1.
brake-hose;Тормоза;Дисковые;Тормозной шланг;brake hose;front disc brake;petrol;все модели;950;950;brake-hose.webp;brake-hose-where.webp;Studio product photo, one image of a consistent e-commerce series. A single scooter spare part: brake hose. Isolated on a pure white seamless background #FFFFFF, centered, three-quarter view from the front-left and slightly above, the part fills about 70% of the frame, soft even studio light, subtle contact shadow under the part, realistic materials (black ABS plastic, painted plastic, aluminium, steel, rubber — whatever the real part is made of). New part, clean, no brand names, no logos, no packaging, no hands, no text, no watermark. Square 1:1.;Technical X-ray illustration, one image of a consistent series. Solid deep navy background #0E1726. A generic 50-150cc step-through city scooter (small wheels, floorboard, engine and CVT under the seat), strict side view, nose pointing right, centered, the whole scooter visible and filling about 80% of the width, no brand, no logos. The scooter is drawn as a semi-transparent X-ray / blueprint: thin light steel-blue outlines (#9FB4C8, about 40% opacity), inner parts faintly visible through the body. Only one part is solid and highlighted: brake hose (front disc brake). Render it in brand green #6CAD2F with a soft green glow and a thin white edge, at its real position and real scale on the scooter. If the part is small (a bulb, a seal, a bolt, a sensor), keep it at its real place and add a soft glowing green ring around it so it is easy to spot. Everything else stays dim. No text, no labels, no arrows, no numbers, no watermark. Square 1:1.
banjo-bolt;Тормоза;Дисковые;Болт-банжо с медными шайбами;banjo bolt with copper washers;front disc brake;petrol;все модели;300;300;banjo-bolt.webp;banjo-bolt-where.webp;Studio product photo, one image of a consistent e-commerce series. A single scooter spare part: banjo bolt with copper washers. Isolated on a pure white seamless background #FFFFFF, centered, three-quarter view from the front-left and slightly above, the part fills about 70% of the frame, soft even studio light, subtle contact shadow under the part, realistic materials (black ABS plastic, painted plastic, aluminium, steel, rubber — whatever the real part is made of). New part, clean, no brand names, no logos, no packaging, no hands, no text, no watermark. Square 1:1.;Technical X-ray illustration, one image of a consistent series. Solid deep navy background #0E1726. A generic 50-150cc step-through city scooter (small wheels, floorboard, engine and CVT under the seat), strict side view, nose pointing right, centered, the whole scooter visible and filling about 80% of the width, no brand, no logos. The scooter is drawn as a semi-transparent X-ray / blueprint: thin light steel-blue outlines (#9FB4C8, about 40% opacity), inner parts faintly visible through the body. Only one part is solid and highlighted: banjo bolt with copper washers (front disc brake). Render it in brand green #6CAD2F with a soft green glow and a thin white edge, at its real position and real scale on the scooter. If the part is small (a bulb, a seal, a bolt, a sensor), keep it at its real place and add a soft glowing green ring around it so it is easy to spot. Everything else stays dim. No text, no labels, no arrows, no numbers, no watermark. Square 1:1.
bleeder;Тормоза;Дисковые;Штуцер прокачки;brake bleeder screw;front disc brake;petrol;все модели;150;150;bleeder.webp;bleeder-where.webp;Studio product photo, one image of a consistent e-commerce series. A single scooter spare part: brake bleeder screw. Isolated on a pure white seamless background #FFFFFF, centered, three-quarter view from the front-left and slightly above, the part fills about 70% of the frame, soft even studio light, subtle contact shadow under the part, realistic materials (black ABS plastic, painted plastic, aluminium, steel, rubber — whatever the real part is made of). New part, clean, no brand names, no logos, no packaging, no hands, no text, no watermark. Square 1:1.;Technical X-ray illustration, one image of a consistent series. Solid deep navy background #0E1726. A generic 50-150cc step-through city scooter (small wheels, floorboard, engine and CVT under the seat), strict side view, nose pointing right, centered, the whole scooter visible and filling about 80% of the width, no brand, no logos. The scooter is drawn as a semi-transparent X-ray / blueprint: thin light steel-blue outlines (#9FB4C8, about 40% opacity), inner parts faintly visible through the body. Only one part is solid and highlighted: brake bleeder screw (front disc brake). Render it in brand green #6CAD2F with a soft green glow and a thin white edge, at its real position and real scale on the scooter. If the part is small (a bulb, a seal, a bolt, a sensor), keep it at its real place and add a soft glowing green ring around it so it is easy to spot. Everything else stays dim. No text, no labels, no arrows, no numbers, no watermark. Square 1:1.
disc-bolts;Тормоза;Дисковые;Болты тормозного диска (комплект);brake disc bolts;front disc brake;petrol;все модели;300;300;disc-bolts.webp;disc-bolts-where.webp;Studio product photo, one image of a consistent e-commerce series. A single scooter spare part: brake disc bolts. Isolated on a pure white seamless background #FFFFFF, centered, three-quarter view from the front-left and slightly above, the part fills about 70% of the frame, soft even studio light, subtle contact shadow under the part, realistic materials (black ABS plastic, painted plastic, aluminium, steel, rubber — whatever the real part is made of). New part, clean, no brand names, no logos, no packaging, no hands, no text, no watermark. Square 1:1.;Technical X-ray illustration, one image of a consistent series. Solid deep navy background #0E1726. A generic 50-150cc step-through city scooter (small wheels, floorboard, engine and CVT under the seat), strict side view, nose pointing right, centered, the whole scooter visible and filling about 80% of the width, no brand, no logos. The scooter is drawn as a semi-transparent X-ray / blueprint: thin light steel-blue outlines (#9FB4C8, about 40% opacity), inner parts faintly visible through the body. Only one part is solid and highlighted: brake disc bolts (front disc brake). Render it in brand green #6CAD2F with a soft green glow and a thin white edge, at its real position and real scale on the scooter. If the part is small (a bulb, a seal, a bolt, a sensor), keep it at its real place and add a soft glowing green ring around it so it is easy to spot. Everything else stays dim. No text, no labels, no arrows, no numbers, no watermark. Square 1:1.
front-fork;Ходовая;Передняя подвеска;Вилка передняя в сборе;complete front fork;front fork and steering;petrol;"Yamaha Gear 4T; Yamaha Jog 4T; Yamaha Jog AY01; Honda Dio AF62/68; Tank T150";5850;8450;front-fork.webp;front-fork-where.webp;Studio product photo, one image of a consistent e-commerce series. A single scooter spare part: complete front fork. Isolated on a pure white seamless background #FFFFFF, centered, three-quarter view from the front-left and slightly above, the part fills about 70% of the frame, soft even studio light, subtle contact shadow under the part, realistic materials (black ABS plastic, painted plastic, aluminium, steel, rubber — whatever the real part is made of). New part, clean, no brand names, no logos, no packaging, no hands, no text, no watermark. Square 1:1.;Technical X-ray illustration, one image of a consistent series. Solid deep navy background #0E1726. A generic 50-150cc step-through city scooter (small wheels, floorboard, engine and CVT under the seat), strict side view, nose pointing right, centered, the whole scooter visible and filling about 80% of the width, no brand, no logos. The scooter is drawn as a semi-transparent X-ray / blueprint: thin light steel-blue outlines (#9FB4C8, about 40% opacity), inner parts faintly visible through the body. Only one part is solid and highlighted: complete front fork (front fork and steering). Render it in brand green #6CAD2F with a soft green glow and a thin white edge, at its real position and real scale on the scooter. If the part is small (a bulb, a seal, a bolt, a sensor), keep it at its real place and add a soft glowing green ring around it so it is easy to spot. Everything else stays dim. No text, no labels, no arrows, no numbers, no watermark. Square 1:1.
fork-leg;Ходовая;Передняя подвеска;Амортизатор передний (перо, 1 шт);front fork leg;front fork and steering;petrol;"Yamaha Gear 4T; Yamaha Jog 4T; Yamaha Jog AY01; Honda Dio AF62/68; Tank T150";1800;2450;fork-leg.webp;fork-leg-where.webp;Studio product photo, one image of a consistent e-commerce series. A single scooter spare part: front fork leg. Isolated on a pure white seamless background #FFFFFF, centered, three-quarter view from the front-left and slightly above, the part fills about 70% of the frame, soft even studio light, subtle contact shadow under the part, realistic materials (black ABS plastic, painted plastic, aluminium, steel, rubber — whatever the real part is made of). New part, clean, no brand names, no logos, no packaging, no hands, no text, no watermark. Square 1:1.;Technical X-ray illustration, one image of a consistent series. Solid deep navy background #0E1726. A generic 50-150cc step-through city scooter (small wheels, floorboard, engine and CVT under the seat), strict side view, nose pointing right, centered, the whole scooter visible and filling about 80% of the width, no brand, no logos. The scooter is drawn as a semi-transparent X-ray / blueprint: thin light steel-blue outlines (#9FB4C8, about 40% opacity), inner parts faintly visible through the body. Only one part is solid and highlighted: front fork leg (front fork and steering). Render it in brand green #6CAD2F with a soft green glow and a thin white edge, at its real position and real scale on the scooter. If the part is small (a bulb, a seal, a bolt, a sensor), keep it at its real place and add a soft glowing green ring around it so it is easy to spot. Everything else stays dim. No text, no labels, no arrows, no numbers, no watermark. Square 1:1.
fork-pair;Ходовая;Передняя подвеска;Амортизаторы передние (пара);pair of front shock absorbers;front fork and steering;petrol;"Yamaha Jog (с дисковым тормозом); Honda Dio; Tank T150";3400;5750;fork-pair.webp;fork-pair-where.webp;Studio product photo, one image of a consistent e-commerce series. A single scooter spare part: pair of front shock absorbers. Isolated on a pure white seamless background #FFFFFF, centered, three-quarter view from the front-left and slightly above, the part fills about 70% of the frame, soft even studio light, subtle contact shadow under the part, realistic materials (black ABS plastic, painted plastic, aluminium, steel, rubber — whatever the real part is made of). New part, clean, no brand names, no logos, no packaging, no hands, no text, no watermark. Square 1:1.;Technical X-ray illustration, one image of a consistent series. Solid deep navy background #0E1726. A generic 50-150cc step-through city scooter (small wheels, floorboard, engine and CVT under the seat), strict side view, nose pointing right, centered, the whole scooter visible and filling about 80% of the width, no brand, no logos. The scooter is drawn as a semi-transparent X-ray / blueprint: thin light steel-blue outlines (#9FB4C8, about 40% opacity), inner parts faintly visible through the body. Only one part is solid and highlighted: pair of front shock absorbers (front fork and steering). Render it in brand green #6CAD2F with a soft green glow and a thin white edge, at its real position and real scale on the scooter. If the part is small (a bulb, a seal, a bolt, a sensor), keep it at its real place and add a soft glowing green ring around it so it is easy to spot. Everything else stays dim. No text, no labels, no arrows, no numbers, no watermark. Square 1:1.
fork-seals;Ходовая;Передняя подвеска;Сальники вилки (пара);fork oil seals;front fork and steering;petrol;все модели;450;450;fork-seals.webp;fork-seals-where.webp;Studio product photo, one image of a consistent e-commerce series. A single scooter spare part: fork oil seals. Isolated on a pure white seamless background #FFFFFF, centered, three-quarter view from the front-left and slightly above, the part fills about 70% of the frame, soft even studio light, subtle contact shadow under the part, realistic materials (black ABS plastic, painted plastic, aluminium, steel, rubber — whatever the real part is made of). New part, clean, no brand names, no logos, no packaging, no hands, no text, no watermark. Square 1:1.;Technical X-ray illustration, one image of a consistent series. Solid deep navy background #0E1726. A generic 50-150cc step-through city scooter (small wheels, floorboard, engine and CVT under the seat), strict side view, nose pointing right, centered, the whole scooter visible and filling about 80% of the width, no brand, no logos. The scooter is drawn as a semi-transparent X-ray / blueprint: thin light steel-blue outlines (#9FB4C8, about 40% opacity), inner parts faintly visible through the body. Only one part is solid and highlighted: fork oil seals (front fork and steering). Render it in brand green #6CAD2F with a soft green glow and a thin white edge, at its real position and real scale on the scooter. If the part is small (a bulb, a seal, a bolt, a sensor), keep it at its real place and add a soft glowing green ring around it so it is easy to spot. Everything else stays dim. No text, no labels, no arrows, no numbers, no watermark. Square 1:1.
fork-boots;Ходовая;Передняя подвеска;Пыльники вилки (пара);fork dust boots;front fork and steering;petrol;все модели;450;450;fork-boots.webp;fork-boots-where.webp;Studio product photo, one image of a consistent e-commerce series. A single scooter spare part: fork dust boots. Isolated on a pure white seamless background #FFFFFF, centered, three-quarter view from the front-left and slightly above, the part fills about 70% of the frame, soft even studio light, subtle contact shadow under the part, realistic materials (black ABS plastic, painted plastic, aluminium, steel, rubber — whatever the real part is made of). New part, clean, no brand names, no logos, no packaging, no hands, no text, no watermark. Square 1:1.;Technical X-ray illustration, one image of a consistent series. Solid deep navy background #0E1726. A generic 50-150cc step-through city scooter (small wheels, floorboard, engine and CVT under the seat), strict side view, nose pointing right, centered, the whole scooter visible and filling about 80% of the width, no brand, no logos. The scooter is drawn as a semi-transparent X-ray / blueprint: thin light steel-blue outlines (#9FB4C8, about 40% opacity), inner parts faintly visible through the body. Only one part is solid and highlighted: fork dust boots (front fork and steering). Render it in brand green #6CAD2F with a soft green glow and a thin white edge, at its real position and real scale on the scooter. If the part is small (a bulb, a seal, a bolt, a sensor), keep it at its real place and add a soft glowing green ring around it so it is easy to spot. Everything else stays dim. No text, no labels, no arrows, no numbers, no watermark. Square 1:1.
fork-bushings;Ходовая;Передняя подвеска;Втулки вилки (комплект);fork bushings;front fork and steering;petrol;все модели;600;600;fork-bushings.webp;fork-bushings-where.webp;Studio product photo, one image of a consistent e-commerce series. A single scooter spare part: fork bushings. Isolated on a pure white seamless background #FFFFFF, centered, three-quarter view from the front-left and slightly above, the part fills about 70% of the frame, soft even studio light, subtle contact shadow under the part, realistic materials (black ABS plastic, painted plastic, aluminium, steel, rubber — whatever the real part is made of). New part, clean, no brand names, no logos, no packaging, no hands, no text, no watermark. Square 1:1.;Technical X-ray illustration, one image of a consistent series. Solid deep navy background #0E1726. A generic 50-150cc step-through city scooter (small wheels, floorboard, engine and CVT under the seat), strict side view, nose pointing right, centered, the whole scooter visible and filling about 80% of the width, no brand, no logos. The scooter is drawn as a semi-transparent X-ray / blueprint: thin light steel-blue outlines (#9FB4C8, about 40% opacity), inner parts faintly visible through the body. Only one part is solid and highlighted: fork bushings (front fork and steering). Render it in brand green #6CAD2F with a soft green glow and a thin white edge, at its real position and real scale on the scooter. If the part is small (a bulb, a seal, a bolt, a sensor), keep it at its real place and add a soft glowing green ring around it so it is easy to spot. Everything else stays dim. No text, no labels, no arrows, no numbers, no watermark. Square 1:1.
steering-bearings;Ходовая;Передняя подвеска;Подшипники рулевой колонки (комплект);steering head bearings;front fork and steering;petrol;все модели;900;900;steering-bearings.webp;steering-bearings-where.webp;Studio product photo, one image of a consistent e-commerce series. A single scooter spare part: steering head bearings. Isolated on a pure white seamless background #FFFFFF, centered, three-quarter view from the front-left and slightly above, the part fills about 70% of the frame, soft even studio light, subtle contact shadow under the part, realistic materials (black ABS plastic, painted plastic, aluminium, steel, rubber — whatever the real part is made of). New part, clean, no brand names, no logos, no packaging, no hands, no text, no watermark. Square 1:1.;Technical X-ray illustration, one image of a consistent series. Solid deep navy background #0E1726. A generic 50-150cc step-through city scooter (small wheels, floorboard, engine and CVT under the seat), strict side view, nose pointing right, centered, the whole scooter visible and filling about 80% of the width, no brand, no logos. The scooter is drawn as a semi-transparent X-ray / blueprint: thin light steel-blue outlines (#9FB4C8, about 40% opacity), inner parts faintly visible through the body. Only one part is solid and highlighted: steering head bearings (front fork and steering). Render it in brand green #6CAD2F with a soft green glow and a thin white edge, at its real position and real scale on the scooter. If the part is small (a bulb, a seal, a bolt, a sensor), keep it at its real place and add a soft glowing green ring around it so it is easy to spot. Everything else stays dim. No text, no labels, no arrows, no numbers, no watermark. Square 1:1.
steering-nut;Ходовая;Передняя подвеска;Гайка рулевой колонки;steering stem nut;front fork and steering;petrol;все модели;400;400;steering-nut.webp;steering-nut-where.webp;Studio product photo, one image of a consistent e-commerce series. A single scooter spare part: steering stem nut. Isolated on a pure white seamless background #FFFFFF, centered, three-quarter view from the front-left and slightly above, the part fills about 70% of the frame, soft even studio light, subtle contact shadow under the part, realistic materials (black ABS plastic, painted plastic, aluminium, steel, rubber — whatever the real part is made of). New part, clean, no brand names, no logos, no packaging, no hands, no text, no watermark. Square 1:1.;Technical X-ray illustration, one image of a consistent series. Solid deep navy background #0E1726. A generic 50-150cc step-through city scooter (small wheels, floorboard, engine and CVT under the seat), strict side view, nose pointing right, centered, the whole scooter visible and filling about 80% of the width, no brand, no logos. The scooter is drawn as a semi-transparent X-ray / blueprint: thin light steel-blue outlines (#9FB4C8, about 40% opacity), inner parts faintly visible through the body. Only one part is solid and highlighted: steering stem nut (front fork and steering). Render it in brand green #6CAD2F with a soft green glow and a thin white edge, at its real position and real scale on the scooter. If the part is small (a bulb, a seal, a bolt, a sensor), keep it at its real place and add a soft glowing green ring around it so it is easy to spot. Everything else stays dim. No text, no labels, no arrows, no numbers, no watermark. Square 1:1.
steering-stem;Ходовая;Передняя подвеска;Траверса (рулевая колонка);steering stem;front fork and steering;petrol;"Yamaha Gear 4T; Yamaha Jog 4T; Yamaha Jog AY01; Honda Dio AF62/68; Tank T150";1900;3550;steering-stem.webp;steering-stem-where.webp;Studio product photo, one image of a consistent e-commerce series. A single scooter spare part: steering stem. Isolated on a pure white seamless background #FFFFFF, centered, three-quarter view from the front-left and slightly above, the part fills about 70% of the frame, soft even studio light, subtle contact shadow under the part, realistic materials (black ABS plastic, painted plastic, aluminium, steel, rubber — whatever the real part is made of). New part, clean, no brand names, no logos, no packaging, no hands, no text, no watermark. Square 1:1.;Technical X-ray illustration, one image of a consistent series. Solid deep navy background #0E1726. A generic 50-150cc step-through city scooter (small wheels, floorboard, engine and CVT under the seat), strict side view, nose pointing right, centered, the whole scooter visible and filling about 80% of the width, no brand, no logos. The scooter is drawn as a semi-transparent X-ray / blueprint: thin light steel-blue outlines (#9FB4C8, about 40% opacity), inner parts faintly visible through the body. Only one part is solid and highlighted: steering stem (front fork and steering). Render it in brand green #6CAD2F with a soft green glow and a thin white edge, at its real position and real scale on the scooter. If the part is small (a bulb, a seal, a bolt, a sensor), keep it at its real place and add a soft glowing green ring around it so it is easy to spot. Everything else stays dim. No text, no labels, no arrows, no numbers, no watermark. Square 1:1.
rear-shock;Ходовая;Задняя подвеска;Амортизатор задний;rear shock absorber;rear shock absorber and engine swing arm;petrol;"Yamaha Gear 4T; Yamaha Jog 4T; Yamaha Jog AY01; Honda Dio AF62/68; Tank T150";1250;2050;rear-shock.webp;rear-shock-where.webp;Studio product photo, one image of a consistent e-commerce series. A single scooter spare part: rear shock absorber. Isolated on a pure white seamless background #FFFFFF, centered, three-quarter view from the front-left and slightly above, the part fills about 70% of the frame, soft even studio light, subtle contact shadow under the part, realistic materials (black ABS plastic, painted plastic, aluminium, steel, rubber — whatever the real part is made of). New part, clean, no brand names, no logos, no packaging, no hands, no text, no watermark. Square 1:1.;Technical X-ray illustration, one image of a consistent series. Solid deep navy background #0E1726. A generic 50-150cc step-through city scooter (small wheels, floorboard, engine and CVT under the seat), strict side view, nose pointing right, centered, the whole scooter visible and filling about 80% of the width, no brand, no logos. The scooter is drawn as a semi-transparent X-ray / blueprint: thin light steel-blue outlines (#9FB4C8, about 40% opacity), inner parts faintly visible through the body. Only one part is solid and highlighted: rear shock absorber (rear shock absorber and engine swing arm). Render it in brand green #6CAD2F with a soft green glow and a thin white edge, at its real position and real scale on the scooter. If the part is small (a bulb, a seal, a bolt, a sensor), keep it at its real place and add a soft glowing green ring around it so it is easy to spot. Everything else stays dim. No text, no labels, no arrows, no numbers, no watermark. Square 1:1.
rear-shock-adjustable;Ходовая;Задняя подвеска;Амортизатор задний регулируемый;adjustable rear shock absorber;rear shock absorber and engine swing arm;petrol;все модели;2100;2100;rear-shock-adjustable.webp;rear-shock-adjustable-where.webp;Studio product photo, one image of a consistent e-commerce series. A single scooter spare part: adjustable rear shock absorber. Isolated on a pure white seamless background #FFFFFF, centered, three-quarter view from the front-left and slightly above, the part fills about 70% of the frame, soft even studio light, subtle contact shadow under the part, realistic materials (black ABS plastic, painted plastic, aluminium, steel, rubber — whatever the real part is made of). New part, clean, no brand names, no logos, no packaging, no hands, no text, no watermark. Square 1:1.;Technical X-ray illustration, one image of a consistent series. Solid deep navy background #0E1726. A generic 50-150cc step-through city scooter (small wheels, floorboard, engine and CVT under the seat), strict side view, nose pointing right, centered, the whole scooter visible and filling about 80% of the width, no brand, no logos. The scooter is drawn as a semi-transparent X-ray / blueprint: thin light steel-blue outlines (#9FB4C8, about 40% opacity), inner parts faintly visible through the body. Only one part is solid and highlighted: adjustable rear shock absorber (rear shock absorber and engine swing arm). Render it in brand green #6CAD2F with a soft green glow and a thin white edge, at its real position and real scale on the scooter. If the part is small (a bulb, a seal, a bolt, a sensor), keep it at its real place and add a soft glowing green ring around it so it is easy to spot. Everything else stays dim. No text, no labels, no arrows, no numbers, no watermark. Square 1:1.
shock-bushings;Ходовая;Задняя подвеска;Втулки амортизатора (комплект);shock absorber bushings;rear shock absorber and engine swing arm;petrol;все модели;300;300;shock-bushings.webp;shock-bushings-where.webp;Studio product photo, one image of a consistent e-commerce series. A single scooter spare part: shock absorber bushings. Isolated on a pure white seamless background #FFFFFF, centered, three-quarter view from the front-left and slightly above, the part fills about 70% of the frame, soft even studio light, subtle contact shadow under the part, realistic materials (black ABS plastic, painted plastic, aluminium, steel, rubber — whatever the real part is made of). New part, clean, no brand names, no logos, no packaging, no hands, no text, no watermark. Square 1:1.;Technical X-ray illustration, one image of a consistent series. Solid deep navy background #0E1726. A generic 50-150cc step-through city scooter (small wheels, floorboard, engine and CVT under the seat), strict side view, nose pointing right, centered, the whole scooter visible and filling about 80% of the width, no brand, no logos. The scooter is drawn as a semi-transparent X-ray / blueprint: thin light steel-blue outlines (#9FB4C8, about 40% opacity), inner parts faintly visible through the body. Only one part is solid and highlighted: shock absorber bushings (rear shock absorber and engine swing arm). Render it in brand green #6CAD2F with a soft green glow and a thin white edge, at its real position and real scale on the scooter. If the part is small (a bulb, a seal, a bolt, a sensor), keep it at its real place and add a soft glowing green ring around it so it is easy to spot. Everything else stays dim. No text, no labels, no arrows, no numbers, no watermark. Square 1:1.
shock-bolts;Ходовая;Задняя подвеска;Болты крепления амортизатора (комплект);shock absorber bolts;rear shock absorber and engine swing arm;petrol;все модели;400;400;shock-bolts.webp;shock-bolts-where.webp;Studio product photo, one image of a consistent e-commerce series. A single scooter spare part: shock absorber bolts. Isolated on a pure white seamless background #FFFFFF, centered, three-quarter view from the front-left and slightly above, the part fills about 70% of the frame, soft even studio light, subtle contact shadow under the part, realistic materials (black ABS plastic, painted plastic, aluminium, steel, rubber — whatever the real part is made of). New part, clean, no brand names, no logos, no packaging, no hands, no text, no watermark. Square 1:1.;Technical X-ray illustration, one image of a consistent series. Solid deep navy background #0E1726. A generic 50-150cc step-through city scooter (small wheels, floorboard, engine and CVT under the seat), strict side view, nose pointing right, centered, the whole scooter visible and filling about 80% of the width, no brand, no logos. The scooter is drawn as a semi-transparent X-ray / blueprint: thin light steel-blue outlines (#9FB4C8, about 40% opacity), inner parts faintly visible through the body. Only one part is solid and highlighted: shock absorber bolts (rear shock absorber and engine swing arm). Render it in brand green #6CAD2F with a soft green glow and a thin white edge, at its real position and real scale on the scooter. If the part is small (a bulb, a seal, a bolt, a sensor), keep it at its real place and add a soft glowing green ring around it so it is easy to spot. Everything else stays dim. No text, no labels, no arrows, no numbers, no watermark. Square 1:1.
engine-hanger;Ходовая;Задняя подвеска;Кронштейн (маятник) двигателя;engine hanger link bracket;rear shock absorber and engine swing arm;petrol;все модели;2050;2050;engine-hanger.webp;engine-hanger-where.webp;Studio product photo, one image of a consistent e-commerce series. A single scooter spare part: engine hanger link bracket. Isolated on a pure white seamless background #FFFFFF, centered, three-quarter view from the front-left and slightly above, the part fills about 70% of the frame, soft even studio light, subtle contact shadow under the part, realistic materials (black ABS plastic, painted plastic, aluminium, steel, rubber — whatever the real part is made of). New part, clean, no brand names, no logos, no packaging, no hands, no text, no watermark. Square 1:1.;Technical X-ray illustration, one image of a consistent series. Solid deep navy background #0E1726. A generic 50-150cc step-through city scooter (small wheels, floorboard, engine and CVT under the seat), strict side view, nose pointing right, centered, the whole scooter visible and filling about 80% of the width, no brand, no logos. The scooter is drawn as a semi-transparent X-ray / blueprint: thin light steel-blue outlines (#9FB4C8, about 40% opacity), inner parts faintly visible through the body. Only one part is solid and highlighted: engine hanger link bracket (rear shock absorber and engine swing arm). Render it in brand green #6CAD2F with a soft green glow and a thin white edge, at its real position and real scale on the scooter. If the part is small (a bulb, a seal, a bolt, a sensor), keep it at its real place and add a soft glowing green ring around it so it is easy to spot. Everything else stays dim. No text, no labels, no arrows, no numbers, no watermark. Square 1:1.
hanger-bushings;Ходовая;Задняя подвеска;Сайлентблоки маятника (комплект);engine hanger bushings;rear shock absorber and engine swing arm;petrol;все модели;850;850;hanger-bushings.webp;hanger-bushings-where.webp;Studio product photo, one image of a consistent e-commerce series. A single scooter spare part: engine hanger bushings. Isolated on a pure white seamless background #FFFFFF, centered, three-quarter view from the front-left and slightly above, the part fills about 70% of the frame, soft even studio light, subtle contact shadow under the part, realistic materials (black ABS plastic, painted plastic, aluminium, steel, rubber — whatever the real part is made of). New part, clean, no brand names, no logos, no packaging, no hands, no text, no watermark. Square 1:1.;Technical X-ray illustration, one image of a consistent series. Solid deep navy background #0E1726. A generic 50-150cc step-through city scooter (small wheels, floorboard, engine and CVT under the seat), strict side view, nose pointing right, centered, the whole scooter visible and filling about 80% of the width, no brand, no logos. The scooter is drawn as a semi-transparent X-ray / blueprint: thin light steel-blue outlines (#9FB4C8, about 40% opacity), inner parts faintly visible through the body. Only one part is solid and highlighted: engine hanger bushings (rear shock absorber and engine swing arm). Render it in brand green #6CAD2F with a soft green glow and a thin white edge, at its real position and real scale on the scooter. If the part is small (a bulb, a seal, a bolt, a sensor), keep it at its real place and add a soft glowing green ring around it so it is easy to spot. Everything else stays dim. No text, no labels, no arrows, no numbers, no watermark. Square 1:1.
hanger-stopper;Ходовая;Задняя подвеска;Резиновый отбойник маятника;rubber hanger stopper;rear shock absorber and engine swing arm;petrol;все модели;300;300;hanger-stopper.webp;hanger-stopper-where.webp;Studio product photo, one image of a consistent e-commerce series. A single scooter spare part: rubber hanger stopper. Isolated on a pure white seamless background #FFFFFF, centered, three-quarter view from the front-left and slightly above, the part fills about 70% of the frame, soft even studio light, subtle contact shadow under the part, realistic materials (black ABS plastic, painted plastic, aluminium, steel, rubber — whatever the real part is made of). New part, clean, no brand names, no logos, no packaging, no hands, no text, no watermark. Square 1:1.;Technical X-ray illustration, one image of a consistent series. Solid deep navy background #0E1726. A generic 50-150cc step-through city scooter (small wheels, floorboard, engine and CVT under the seat), strict side view, nose pointing right, centered, the whole scooter visible and filling about 80% of the width, no brand, no logos. The scooter is drawn as a semi-transparent X-ray / blueprint: thin light steel-blue outlines (#9FB4C8, about 40% opacity), inner parts faintly visible through the body. Only one part is solid and highlighted: rubber hanger stopper (rear shock absorber and engine swing arm). Render it in brand green #6CAD2F with a soft green glow and a thin white edge, at its real position and real scale on the scooter. If the part is small (a bulb, a seal, a bolt, a sensor), keep it at its real place and add a soft glowing green ring around it so it is easy to spot. Everything else stays dim. No text, no labels, no arrows, no numbers, no watermark. Square 1:1.
center-stand;Ходовая;Подножки;Подножка центральная;center stand;center and side stand under the scooter;petrol;"Yamaha Gear 4T; Yamaha Jog 4T; Yamaha Jog AY01; Honda Dio AF62/68; Tank T150";1650;2200;center-stand.webp;center-stand-where.webp;Studio product photo, one image of a consistent e-commerce series. A single scooter spare part: center stand. Isolated on a pure white seamless background #FFFFFF, centered, three-quarter view from the front-left and slightly above, the part fills about 70% of the frame, soft even studio light, subtle contact shadow under the part, realistic materials (black ABS plastic, painted plastic, aluminium, steel, rubber — whatever the real part is made of). New part, clean, no brand names, no logos, no packaging, no hands, no text, no watermark. Square 1:1.;Technical X-ray illustration, one image of a consistent series. Solid deep navy background #0E1726. A generic 50-150cc step-through city scooter (small wheels, floorboard, engine and CVT under the seat), strict side view, nose pointing right, centered, the whole scooter visible and filling about 80% of the width, no brand, no logos. The scooter is drawn as a semi-transparent X-ray / blueprint: thin light steel-blue outlines (#9FB4C8, about 40% opacity), inner parts faintly visible through the body. Only one part is solid and highlighted: center stand (center and side stand under the scooter). Render it in brand green #6CAD2F with a soft green glow and a thin white edge, at its real position and real scale on the scooter. If the part is small (a bulb, a seal, a bolt, a sensor), keep it at its real place and add a soft glowing green ring around it so it is easy to spot. Everything else stays dim. No text, no labels, no arrows, no numbers, no watermark. Square 1:1.
side-stand;Ходовая;Подножки;Подножка боковая;side stand;center and side stand under the scooter;petrol;все модели;1100;1100;side-stand.webp;side-stand-where.webp;Studio product photo, one image of a consistent e-commerce series. A single scooter spare part: side stand. Isolated on a pure white seamless background #FFFFFF, centered, three-quarter view from the front-left and slightly above, the part fills about 70% of the frame, soft even studio light, subtle contact shadow under the part, realistic materials (black ABS plastic, painted plastic, aluminium, steel, rubber — whatever the real part is made of). New part, clean, no brand names, no logos, no packaging, no hands, no text, no watermark. Square 1:1.;Technical X-ray illustration, one image of a consistent series. Solid deep navy background #0E1726. A generic 50-150cc step-through city scooter (small wheels, floorboard, engine and CVT under the seat), strict side view, nose pointing right, centered, the whole scooter visible and filling about 80% of the width, no brand, no logos. The scooter is drawn as a semi-transparent X-ray / blueprint: thin light steel-blue outlines (#9FB4C8, about 40% opacity), inner parts faintly visible through the body. Only one part is solid and highlighted: side stand (center and side stand under the scooter). Render it in brand green #6CAD2F with a soft green glow and a thin white edge, at its real position and real scale on the scooter. If the part is small (a bulb, a seal, a bolt, a sensor), keep it at its real place and add a soft glowing green ring around it so it is easy to spot. Everything else stays dim. No text, no labels, no arrows, no numbers, no watermark. Square 1:1.
stand-springs;Ходовая;Подножки;Пружины подножки (комплект);stand springs;center and side stand under the scooter;petrol;все модели;250;250;stand-springs.webp;stand-springs-where.webp;Studio product photo, one image of a consistent e-commerce series. A single scooter spare part: stand springs. Isolated on a pure white seamless background #FFFFFF, centered, three-quarter view from the front-left and slightly above, the part fills about 70% of the frame, soft even studio light, subtle contact shadow under the part, realistic materials (black ABS plastic, painted plastic, aluminium, steel, rubber — whatever the real part is made of). New part, clean, no brand names, no logos, no packaging, no hands, no text, no watermark. Square 1:1.;Technical X-ray illustration, one image of a consistent series. Solid deep navy background #0E1726. A generic 50-150cc step-through city scooter (small wheels, floorboard, engine and CVT under the seat), strict side view, nose pointing right, centered, the whole scooter visible and filling about 80% of the width, no brand, no logos. The scooter is drawn as a semi-transparent X-ray / blueprint: thin light steel-blue outlines (#9FB4C8, about 40% opacity), inner parts faintly visible through the body. Only one part is solid and highlighted: stand springs (center and side stand under the scooter). Render it in brand green #6CAD2F with a soft green glow and a thin white edge, at its real position and real scale on the scooter. If the part is small (a bulb, a seal, a bolt, a sensor), keep it at its real place and add a soft glowing green ring around it so it is easy to spot. Everything else stays dim. No text, no labels, no arrows, no numbers, no watermark. Square 1:1.
stand-pivot;Ходовая;Подножки;Ось подножки с шайбами;stand pivot bolt with washers;center and side stand under the scooter;petrol;все модели;400;400;stand-pivot.webp;stand-pivot-where.webp;Studio product photo, one image of a consistent e-commerce series. A single scooter spare part: stand pivot bolt with washers. Isolated on a pure white seamless background #FFFFFF, centered, three-quarter view from the front-left and slightly above, the part fills about 70% of the frame, soft even studio light, subtle contact shadow under the part, realistic materials (black ABS plastic, painted plastic, aluminium, steel, rubber — whatever the real part is made of). New part, clean, no brand names, no logos, no packaging, no hands, no text, no watermark. Square 1:1.;Technical X-ray illustration, one image of a consistent series. Solid deep navy background #0E1726. A generic 50-150cc step-through city scooter (small wheels, floorboard, engine and CVT under the seat), strict side view, nose pointing right, centered, the whole scooter visible and filling about 80% of the width, no brand, no logos. The scooter is drawn as a semi-transparent X-ray / blueprint: thin light steel-blue outlines (#9FB4C8, about 40% opacity), inner parts faintly visible through the body. Only one part is solid and highlighted: stand pivot bolt with washers (center and side stand under the scooter). Render it in brand green #6CAD2F with a soft green glow and a thin white edge, at its real position and real scale on the scooter. If the part is small (a bulb, a seal, a bolt, a sensor), keep it at its real place and add a soft glowing green ring around it so it is easy to spot. Everything else stays dim. No text, no labels, no arrows, no numbers, no watermark. Square 1:1.
stand-rubber;Ходовая;Подножки;Резиновый упор подножки;rubber stand stopper;center and side stand under the scooter;petrol;все модели;150;150;stand-rubber.webp;stand-rubber-where.webp;Studio product photo, one image of a consistent e-commerce series. A single scooter spare part: rubber stand stopper. Isolated on a pure white seamless background #FFFFFF, centered, three-quarter view from the front-left and slightly above, the part fills about 70% of the frame, soft even studio light, subtle contact shadow under the part, realistic materials (black ABS plastic, painted plastic, aluminium, steel, rubber — whatever the real part is made of). New part, clean, no brand names, no logos, no packaging, no hands, no text, no watermark. Square 1:1.;Technical X-ray illustration, one image of a consistent series. Solid deep navy background #0E1726. A generic 50-150cc step-through city scooter (small wheels, floorboard, engine and CVT under the seat), strict side view, nose pointing right, centered, the whole scooter visible and filling about 80% of the width, no brand, no logos. The scooter is drawn as a semi-transparent X-ray / blueprint: thin light steel-blue outlines (#9FB4C8, about 40% opacity), inner parts faintly visible through the body. Only one part is solid and highlighted: rubber stand stopper (center and side stand under the scooter). Render it in brand green #6CAD2F with a soft green glow and a thin white edge, at its real position and real scale on the scooter. If the part is small (a bulb, a seal, a bolt, a sensor), keep it at its real place and add a soft glowing green ring around it so it is easy to spot. Everything else stays dim. No text, no labels, no arrows, no numbers, no watermark. Square 1:1.
front-rim;Ходовая;Колёса;Диск колёсный передний;front wheel rim;front and rear wheels;petrol;"Yamaha Gear 4T; Yamaha Jog 4T; Yamaha Jog AY01; Honda Dio AF62/68; Tank T150";2700;3900;front-rim.webp;front-rim-where.webp;Studio product photo, one image of a consistent e-commerce series. A single scooter spare part: front wheel rim. Isolated on a pure white seamless background #FFFFFF, centered, three-quarter view from the front-left and slightly above, the part fills about 70% of the frame, soft even studio light, subtle contact shadow under the part, realistic materials (black ABS plastic, painted plastic, aluminium, steel, rubber — whatever the real part is made of). New part, clean, no brand names, no logos, no packaging, no hands, no text, no watermark. Square 1:1.;Technical X-ray illustration, one image of a consistent series. Solid deep navy background #0E1726. A generic 50-150cc step-through city scooter (small wheels, floorboard, engine and CVT under the seat), strict side view, nose pointing right, centered, the whole scooter visible and filling about 80% of the width, no brand, no logos. The scooter is drawn as a semi-transparent X-ray / blueprint: thin light steel-blue outlines (#9FB4C8, about 40% opacity), inner parts faintly visible through the body. Only one part is solid and highlighted: front wheel rim (front and rear wheels). Render it in brand green #6CAD2F with a soft green glow and a thin white edge, at its real position and real scale on the scooter. If the part is small (a bulb, a seal, a bolt, a sensor), keep it at its real place and add a soft glowing green ring around it so it is easy to spot. Everything else stays dim. No text, no labels, no arrows, no numbers, no watermark. Square 1:1.
rear-rim;Ходовая;Колёса;Диск колёсный задний;rear wheel rim;front and rear wheels;petrol;"Yamaha Gear 4T; Yamaha Jog 4T; Yamaha Jog AY01; Honda Dio AF62/68; Tank T150";2700;3800;rear-rim.webp;rear-rim-where.webp;Studio product photo, one image of a consistent e-commerce series. A single scooter spare part: rear wheel rim. Isolated on a pure white seamless background #FFFFFF, centered, three-quarter view from the front-left and slightly above, the part fills about 70% of the frame, soft even studio light, subtle contact shadow under the part, realistic materials (black ABS plastic, painted plastic, aluminium, steel, rubber — whatever the real part is made of). New part, clean, no brand names, no logos, no packaging, no hands, no text, no watermark. Square 1:1.;Technical X-ray illustration, one image of a consistent series. Solid deep navy background #0E1726. A generic 50-150cc step-through city scooter (small wheels, floorboard, engine and CVT under the seat), strict side view, nose pointing right, centered, the whole scooter visible and filling about 80% of the width, no brand, no logos. The scooter is drawn as a semi-transparent X-ray / blueprint: thin light steel-blue outlines (#9FB4C8, about 40% opacity), inner parts faintly visible through the body. Only one part is solid and highlighted: rear wheel rim (front and rear wheels). Render it in brand green #6CAD2F with a soft green glow and a thin white edge, at its real position and real scale on the scooter. If the part is small (a bulb, a seal, a bolt, a sensor), keep it at its real place and add a soft glowing green ring around it so it is easy to spot. Everything else stays dim. No text, no labels, no arrows, no numbers, no watermark. Square 1:1.
wheel-bearing;Ходовая;Колёса;Подшипник колеса 6201 / 6301 (1 шт);wheel bearing;front and rear wheels;petrol;все модели;300;300;wheel-bearing.webp;wheel-bearing-where.webp;Studio product photo, one image of a consistent e-commerce series. A single scooter spare part: wheel bearing. Isolated on a pure white seamless background #FFFFFF, centered, three-quarter view from the front-left and slightly above, the part fills about 70% of the frame, soft even studio light, subtle contact shadow under the part, realistic materials (black ABS plastic, painted plastic, aluminium, steel, rubber — whatever the real part is made of). New part, clean, no brand names, no logos, no packaging, no hands, no text, no watermark. Square 1:1.;Technical X-ray illustration, one image of a consistent series. Solid deep navy background #0E1726. A generic 50-150cc step-through city scooter (small wheels, floorboard, engine and CVT under the seat), strict side view, nose pointing right, centered, the whole scooter visible and filling about 80% of the width, no brand, no logos. The scooter is drawn as a semi-transparent X-ray / blueprint: thin light steel-blue outlines (#9FB4C8, about 40% opacity), inner parts faintly visible through the body. Only one part is solid and highlighted: wheel bearing (front and rear wheels). Render it in brand green #6CAD2F with a soft green glow and a thin white edge, at its real position and real scale on the scooter. If the part is small (a bulb, a seal, a bolt, a sensor), keep it at its real place and add a soft glowing green ring around it so it is easy to spot. Everything else stays dim. No text, no labels, no arrows, no numbers, no watermark. Square 1:1.
hub-seal;Ходовая;Колёса;Пыльник (сальник) ступицы;wheel hub dust seal;front and rear wheels;petrol;все модели;250;250;hub-seal.webp;hub-seal-where.webp;Studio product photo, one image of a consistent e-commerce series. A single scooter spare part: wheel hub dust seal. Isolated on a pure white seamless background #FFFFFF, centered, three-quarter view from the front-left and slightly above, the part fills about 70% of the frame, soft even studio light, subtle contact shadow under the part, realistic materials (black ABS plastic, painted plastic, aluminium, steel, rubber — whatever the real part is made of). New part, clean, no brand names, no logos, no packaging, no hands, no text, no watermark. Square 1:1.;Technical X-ray illustration, one image of a consistent series. Solid deep navy background #0E1726. A generic 50-150cc step-through city scooter (small wheels, floorboard, engine and CVT under the seat), strict side view, nose pointing right, centered, the whole scooter visible and filling about 80% of the width, no brand, no logos. The scooter is drawn as a semi-transparent X-ray / blueprint: thin light steel-blue outlines (#9FB4C8, about 40% opacity), inner parts faintly visible through the body. Only one part is solid and highlighted: wheel hub dust seal (front and rear wheels). Render it in brand green #6CAD2F with a soft green glow and a thin white edge, at its real position and real scale on the scooter. If the part is small (a bulb, a seal, a bolt, a sensor), keep it at its real place and add a soft glowing green ring around it so it is easy to spot. Everything else stays dim. No text, no labels, no arrows, no numbers, no watermark. Square 1:1.
front-axle;Ходовая;Колёса;Ось переднего колеса с гайкой;front wheel axle with nut;front and rear wheels;petrol;все модели;400;400;front-axle.webp;front-axle-where.webp;Studio product photo, one image of a consistent e-commerce series. A single scooter spare part: front wheel axle with nut. Isolated on a pure white seamless background #FFFFFF, centered, three-quarter view from the front-left and slightly above, the part fills about 70% of the frame, soft even studio light, subtle contact shadow under the part, realistic materials (black ABS plastic, painted plastic, aluminium, steel, rubber — whatever the real part is made of). New part, clean, no brand names, no logos, no packaging, no hands, no text, no watermark. Square 1:1.;Technical X-ray illustration, one image of a consistent series. Solid deep navy background #0E1726. A generic 50-150cc step-through city scooter (small wheels, floorboard, engine and CVT under the seat), strict side view, nose pointing right, centered, the whole scooter visible and filling about 80% of the width, no brand, no logos. The scooter is drawn as a semi-transparent X-ray / blueprint: thin light steel-blue outlines (#9FB4C8, about 40% opacity), inner parts faintly visible through the body. Only one part is solid and highlighted: front wheel axle with nut (front and rear wheels). Render it in brand green #6CAD2F with a soft green glow and a thin white edge, at its real position and real scale on the scooter. If the part is small (a bulb, a seal, a bolt, a sensor), keep it at its real place and add a soft glowing green ring around it so it is easy to spot. Everything else stays dim. No text, no labels, no arrows, no numbers, no watermark. Square 1:1.
axle-spacers;Ходовая;Колёса;Втулки распорные оси (комплект);axle spacers;front and rear wheels;petrol;все модели;300;300;axle-spacers.webp;axle-spacers-where.webp;Studio product photo, one image of a consistent e-commerce series. A single scooter spare part: axle spacers. Isolated on a pure white seamless background #FFFFFF, centered, three-quarter view from the front-left and slightly above, the part fills about 70% of the frame, soft even studio light, subtle contact shadow under the part, realistic materials (black ABS plastic, painted plastic, aluminium, steel, rubber — whatever the real part is made of). New part, clean, no brand names, no logos, no packaging, no hands, no text, no watermark. Square 1:1.;Technical X-ray illustration, one image of a consistent series. Solid deep navy background #0E1726. A generic 50-150cc step-through city scooter (small wheels, floorboard, engine and CVT under the seat), strict side view, nose pointing right, centered, the whole scooter visible and filling about 80% of the width, no brand, no logos. The scooter is drawn as a semi-transparent X-ray / blueprint: thin light steel-blue outlines (#9FB4C8, about 40% opacity), inner parts faintly visible through the body. Only one part is solid and highlighted: axle spacers (front and rear wheels). Render it in brand green #6CAD2F with a soft green glow and a thin white edge, at its real position and real scale on the scooter. If the part is small (a bulb, a seal, a bolt, a sensor), keep it at its real place and add a soft glowing green ring around it so it is easy to spot. Everything else stays dim. No text, no labels, no arrows, no numbers, no watermark. Square 1:1.
rear-wheel-nut;Ходовая;Колёса;Гайка заднего колеса;rear wheel nut;front and rear wheels;petrol;все модели;150;150;rear-wheel-nut.webp;rear-wheel-nut-where.webp;Studio product photo, one image of a consistent e-commerce series. A single scooter spare part: rear wheel nut. Isolated on a pure white seamless background #FFFFFF, centered, three-quarter view from the front-left and slightly above, the part fills about 70% of the frame, soft even studio light, subtle contact shadow under the part, realistic materials (black ABS plastic, painted plastic, aluminium, steel, rubber — whatever the real part is made of). New part, clean, no brand names, no logos, no packaging, no hands, no text, no watermark. Square 1:1.;Technical X-ray illustration, one image of a consistent series. Solid deep navy background #0E1726. A generic 50-150cc step-through city scooter (small wheels, floorboard, engine and CVT under the seat), strict side view, nose pointing right, centered, the whole scooter visible and filling about 80% of the width, no brand, no logos. The scooter is drawn as a semi-transparent X-ray / blueprint: thin light steel-blue outlines (#9FB4C8, about 40% opacity), inner parts faintly visible through the body. Only one part is solid and highlighted: rear wheel nut (front and rear wheels). Render it in brand green #6CAD2F with a soft green glow and a thin white edge, at its real position and real scale on the scooter. If the part is small (a bulb, a seal, a bolt, a sensor), keep it at its real place and add a soft glowing green ring around it so it is easy to spot. Everything else stays dim. No text, no labels, no arrows, no numbers, no watermark. Square 1:1.
cotter-pin;Ходовая;Колёса;Шплинт гайки колеса;cotter pin;front and rear wheels;petrol;все модели;50;50;cotter-pin.webp;cotter-pin-where.webp;Studio product photo, one image of a consistent e-commerce series. A single scooter spare part: cotter pin. Isolated on a pure white seamless background #FFFFFF, centered, three-quarter view from the front-left and slightly above, the part fills about 70% of the frame, soft even studio light, subtle contact shadow under the part, realistic materials (black ABS plastic, painted plastic, aluminium, steel, rubber — whatever the real part is made of). New part, clean, no brand names, no logos, no packaging, no hands, no text, no watermark. Square 1:1.;Technical X-ray illustration, one image of a consistent series. Solid deep navy background #0E1726. A generic 50-150cc step-through city scooter (small wheels, floorboard, engine and CVT under the seat), strict side view, nose pointing right, centered, the whole scooter visible and filling about 80% of the width, no brand, no logos. The scooter is drawn as a semi-transparent X-ray / blueprint: thin light steel-blue outlines (#9FB4C8, about 40% opacity), inner parts faintly visible through the body. Only one part is solid and highlighted: cotter pin (front and rear wheels). Render it in brand green #6CAD2F with a soft green glow and a thin white edge, at its real position and real scale on the scooter. If the part is small (a bulb, a seal, a bolt, a sensor), keep it at its real place and add a soft glowing green ring around it so it is easy to spot. Everything else stays dim. No text, no labels, no arrows, no numbers, no watermark. Square 1:1.
tire-valve;Ходовая;Колёса;Ниппель бескамерный;tubeless tire valve;front and rear wheels;petrol;все модели;100;100;tire-valve.webp;tire-valve-where.webp;Studio product photo, one image of a consistent e-commerce series. A single scooter spare part: tubeless tire valve. Isolated on a pure white seamless background #FFFFFF, centered, three-quarter view from the front-left and slightly above, the part fills about 70% of the frame, soft even studio light, subtle contact shadow under the part, realistic materials (black ABS plastic, painted plastic, aluminium, steel, rubber — whatever the real part is made of). New part, clean, no brand names, no logos, no packaging, no hands, no text, no watermark. Square 1:1.;Technical X-ray illustration, one image of a consistent series. Solid deep navy background #0E1726. A generic 50-150cc step-through city scooter (small wheels, floorboard, engine and CVT under the seat), strict side view, nose pointing right, centered, the whole scooter visible and filling about 80% of the width, no brand, no logos. The scooter is drawn as a semi-transparent X-ray / blueprint: thin light steel-blue outlines (#9FB4C8, about 40% opacity), inner parts faintly visible through the body. Only one part is solid and highlighted: tubeless tire valve (front and rear wheels). Render it in brand green #6CAD2F with a soft green glow and a thin white edge, at its real position and real scale on the scooter. If the part is small (a bulb, a seal, a bolt, a sensor), keep it at its real place and add a soft glowing green ring around it so it is easy to spot. Everything else stays dim. No text, no labels, no arrows, no numbers, no watermark. Square 1:1.
valve-caps;Ходовая;Колёса;Колпачки ниппеля (пара);tire valve caps;front and rear wheels;petrol;все модели;100;100;valve-caps.webp;valve-caps-where.webp;Studio product photo, one image of a consistent e-commerce series. A single scooter spare part: tire valve caps. Isolated on a pure white seamless background #FFFFFF, centered, three-quarter view from the front-left and slightly above, the part fills about 70% of the frame, soft even studio light, subtle contact shadow under the part, realistic materials (black ABS plastic, painted plastic, aluminium, steel, rubber — whatever the real part is made of). New part, clean, no brand names, no logos, no packaging, no hands, no text, no watermark. Square 1:1.;Technical X-ray illustration, one image of a consistent series. Solid deep navy background #0E1726. A generic 50-150cc step-through city scooter (small wheels, floorboard, engine and CVT under the seat), strict side view, nose pointing right, centered, the whole scooter visible and filling about 80% of the width, no brand, no logos. The scooter is drawn as a semi-transparent X-ray / blueprint: thin light steel-blue outlines (#9FB4C8, about 40% opacity), inner parts faintly visible through the body. Only one part is solid and highlighted: tire valve caps (front and rear wheels). Render it in brand green #6CAD2F with a soft green glow and a thin white edge, at its real position and real scale on the scooter. If the part is small (a bulb, a seal, a bolt, a sensor), keep it at its real place and add a soft glowing green ring around it so it is easy to spot. Everything else stays dim. No text, no labels, no arrows, no numbers, no watermark. Square 1:1.
tire;Ходовая;Шины и камеры;Шина;scooter tire;tires and tubes;petrol;"80/90-10 — Yamaha Jog, Vino; 90/90-10 — Honda Dio, Jog AY01, электро; 90/90-12 передняя — Yamaha Gear 4T; 100/90-10 задняя — Yamaha Gear 4T; 3.50-10 — Honda Dio, китайские 50; 120/70-12 — китайские 125–150; 130/70-12 — Tank T150; 130/60-13 — китайские 150";2450;4200;tire.webp;tire-where.webp;Studio product photo, one image of a consistent e-commerce series. A single scooter spare part: scooter tire. Isolated on a pure white seamless background #FFFFFF, centered, three-quarter view from the front-left and slightly above, the part fills about 70% of the frame, soft even studio light, subtle contact shadow under the part, realistic materials (black ABS plastic, painted plastic, aluminium, steel, rubber — whatever the real part is made of). New part, clean, no brand names, no logos, no packaging, no hands, no text, no watermark. Square 1:1.;Technical X-ray illustration, one image of a consistent series. Solid deep navy background #0E1726. A generic 50-150cc step-through city scooter (small wheels, floorboard, engine and CVT under the seat), strict side view, nose pointing right, centered, the whole scooter visible and filling about 80% of the width, no brand, no logos. The scooter is drawn as a semi-transparent X-ray / blueprint: thin light steel-blue outlines (#9FB4C8, about 40% opacity), inner parts faintly visible through the body. Only one part is solid and highlighted: scooter tire (tires and tubes). Render it in brand green #6CAD2F with a soft green glow and a thin white edge, at its real position and real scale on the scooter. If the part is small (a bulb, a seal, a bolt, a sensor), keep it at its real place and add a soft glowing green ring around it so it is easy to spot. Everything else stays dim. No text, no labels, no arrows, no numbers, no watermark. Square 1:1.
inner-tube;Ходовая;Шины и камеры;Камера;inner tube;tires and tubes;petrol;"3.00-10 (80/90-10); 3.50-10 (90/90-10); 90/90-12; 120/70-12, 130/70-12";700;900;inner-tube.webp;inner-tube-where.webp;Studio product photo, one image of a consistent e-commerce series. A single scooter spare part: inner tube. Isolated on a pure white seamless background #FFFFFF, centered, three-quarter view from the front-left and slightly above, the part fills about 70% of the frame, soft even studio light, subtle contact shadow under the part, realistic materials (black ABS plastic, painted plastic, aluminium, steel, rubber — whatever the real part is made of). New part, clean, no brand names, no logos, no packaging, no hands, no text, no watermark. Square 1:1.;Technical X-ray illustration, one image of a consistent series. Solid deep navy background #0E1726. A generic 50-150cc step-through city scooter (small wheels, floorboard, engine and CVT under the seat), strict side view, nose pointing right, centered, the whole scooter visible and filling about 80% of the width, no brand, no logos. The scooter is drawn as a semi-transparent X-ray / blueprint: thin light steel-blue outlines (#9FB4C8, about 40% opacity), inner parts faintly visible through the body. Only one part is solid and highlighted: inner tube (tires and tubes). Render it in brand green #6CAD2F with a soft green glow and a thin white edge, at its real position and real scale on the scooter. If the part is small (a bulb, a seal, a bolt, a sensor), keep it at its real place and add a soft glowing green ring around it so it is easy to spot. Everything else stays dim. No text, no labels, no arrows, no numbers, no watermark. Square 1:1.
rim-tape;Ходовая;Шины и камеры;Ободная лента;rim tape;tires and tubes;petrol;все модели;150;150;rim-tape.webp;rim-tape-where.webp;Studio product photo, one image of a consistent e-commerce series. A single scooter spare part: rim tape. Isolated on a pure white seamless background #FFFFFF, centered, three-quarter view from the front-left and slightly above, the part fills about 70% of the frame, soft even studio light, subtle contact shadow under the part, realistic materials (black ABS plastic, painted plastic, aluminium, steel, rubber — whatever the real part is made of). New part, clean, no brand names, no logos, no packaging, no hands, no text, no watermark. Square 1:1.;Technical X-ray illustration, one image of a consistent series. Solid deep navy background #0E1726. A generic 50-150cc step-through city scooter (small wheels, floorboard, engine and CVT under the seat), strict side view, nose pointing right, centered, the whole scooter visible and filling about 80% of the width, no brand, no logos. The scooter is drawn as a semi-transparent X-ray / blueprint: thin light steel-blue outlines (#9FB4C8, about 40% opacity), inner parts faintly visible through the body. Only one part is solid and highlighted: rim tape (tires and tubes). Render it in brand green #6CAD2F with a soft green glow and a thin white edge, at its real position and real scale on the scooter. If the part is small (a bulb, a seal, a bolt, a sensor), keep it at its real place and add a soft glowing green ring around it so it is easy to spot. Everything else stays dim. No text, no labels, no arrows, no numbers, no watermark. Square 1:1.
engine-oil-1l;Расходники;Масла и жидкости;Масло моторное 4T 10W-40 (1 л);4T engine oil bottle 1 liter;service fluids;none;все модели;950;950;engine-oil-1l.webp;;Studio product photo, one image of a consistent e-commerce series. 4T engine oil bottle 1 liter for scooter service, in a plain unbranded container with a blank label (no readable text). Isolated on a pure white seamless background #FFFFFF, centered, three-quarter view, fills about 70% of the frame, soft even studio light, subtle contact shadow. No logos, no text, no watermark. Square 1:1.;
engine-oil-change;Расходники;Масла и жидкости;Масло моторное 4T 10W-40 (0,8 л — одна замена);4T engine oil bottle 0.8 liter;service fluids;none;все модели;850;850;engine-oil-change.webp;;Studio product photo, one image of a consistent e-commerce series. 4T engine oil bottle 0.8 liter for scooter service, in a plain unbranded container with a blank label (no readable text). Isolated on a pure white seamless background #FFFFFF, centered, three-quarter view, fills about 70% of the frame, soft even studio light, subtle contact shadow. No logos, no text, no watermark. Square 1:1.;
gear-oil;Расходники;Масла и жидкости;Масло трансмиссионное 80W-90 (0,12 л — одна замена);gear oil small bottle;service fluids;none;все модели;250;250;gear-oil.webp;;Studio product photo, one image of a consistent e-commerce series. gear oil small bottle for scooter service, in a plain unbranded container with a blank label (no readable text). Isolated on a pure white seamless background #FFFFFF, centered, three-quarter view, fills about 70% of the frame, soft even studio light, subtle contact shadow. No logos, no text, no watermark. Square 1:1.;
coolant;Расходники;Масла и жидкости;Антифриз (1 л);coolant bottle;service fluids;none;все модели;550;550;coolant.webp;;Studio product photo, one image of a consistent e-commerce series. coolant bottle for scooter service, in a plain unbranded container with a blank label (no readable text). Isolated on a pure white seamless background #FFFFFF, centered, three-quarter view, fills about 70% of the frame, soft even studio light, subtle contact shadow. No logos, no text, no watermark. Square 1:1.;
brake-fluid;Расходники;Масла и жидкости;Тормозная жидкость DOT4 (0,5 л);DOT4 brake fluid bottle;service fluids;none;все модели;550;550;brake-fluid.webp;;Studio product photo, one image of a consistent e-commerce series. DOT4 brake fluid bottle for scooter service, in a plain unbranded container with a blank label (no readable text). Isolated on a pure white seamless background #FFFFFF, centered, three-quarter view, fills about 70% of the frame, soft even studio light, subtle contact shadow. No logos, no text, no watermark. Square 1:1.;
fork-oil;Расходники;Масла и жидкости;Масло для вилки 10W (0,5 л);fork oil bottle;service fluids;none;все модели;700;700;fork-oil.webp;;Studio product photo, one image of a consistent e-commerce series. fork oil bottle for scooter service, in a plain unbranded container with a blank label (no readable text). Isolated on a pure white seamless background #FFFFFF, centered, three-quarter view, fills about 70% of the frame, soft even studio light, subtle contact shadow. No logos, no text, no watermark. Square 1:1.;
grease;Расходники;Химия и мелочи;Смазка для вариатора и подшипников;grease tube;workshop consumables;none;все модели;400;400;grease.webp;;Studio product photo, one image of a consistent e-commerce series. grease tube for scooter service, in a plain unbranded container with a blank label (no readable text). Isolated on a pure white seamless background #FFFFFF, centered, three-quarter view, fills about 70% of the frame, soft even studio light, subtle contact shadow. No logos, no text, no watermark. Square 1:1.;
copper-grease;Расходники;Химия и мелочи;Смазка медная (графитовая);copper grease;workshop consumables;none;все модели;450;450;copper-grease.webp;;Studio product photo, one image of a consistent e-commerce series. copper grease for scooter service, in a plain unbranded container with a blank label (no readable text). Isolated on a pure white seamless background #FFFFFF, centered, three-quarter view, fills about 70% of the frame, soft even studio light, subtle contact shadow. No logos, no text, no watermark. Square 1:1.;
carb-cleaner;Расходники;Химия и мелочи;Очиститель карбюратора и дросселя;carburetor cleaner spray can;workshop consumables;none;все модели;700;700;carb-cleaner.webp;;Studio product photo, one image of a consistent e-commerce series. carburetor cleaner spray can for scooter service, in a plain unbranded container with a blank label (no readable text). Isolated on a pure white seamless background #FFFFFF, centered, three-quarter view, fills about 70% of the frame, soft even studio light, subtle contact shadow. No logos, no text, no watermark. Square 1:1.;
gasket-maker;Расходники;Химия и мелочи;Герметик-прокладка;gasket maker sealant tube;workshop consumables;none;все модели;550;550;gasket-maker.webp;;Studio product photo, one image of a consistent e-commerce series. gasket maker sealant tube for scooter service, in a plain unbranded container with a blank label (no readable text). Isolated on a pure white seamless background #FFFFFF, centered, three-quarter view, fills about 70% of the frame, soft even studio light, subtle contact shadow. No logos, no text, no watermark. Square 1:1.;
thread-locker;Расходники;Химия и мелочи;Фиксатор резьбы;thread locker bottle;workshop consumables;none;все модели;450;450;thread-locker.webp;;Studio product photo, one image of a consistent e-commerce series. thread locker bottle for scooter service, in a plain unbranded container with a blank label (no readable text). Isolated on a pure white seamless background #FFFFFF, centered, three-quarter view, fills about 70% of the frame, soft even studio light, subtle contact shadow. No logos, no text, no watermark. Square 1:1.;
fasteners-kit;Расходники;Химия и мелочи;Хомуты, шплинты, крепёж (комплект);assorted fasteners kit;workshop consumables;none;все модели;150;150;fasteners-kit.webp;;Studio product photo, one image of a consistent e-commerce series. assorted fasteners kit for scooter service, in a plain unbranded container with a blank label (no readable text). Isolated on a pure white seamless background #FFFFFF, centered, three-quarter view, fills about 70% of the frame, soft even studio light, subtle contact shadow. No logos, no text, no watermark. Square 1:1.;
wiring-consumables;Расходники;Химия и мелочи;Изолента, термоусадка, клеммы;electrical tape and heat shrink;workshop consumables;none;все модели;250;250;wiring-consumables.webp;;Studio product photo, one image of a consistent e-commerce series. electrical tape and heat shrink for scooter service, in a plain unbranded container with a blank label (no readable text). Isolated on a pure white seamless background #FFFFFF, centered, three-quarter view, fills about 70% of the frame, soft even studio light, subtle contact shadow. No logos, no text, no watermark. Square 1:1.;
tire-plug-kit;Расходники;Химия и мелочи;Жгут для ремонта бескамерной шины;tubeless tire plug strip;workshop consumables;none;все модели;250;250;tire-plug-kit.webp;;Studio product photo, one image of a consistent e-commerce series. tubeless tire plug strip for scooter service, in a plain unbranded container with a blank label (no readable text). Isolated on a pure white seamless background #FFFFFF, centered, three-quarter view, fills about 70% of the frame, soft even studio light, subtle contact shadow. No logos, no text, no watermark. Square 1:1.;
ev-battery;Электротранспорт;Аккумулятор и зарядка;Аккумулятор литиевый;lithium battery pack;battery pack under the seat of an electric scooter;electric;"60V 20Ah — электро (AIMA, U-5, U-2); 60V 30Ah — электро (AIMA, U-5, U-2); 72V 20Ah — электро (AIMA, U-5, U-2); 48V 20Ah — электро (AIMA, U-5, U-2)";24000;40800;ev-battery.webp;ev-battery-where.webp;Studio product photo, one image of a consistent e-commerce series. A single scooter spare part: lithium battery pack. Isolated on a pure white seamless background #FFFFFF, centered, three-quarter view from the front-left and slightly above, the part fills about 70% of the frame, soft even studio light, subtle contact shadow under the part, realistic materials (black ABS plastic, painted plastic, aluminium, steel, rubber — whatever the real part is made of). New part, clean, no brand names, no logos, no packaging, no hands, no text, no watermark. Square 1:1.;Technical X-ray illustration, one image of a consistent series. Solid deep navy background #0E1726. A generic electric city scooter (hub motor in the rear wheel, battery pack under the seat), strict side view, nose pointing right, centered, the whole scooter visible and filling about 80% of the width, no brand, no logos. The scooter is drawn as a semi-transparent X-ray / blueprint: thin light steel-blue outlines (#9FB4C8, about 40% opacity), inner parts faintly visible through the body. Only one part is solid and highlighted: lithium battery pack (battery pack under the seat of an electric scooter). Render it in brand green #6CAD2F with a soft green glow and a thin white edge, at its real position and real scale on the scooter. If the part is small (a bulb, a seal, a bolt, a sensor), keep it at its real place and add a soft glowing green ring around it so it is easy to spot. Everything else stays dim. No text, no labels, no arrows, no numbers, no watermark. Square 1:1.
ev-bms;Электротранспорт;Аккумулятор и зарядка;Плата BMS аккумулятора;battery management board;battery pack under the seat of an electric scooter;electric;электро (AIMA, U-5, U-2);3400;3400;ev-bms.webp;ev-bms-where.webp;Studio product photo, one image of a consistent e-commerce series. A single scooter spare part: battery management board. Isolated on a pure white seamless background #FFFFFF, centered, three-quarter view from the front-left and slightly above, the part fills about 70% of the frame, soft even studio light, subtle contact shadow under the part, realistic materials (black ABS plastic, painted plastic, aluminium, steel, rubber — whatever the real part is made of). New part, clean, no brand names, no logos, no packaging, no hands, no text, no watermark. Square 1:1.;Technical X-ray illustration, one image of a consistent series. Solid deep navy background #0E1726. A generic electric city scooter (hub motor in the rear wheel, battery pack under the seat), strict side view, nose pointing right, centered, the whole scooter visible and filling about 80% of the width, no brand, no logos. The scooter is drawn as a semi-transparent X-ray / blueprint: thin light steel-blue outlines (#9FB4C8, about 40% opacity), inner parts faintly visible through the body. Only one part is solid and highlighted: battery management board (battery pack under the seat of an electric scooter). Render it in brand green #6CAD2F with a soft green glow and a thin white edge, at its real position and real scale on the scooter. If the part is small (a bulb, a seal, a bolt, a sensor), keep it at its real place and add a soft glowing green ring around it so it is easy to spot. Everything else stays dim. No text, no labels, no arrows, no numbers, no watermark. Square 1:1.
ev-charger;Электротранспорт;Аккумулятор и зарядка;Зарядное устройство;battery charger;battery pack under the seat of an electric scooter;electric;"60V — электро (AIMA, U-5, U-2); 72V — электро (AIMA, U-5, U-2)";3900;4550;ev-charger.webp;ev-charger-where.webp;Studio product photo, one image of a consistent e-commerce series. A single scooter spare part: battery charger. Isolated on a pure white seamless background #FFFFFF, centered, three-quarter view from the front-left and slightly above, the part fills about 70% of the frame, soft even studio light, subtle contact shadow under the part, realistic materials (black ABS plastic, painted plastic, aluminium, steel, rubber — whatever the real part is made of). New part, clean, no brand names, no logos, no packaging, no hands, no text, no watermark. Square 1:1.;Technical X-ray illustration, one image of a consistent series. Solid deep navy background #0E1726. A generic electric city scooter (hub motor in the rear wheel, battery pack under the seat), strict side view, nose pointing right, centered, the whole scooter visible and filling about 80% of the width, no brand, no logos. The scooter is drawn as a semi-transparent X-ray / blueprint: thin light steel-blue outlines (#9FB4C8, about 40% opacity), inner parts faintly visible through the body. Only one part is solid and highlighted: battery charger (battery pack under the seat of an electric scooter). Render it in brand green #6CAD2F with a soft green glow and a thin white edge, at its real position and real scale on the scooter. If the part is small (a bulb, a seal, a bolt, a sensor), keep it at its real place and add a soft glowing green ring around it so it is easy to spot. Everything else stays dim. No text, no labels, no arrows, no numbers, no watermark. Square 1:1.
ev-charge-port;Электротранспорт;Аккумулятор и зарядка;Разъём зарядки на корпусе;charging port socket;battery pack under the seat of an electric scooter;electric;электро (AIMA, U-5, U-2);700;700;ev-charge-port.webp;ev-charge-port-where.webp;Studio product photo, one image of a consistent e-commerce series. A single scooter spare part: charging port socket. Isolated on a pure white seamless background #FFFFFF, centered, three-quarter view from the front-left and slightly above, the part fills about 70% of the frame, soft even studio light, subtle contact shadow under the part, realistic materials (black ABS plastic, painted plastic, aluminium, steel, rubber — whatever the real part is made of). New part, clean, no brand names, no logos, no packaging, no hands, no text, no watermark. Square 1:1.;Technical X-ray illustration, one image of a consistent series. Solid deep navy background #0E1726. A generic electric city scooter (hub motor in the rear wheel, battery pack under the seat), strict side view, nose pointing right, centered, the whole scooter visible and filling about 80% of the width, no brand, no logos. The scooter is drawn as a semi-transparent X-ray / blueprint: thin light steel-blue outlines (#9FB4C8, about 40% opacity), inner parts faintly visible through the body. Only one part is solid and highlighted: charging port socket (battery pack under the seat of an electric scooter). Render it in brand green #6CAD2F with a soft green glow and a thin white edge, at its real position and real scale on the scooter. If the part is small (a bulb, a seal, a bolt, a sensor), keep it at its real place and add a soft glowing green ring around it so it is easy to spot. Everything else stays dim. No text, no labels, no arrows, no numbers, no watermark. Square 1:1.
ev-battery-connector;Электротранспорт;Аккумулятор и зарядка;Разъём аккумулятора (Anderson, XT90);battery power connector;battery pack under the seat of an electric scooter;electric;электро (AIMA, U-5, U-2);450;450;ev-battery-connector.webp;ev-battery-connector-where.webp;Studio product photo, one image of a consistent e-commerce series. A single scooter spare part: battery power connector. Isolated on a pure white seamless background #FFFFFF, centered, three-quarter view from the front-left and slightly above, the part fills about 70% of the frame, soft even studio light, subtle contact shadow under the part, realistic materials (black ABS plastic, painted plastic, aluminium, steel, rubber — whatever the real part is made of). New part, clean, no brand names, no logos, no packaging, no hands, no text, no watermark. Square 1:1.;Technical X-ray illustration, one image of a consistent series. Solid deep navy background #0E1726. A generic electric city scooter (hub motor in the rear wheel, battery pack under the seat), strict side view, nose pointing right, centered, the whole scooter visible and filling about 80% of the width, no brand, no logos. The scooter is drawn as a semi-transparent X-ray / blueprint: thin light steel-blue outlines (#9FB4C8, about 40% opacity), inner parts faintly visible through the body. Only one part is solid and highlighted: battery power connector (battery pack under the seat of an electric scooter). Render it in brand green #6CAD2F with a soft green glow and a thin white edge, at its real position and real scale on the scooter. If the part is small (a bulb, a seal, a bolt, a sensor), keep it at its real place and add a soft glowing green ring around it so it is easy to spot. Everything else stays dim. No text, no labels, no arrows, no numbers, no watermark. Square 1:1.
ev-breaker;Электротранспорт;Аккумулятор и зарядка;Автомат (предохранитель) аккумулятора;battery circuit breaker;battery pack under the seat of an electric scooter;electric;электро (AIMA, U-5, U-2);700;700;ev-breaker.webp;ev-breaker-where.webp;Studio product photo, one image of a consistent e-commerce series. A single scooter spare part: battery circuit breaker. Isolated on a pure white seamless background #FFFFFF, centered, three-quarter view from the front-left and slightly above, the part fills about 70% of the frame, soft even studio light, subtle contact shadow under the part, realistic materials (black ABS plastic, painted plastic, aluminium, steel, rubber — whatever the real part is made of). New part, clean, no brand names, no logos, no packaging, no hands, no text, no watermark. Square 1:1.;Technical X-ray illustration, one image of a consistent series. Solid deep navy background #0E1726. A generic electric city scooter (hub motor in the rear wheel, battery pack under the seat), strict side view, nose pointing right, centered, the whole scooter visible and filling about 80% of the width, no brand, no logos. The scooter is drawn as a semi-transparent X-ray / blueprint: thin light steel-blue outlines (#9FB4C8, about 40% opacity), inner parts faintly visible through the body. Only one part is solid and highlighted: battery circuit breaker (battery pack under the seat of an electric scooter). Render it in brand green #6CAD2F with a soft green glow and a thin white edge, at its real position and real scale on the scooter. If the part is small (a bulb, a seal, a bolt, a sensor), keep it at its real place and add a soft glowing green ring around it so it is easy to spot. Everything else stays dim. No text, no labels, no arrows, no numbers, no watermark. Square 1:1.
ev-battery-strap;Электротранспорт;Аккумулятор и зарядка;Крепление аккумулятора;battery holding strap;battery pack under the seat of an electric scooter;electric;электро (AIMA, U-5, U-2);450;450;ev-battery-strap.webp;ev-battery-strap-where.webp;Studio product photo, one image of a consistent e-commerce series. A single scooter spare part: battery holding strap. Isolated on a pure white seamless background #FFFFFF, centered, three-quarter view from the front-left and slightly above, the part fills about 70% of the frame, soft even studio light, subtle contact shadow under the part, realistic materials (black ABS plastic, painted plastic, aluminium, steel, rubber — whatever the real part is made of). New part, clean, no brand names, no logos, no packaging, no hands, no text, no watermark. Square 1:1.;Technical X-ray illustration, one image of a consistent series. Solid deep navy background #0E1726. A generic electric city scooter (hub motor in the rear wheel, battery pack under the seat), strict side view, nose pointing right, centered, the whole scooter visible and filling about 80% of the width, no brand, no logos. The scooter is drawn as a semi-transparent X-ray / blueprint: thin light steel-blue outlines (#9FB4C8, about 40% opacity), inner parts faintly visible through the body. Only one part is solid and highlighted: battery holding strap (battery pack under the seat of an electric scooter). Render it in brand green #6CAD2F with a soft green glow and a thin white edge, at its real position and real scale on the scooter. If the part is small (a bulb, a seal, a bolt, a sensor), keep it at its real place and add a soft glowing green ring around it so it is easy to spot. Everything else stays dim. No text, no labels, no arrows, no numbers, no watermark. Square 1:1.
ev-controller;Электротранспорт;Мотор и контроллер;Контроллер;motor controller;hub motor in the rear wheel and controller;electric;"60V 1000–1500 W — электро (AIMA, U-5, U-2); 72V 2000 W — электро (AIMA, U-5, U-2)";5850;7800;ev-controller.webp;ev-controller-where.webp;Studio product photo, one image of a consistent e-commerce series. A single scooter spare part: motor controller. Isolated on a pure white seamless background #FFFFFF, centered, three-quarter view from the front-left and slightly above, the part fills about 70% of the frame, soft even studio light, subtle contact shadow under the part, realistic materials (black ABS plastic, painted plastic, aluminium, steel, rubber — whatever the real part is made of). New part, clean, no brand names, no logos, no packaging, no hands, no text, no watermark. Square 1:1.;Technical X-ray illustration, one image of a consistent series. Solid deep navy background #0E1726. A generic electric city scooter (hub motor in the rear wheel, battery pack under the seat), strict side view, nose pointing right, centered, the whole scooter visible and filling about 80% of the width, no brand, no logos. The scooter is drawn as a semi-transparent X-ray / blueprint: thin light steel-blue outlines (#9FB4C8, about 40% opacity), inner parts faintly visible through the body. Only one part is solid and highlighted: motor controller (hub motor in the rear wheel and controller). Render it in brand green #6CAD2F with a soft green glow and a thin white edge, at its real position and real scale on the scooter. If the part is small (a bulb, a seal, a bolt, a sensor), keep it at its real place and add a soft glowing green ring around it so it is easy to spot. Everything else stays dim. No text, no labels, no arrows, no numbers, no watermark. Square 1:1.
ev-hub-motor;Электротранспорт;Мотор и контроллер;Мотор-колесо;rear hub motor wheel;hub motor in the rear wheel and controller;electric;"1000–1500 W, 10"" — электро (AIMA, U-5, U-2); 2000 W, 12"" — электро (AIMA, U-5, U-2)";14400;18000;ev-hub-motor.webp;ev-hub-motor-where.webp;Studio product photo, one image of a consistent e-commerce series. A single scooter spare part: rear hub motor wheel. Isolated on a pure white seamless background #FFFFFF, centered, three-quarter view from the front-left and slightly above, the part fills about 70% of the frame, soft even studio light, subtle contact shadow under the part, realistic materials (black ABS plastic, painted plastic, aluminium, steel, rubber — whatever the real part is made of). New part, clean, no brand names, no logos, no packaging, no hands, no text, no watermark. Square 1:1.;Technical X-ray illustration, one image of a consistent series. Solid deep navy background #0E1726. A generic electric city scooter (hub motor in the rear wheel, battery pack under the seat), strict side view, nose pointing right, centered, the whole scooter visible and filling about 80% of the width, no brand, no logos. The scooter is drawn as a semi-transparent X-ray / blueprint: thin light steel-blue outlines (#9FB4C8, about 40% opacity), inner parts faintly visible through the body. Only one part is solid and highlighted: rear hub motor wheel (hub motor in the rear wheel and controller). Render it in brand green #6CAD2F with a soft green glow and a thin white edge, at its real position and real scale on the scooter. If the part is small (a bulb, a seal, a bolt, a sensor), keep it at its real place and add a soft glowing green ring around it so it is easy to spot. Everything else stays dim. No text, no labels, no arrows, no numbers, no watermark. Square 1:1.
ev-hall-sensors;Электротранспорт;Мотор и контроллер;Датчики Холла мотора (3 шт);motor hall sensors;hub motor in the rear wheel and controller;electric;электро (AIMA, U-5, U-2);600;600;ev-hall-sensors.webp;ev-hall-sensors-where.webp;Studio product photo, one image of a consistent e-commerce series. A single scooter spare part: motor hall sensors. Isolated on a pure white seamless background #FFFFFF, centered, three-quarter view from the front-left and slightly above, the part fills about 70% of the frame, soft even studio light, subtle contact shadow under the part, realistic materials (black ABS plastic, painted plastic, aluminium, steel, rubber — whatever the real part is made of). New part, clean, no brand names, no logos, no packaging, no hands, no text, no watermark. Square 1:1.;Technical X-ray illustration, one image of a consistent series. Solid deep navy background #0E1726. A generic electric city scooter (hub motor in the rear wheel, battery pack under the seat), strict side view, nose pointing right, centered, the whole scooter visible and filling about 80% of the width, no brand, no logos. The scooter is drawn as a semi-transparent X-ray / blueprint: thin light steel-blue outlines (#9FB4C8, about 40% opacity), inner parts faintly visible through the body. Only one part is solid and highlighted: motor hall sensors (hub motor in the rear wheel and controller). Render it in brand green #6CAD2F with a soft green glow and a thin white edge, at its real position and real scale on the scooter. If the part is small (a bulb, a seal, a bolt, a sensor), keep it at its real place and add a soft glowing green ring around it so it is easy to spot. Everything else stays dim. No text, no labels, no arrows, no numbers, no watermark. Square 1:1.
ev-phase-wires;Электротранспорт;Мотор и контроллер;Фазные провода и кабель питания;motor phase wires;hub motor in the rear wheel and controller;electric;электро (AIMA, U-5, U-2);850;850;ev-phase-wires.webp;ev-phase-wires-where.webp;Studio product photo, one image of a consistent e-commerce series. A single scooter spare part: motor phase wires. Isolated on a pure white seamless background #FFFFFF, centered, three-quarter view from the front-left and slightly above, the part fills about 70% of the frame, soft even studio light, subtle contact shadow under the part, realistic materials (black ABS plastic, painted plastic, aluminium, steel, rubber — whatever the real part is made of). New part, clean, no brand names, no logos, no packaging, no hands, no text, no watermark. Square 1:1.;Technical X-ray illustration, one image of a consistent series. Solid deep navy background #0E1726. A generic electric city scooter (hub motor in the rear wheel, battery pack under the seat), strict side view, nose pointing right, centered, the whole scooter visible and filling about 80% of the width, no brand, no logos. The scooter is drawn as a semi-transparent X-ray / blueprint: thin light steel-blue outlines (#9FB4C8, about 40% opacity), inner parts faintly visible through the body. Only one part is solid and highlighted: motor phase wires (hub motor in the rear wheel and controller). Render it in brand green #6CAD2F with a soft green glow and a thin white edge, at its real position and real scale on the scooter. If the part is small (a bulb, a seal, a bolt, a sensor), keep it at its real place and add a soft glowing green ring around it so it is easy to spot. Everything else stays dim. No text, no labels, no arrows, no numbers, no watermark. Square 1:1.
ev-motor-bearing;Электротранспорт;Мотор и контроллер;Подшипник мотор-колеса;hub motor bearing;hub motor in the rear wheel and controller;electric;электро (AIMA, U-5, U-2);450;450;ev-motor-bearing.webp;ev-motor-bearing-where.webp;Studio product photo, one image of a consistent e-commerce series. A single scooter spare part: hub motor bearing. Isolated on a pure white seamless background #FFFFFF, centered, three-quarter view from the front-left and slightly above, the part fills about 70% of the frame, soft even studio light, subtle contact shadow under the part, realistic materials (black ABS plastic, painted plastic, aluminium, steel, rubber — whatever the real part is made of). New part, clean, no brand names, no logos, no packaging, no hands, no text, no watermark. Square 1:1.;Technical X-ray illustration, one image of a consistent series. Solid deep navy background #0E1726. A generic electric city scooter (hub motor in the rear wheel, battery pack under the seat), strict side view, nose pointing right, centered, the whole scooter visible and filling about 80% of the width, no brand, no logos. The scooter is drawn as a semi-transparent X-ray / blueprint: thin light steel-blue outlines (#9FB4C8, about 40% opacity), inner parts faintly visible through the body. Only one part is solid and highlighted: hub motor bearing (hub motor in the rear wheel and controller). Render it in brand green #6CAD2F with a soft green glow and a thin white edge, at its real position and real scale on the scooter. If the part is small (a bulb, a seal, a bolt, a sensor), keep it at its real place and add a soft glowing green ring around it so it is easy to spot. Everything else stays dim. No text, no labels, no arrows, no numbers, no watermark. Square 1:1.
ev-throttle;Электротранспорт;Управление и приборы;Ручка газа;electric throttle grip;electric scooter controls;electric;электро (AIMA, U-5, U-2);1100;1100;ev-throttle.webp;ev-throttle-where.webp;Studio product photo, one image of a consistent e-commerce series. A single scooter spare part: electric throttle grip. Isolated on a pure white seamless background #FFFFFF, centered, three-quarter view from the front-left and slightly above, the part fills about 70% of the frame, soft even studio light, subtle contact shadow under the part, realistic materials (black ABS plastic, painted plastic, aluminium, steel, rubber — whatever the real part is made of). New part, clean, no brand names, no logos, no packaging, no hands, no text, no watermark. Square 1:1.;Technical X-ray illustration, one image of a consistent series. Solid deep navy background #0E1726. A generic electric city scooter (hub motor in the rear wheel, battery pack under the seat), strict side view, nose pointing right, centered, the whole scooter visible and filling about 80% of the width, no brand, no logos. The scooter is drawn as a semi-transparent X-ray / blueprint: thin light steel-blue outlines (#9FB4C8, about 40% opacity), inner parts faintly visible through the body. Only one part is solid and highlighted: electric throttle grip (electric scooter controls). Render it in brand green #6CAD2F with a soft green glow and a thin white edge, at its real position and real scale on the scooter. If the part is small (a bulb, a seal, a bolt, a sensor), keep it at its real place and add a soft glowing green ring around it so it is easy to spot. Everything else stays dim. No text, no labels, no arrows, no numbers, no watermark. Square 1:1.
ev-brake-sensors;Электротранспорт;Управление и приборы;Датчики тормоза (пара);brake cut-off sensors;electric scooter controls;electric;электро (AIMA, U-5, U-2);700;700;ev-brake-sensors.webp;ev-brake-sensors-where.webp;Studio product photo, one image of a consistent e-commerce series. A single scooter spare part: brake cut-off sensors. Isolated on a pure white seamless background #FFFFFF, centered, three-quarter view from the front-left and slightly above, the part fills about 70% of the frame, soft even studio light, subtle contact shadow under the part, realistic materials (black ABS plastic, painted plastic, aluminium, steel, rubber — whatever the real part is made of). New part, clean, no brand names, no logos, no packaging, no hands, no text, no watermark. Square 1:1.;Technical X-ray illustration, one image of a consistent series. Solid deep navy background #0E1726. A generic electric city scooter (hub motor in the rear wheel, battery pack under the seat), strict side view, nose pointing right, centered, the whole scooter visible and filling about 80% of the width, no brand, no logos. The scooter is drawn as a semi-transparent X-ray / blueprint: thin light steel-blue outlines (#9FB4C8, about 40% opacity), inner parts faintly visible through the body. Only one part is solid and highlighted: brake cut-off sensors (electric scooter controls). Render it in brand green #6CAD2F with a soft green glow and a thin white edge, at its real position and real scale on the scooter. If the part is small (a bulb, a seal, a bolt, a sensor), keep it at its real place and add a soft glowing green ring around it so it is easy to spot. Everything else stays dim. No text, no labels, no arrows, no numbers, no watermark. Square 1:1.
ev-dcdc;Электротранспорт;Управление и приборы;Преобразователь DC-DC 60/72V → 12V;DC-DC converter;electric scooter controls;electric;электро (AIMA, U-5, U-2);1650;1650;ev-dcdc.webp;ev-dcdc-where.webp;Studio product photo, one image of a consistent e-commerce series. A single scooter spare part: DC-DC converter. Isolated on a pure white seamless background #FFFFFF, centered, three-quarter view from the front-left and slightly above, the part fills about 70% of the frame, soft even studio light, subtle contact shadow under the part, realistic materials (black ABS plastic, painted plastic, aluminium, steel, rubber — whatever the real part is made of). New part, clean, no brand names, no logos, no packaging, no hands, no text, no watermark. Square 1:1.;Technical X-ray illustration, one image of a consistent series. Solid deep navy background #0E1726. A generic electric city scooter (hub motor in the rear wheel, battery pack under the seat), strict side view, nose pointing right, centered, the whole scooter visible and filling about 80% of the width, no brand, no logos. The scooter is drawn as a semi-transparent X-ray / blueprint: thin light steel-blue outlines (#9FB4C8, about 40% opacity), inner parts faintly visible through the body. Only one part is solid and highlighted: DC-DC converter (electric scooter controls). Render it in brand green #6CAD2F with a soft green glow and a thin white edge, at its real position and real scale on the scooter. If the part is small (a bulb, a seal, a bolt, a sensor), keep it at its real place and add a soft glowing green ring around it so it is easy to spot. Everything else stays dim. No text, no labels, no arrows, no numbers, no watermark. Square 1:1.
ev-display;Электротранспорт;Управление и приборы;Дисплей (спидометр);electric scooter display;electric scooter controls;electric;электро (AIMA, U-5, U-2);3400;3400;ev-display.webp;ev-display-where.webp;Studio product photo, one image of a consistent e-commerce series. A single scooter spare part: electric scooter display. Isolated on a pure white seamless background #FFFFFF, centered, three-quarter view from the front-left and slightly above, the part fills about 70% of the frame, soft even studio light, subtle contact shadow under the part, realistic materials (black ABS plastic, painted plastic, aluminium, steel, rubber — whatever the real part is made of). New part, clean, no brand names, no logos, no packaging, no hands, no text, no watermark. Square 1:1.;Technical X-ray illustration, one image of a consistent series. Solid deep navy background #0E1726. A generic electric city scooter (hub motor in the rear wheel, battery pack under the seat), strict side view, nose pointing right, centered, the whole scooter visible and filling about 80% of the width, no brand, no logos. The scooter is drawn as a semi-transparent X-ray / blueprint: thin light steel-blue outlines (#9FB4C8, about 40% opacity), inner parts faintly visible through the body. Only one part is solid and highlighted: electric scooter display (electric scooter controls). Render it in brand green #6CAD2F with a soft green glow and a thin white edge, at its real position and real scale on the scooter. If the part is small (a bulb, a seal, a bolt, a sensor), keep it at its real place and add a soft glowing green ring around it so it is easy to spot. Everything else stays dim. No text, no labels, no arrows, no numbers, no watermark. Square 1:1.
ev-ignition;Электротранспорт;Управление и приборы;Замок зажигания;ignition lock;electric scooter controls;electric;электро (AIMA, U-5, U-2);1650;1650;ev-ignition.webp;ev-ignition-where.webp;Studio product photo, one image of a consistent e-commerce series. A single scooter spare part: ignition lock. Isolated on a pure white seamless background #FFFFFF, centered, three-quarter view from the front-left and slightly above, the part fills about 70% of the frame, soft even studio light, subtle contact shadow under the part, realistic materials (black ABS plastic, painted plastic, aluminium, steel, rubber — whatever the real part is made of). New part, clean, no brand names, no logos, no packaging, no hands, no text, no watermark. Square 1:1.;Technical X-ray illustration, one image of a consistent series. Solid deep navy background #0E1726. A generic electric city scooter (hub motor in the rear wheel, battery pack under the seat), strict side view, nose pointing right, centered, the whole scooter visible and filling about 80% of the width, no brand, no logos. The scooter is drawn as a semi-transparent X-ray / blueprint: thin light steel-blue outlines (#9FB4C8, about 40% opacity), inner parts faintly visible through the body. Only one part is solid and highlighted: ignition lock (electric scooter controls). Render it in brand green #6CAD2F with a soft green glow and a thin white edge, at its real position and real scale on the scooter. If the part is small (a bulb, a seal, a bolt, a sensor), keep it at its real place and add a soft glowing green ring around it so it is easy to spot. Everything else stays dim. No text, no labels, no arrows, no numbers, no watermark. Square 1:1.
ev-alarm;Электротранспорт;Управление и приборы;Сигнализация с брелоком;alarm with remote;electric scooter controls;electric;электро (AIMA, U-5, U-2);2450;2450;ev-alarm.webp;ev-alarm-where.webp;Studio product photo, one image of a consistent e-commerce series. A single scooter spare part: alarm with remote. Isolated on a pure white seamless background #FFFFFF, centered, three-quarter view from the front-left and slightly above, the part fills about 70% of the frame, soft even studio light, subtle contact shadow under the part, realistic materials (black ABS plastic, painted plastic, aluminium, steel, rubber — whatever the real part is made of). New part, clean, no brand names, no logos, no packaging, no hands, no text, no watermark. Square 1:1.;Technical X-ray illustration, one image of a consistent series. Solid deep navy background #0E1726. A generic electric city scooter (hub motor in the rear wheel, battery pack under the seat), strict side view, nose pointing right, centered, the whole scooter visible and filling about 80% of the width, no brand, no logos. The scooter is drawn as a semi-transparent X-ray / blueprint: thin light steel-blue outlines (#9FB4C8, about 40% opacity), inner parts faintly visible through the body. Only one part is solid and highlighted: alarm with remote (electric scooter controls). Render it in brand green #6CAD2F with a soft green glow and a thin white edge, at its real position and real scale on the scooter. If the part is small (a bulb, a seal, a bolt, a sensor), keep it at its real place and add a soft glowing green ring around it so it is easy to spot. Everything else stays dim. No text, no labels, no arrows, no numbers, no watermark. Square 1:1.
ev-mode-switch;Электротранспорт;Управление и приборы;Кнопки режимов и реверса;mode and reverse switch;electric scooter controls;electric;электро (AIMA, U-5, U-2);850;850;ev-mode-switch.webp;ev-mode-switch-where.webp;Studio product photo, one image of a consistent e-commerce series. A single scooter spare part: mode and reverse switch. Isolated on a pure white seamless background #FFFFFF, centered, three-quarter view from the front-left and slightly above, the part fills about 70% of the frame, soft even studio light, subtle contact shadow under the part, realistic materials (black ABS plastic, painted plastic, aluminium, steel, rubber — whatever the real part is made of). New part, clean, no brand names, no logos, no packaging, no hands, no text, no watermark. Square 1:1.;Technical X-ray illustration, one image of a consistent series. Solid deep navy background #0E1726. A generic electric city scooter (hub motor in the rear wheel, battery pack under the seat), strict side view, nose pointing right, centered, the whole scooter visible and filling about 80% of the width, no brand, no logos. The scooter is drawn as a semi-transparent X-ray / blueprint: thin light steel-blue outlines (#9FB4C8, about 40% opacity), inner parts faintly visible through the body. Only one part is solid and highlighted: mode and reverse switch (electric scooter controls). Render it in brand green #6CAD2F with a soft green glow and a thin white edge, at its real position and real scale on the scooter. If the part is small (a bulb, a seal, a bolt, a sensor), keep it at its real place and add a soft glowing green ring around it so it is easy to spot. Everything else stays dim. No text, no labels, no arrows, no numbers, no watermark. Square 1:1.
